participant_id,trial,n_frames,duration_sec,right_knee_rom_deg,left_knee_rom_deg,right_hip_rom_deg,left_hip_rom_deg,step_duration_sec,stride_duration_sec,cadence_steps_min,knee_rom_asymmetry_pct,step_time_asymmetry_pct,trunk_lean_deg,biomechanical_prediction,biomechanical_score
51,json_l_comf_01,123,1.23,103.11196583197248,111.99609375518008,98.70755756160872,90.51708123837504,0.37,0.74,162.16216216216216,8.26015346915267,13.836477987421384,4.9834627400447005,1,0.020684689116954813
51,json_l_comf_02,125,1.25,101.71693611884598,104.94183388515162,105.72056400295668,107.6682405824509,0.5700000000000001,1.14,105.26315789473684,3.1209880579887925,77.19298245614036,4.013474247946019,-1,-0.038922056424279705
51,json_l_comf_03,122,1.22,105.95752695045756,111.60081751826904,107.1061042262223,122.274314694601,0.46,0.92,130.43478260869566,5.187841065432159,2.197802197802212,5.621187119247733,-1,-0.002977476521124789
51,json_l_comf_04,124,1.24,105.87028286269732,105.746522787164,117.0617680316552,121.3921456045477,0.38,0.76,157.89473684210526,0.1169662070583086,26.08695652173914,3.33090247344127,-1,-0.015507878543219222
51,json_l_comf_05,123,1.23,105.19133133771746,107.74214413063864,127.44760008275256,121.18313574578094,0.415,0.8300000000000001,144.57831325301203,2.395877667718106,55.42168674698795,5.890938440169377,-1,-0.042089946053788574
51,json_l_comf_06,127,1.27,101.22189575902648,105.16559927621688,104.63961906890738,143.1450614580044,0.32,0.64,187.5,3.8216496755454834,28.57142857142857,3.311844759271387,-1,-0.058493620903284804
51,json_l_comf_07,123,1.23,105.6813981444116,112.31904045715984,112.94009502560364,126.20089768273402,0.5650000000000001,1.13,106.19469026548671,6.089567851631294,37.16814159292036,5.728731412509287,-1,-0.025065309726059914
51,json_l_comf_08,124,1.24,101.13080661647606,107.36457517747894,115.4515911918219,96.32457739151772,0.35,0.7,171.42857142857144,5.979766561125445,45.45454545454547,3.256401550527324,-1,-0.029927180995661606
51,json_l_comf_09,123,1.23,105.91148692574912,110.51167355929852,119.91464948592582,114.8767114086783,0.575,1.15,104.34782608695652,4.251103831253063,39.99999999999999,4.030812046557231,-1,-0.0266388154669982
51,json_l_comf_10,122,1.22,106.80983306377918,109.09586480888198,135.4314715137004,127.66774188401862,0.595,1.19,100.8403361344538,2.117620579380059,45.3781512605042,4.785918348133559,-1,-0.053080116070219674
51,json_l_fast_01,115,1.15,95.60555068804857,66.43800507145892,104.50260970038626,115.38779284024656,0.54,1.08,111.1111111111111,35.999636616068656,88.8888888888889,5.900107457866627,-1,-0.021515187644538636
51,json_l_fast_02,114,1.14,133.37066802233045,134.7831593920123,104.54669884973508,115.708903750824,0.7,1.4,85.71428571428572,1.0534933499190977,34.285714285714285,6.107590211278321,-1,-0.09682189753680126
51,json_l_fast_03,114,1.14,107.38530043696952,130.23789199799427,99.33732628338517,111.57547416951898,0.615,1.23,97.5609756097561,19.234310697411733,4.878048780487809,6.133964735038474,-1,-0.014711045014148771
51,json_l_fast_04,115,1.15,93.7247424722483,114.24911209593766,72.04562896237432,111.1697309128546,0.48,0.96,125.0,19.73745177373753,58.33333333333333,8.656925793020198,-1,-0.008519513436983872
51,json_l_fast_05,117,1.17,91.78318753150606,113.54621525871416,71.4662183807058,115.73942276639934,0.485,0.97,123.71134020618555,21.19816006034249,55.67010309278351,7.531741112992097,-1,-0.007395014573886249
51,json_l_fast_06,114,1.14,96.31007374225857,116.61276427736448,72.43581300164152,109.07355291055968,0.48,0.96,125.0,19.070467709278628,45.83333333333333,18.962313680015708,-1,-0.03913761829812168
51,json_l_fast_07,114,1.14,58.57791287703843,90.70558266797872,55.93247442767138,101.01819439681286,0.5800000000000001,1.16,103.44827586206895,43.04249397918479,65.51724137931035,24.608442179776667,-1,-0.08375935183194672
51,json_l_fast_08,115,1.15,91.18749552107371,114.14939157432386,77.95176464060363,110.57860628958692,0.515,1.03,116.50485436893204,22.365096089707688,17.47572815533982,22.12483676333412,-1,-0.0302286600704591
51,json_l_fast_09,114,1.14,94.04026423210864,117.56569912353032,70.9898013104447,107.91289549058617,0.565,1.13,106.19469026548674,22.23513413171942,15.929203539823003,23.54369635415715,-1,-0.051153440922712456
51,json_l_fast_10,116,1.16,92.7013832386958,115.14176482721354,67.49436060365997,97.77580157668106,0.495,0.99,121.21212121212122,21.593573612926253,46.464646464646464,17.330022111605732,-1,-0.018245506790387722
51,json_l_slow_01,125,1.25,104.61470595314528,109.97125745005349,88.0041487911938,118.24520927914706,0.53,1.06,113.20754716981132,4.992452825857432,30.18867924528301,4.913021271369422,1,0.02362566699785351
51,json_l_slow_02,126,1.26,97.34664402564928,96.0145811374399,77.59766175910943,98.35651817154115,0.5249999999999999,1.0499999999999998,114.2857142857143,1.3777973190704178,20.952380952380956,23.965948835636112,-1,-0.01947277243550416
51,json_l_slow_03,128,1.28,104.38989686134856,110.19837702870504,81.8843920729913,114.7127391060838,0.575,1.15,104.34782608695652,5.413604445443779,12.173913043478253,22.75875870895483,-1,-0.05003940903351156
51,json_l_slow_04,128,1.28,107.74799433082872,107.30708680468015,83.76062588198354,123.88740657254266,0.6000000000000001,1.2000000000000002,100.0,0.4100414868791018,20.0,4.866410472633925,1,0.01075705170100727
51,json_l_slow_05,130,1.3,112.86153524701987,110.9398487031103,115.23869185982196,116.77199728527272,0.575,1.15,104.34782608695652,1.7173142632020522,19.13043478260869,3.3393555817763305,-1,-0.00532393653975205
51,json_l_slow_06,130,1.3,111.00068167062663,106.3829773805416,111.23454006400226,122.7497237280804,0.32,0.64,187.5,4.248437357472306,48.78048780487805,11.00492917908624,-1,-0.08732710814088407
51,json_l_slow_07,127,1.27,101.95457836612889,79.81185411298992,91.75345495533372,127.50114675727488,0.46,0.92,130.43478260869566,24.36393117379656,24.489795918367346,4.992466390486632,1,0.05054097121601692
51,json_l_slow_08,128,1.28,88.41211913872876,63.56438064776502,90.9006373480568,106.2364582022299,0.495,0.99,121.21212121212122,32.69944830400939,38.38383838383837,4.024485575331692,1,0.07417359320408295
51,json_l_slow_09,128,1.28,93.71943308722012,58.13732010011218,91.05595550564595,105.599469234733,0.46,0.92,130.43478260869566,46.86273378071429,50.98039215686274,4.013692414033889,1,0.038970132912494515
51,json_l_slow_10,128,1.28,108.40605621634596,99.9958959729088,104.2449614219354,118.20728716049956,0.43,0.86,139.53488372093022,8.071095452886814,9.944751381215466,3.9762138950190615,1,0.020043354557884807
51,json_r_comf_01,120,1.2,104.00161529431853,103.45756871614256,90.41076898558389,98.96795864593632,0.405,0.81,148.14814814814815,0.5244854121748904,9.411764705882348,5.589764958208465,1,0.03561260916683978
51,json_r_comf_02,120,1.2,100.46334234614756,106.74550831647822,83.13606467919122,86.3438786345469,0.35,0.7,171.42857142857144,6.063607756368661,33.96226415094339,2.5508954824860184,1,0.015128667303722365
51,json_r_comf_03,120,1.2,57.887734378949645,58.47615145784211,99.41776711349644,75.79589421390881,0.52,1.04,115.3846153846154,1.0113396861252244,35.294117647058826,1.7633399616782306,1,0.08858950149987688
51,json_r_comf_04,121,1.21,101.63487629580294,114.09997089170724,85.50148586315858,75.29256504470368,0.35,0.7,171.42857142857144,11.555939857106184,16.666666666666682,4.261187080871273,1,0.013816591753456231
51,json_r_comf_05,120,1.2,90.2678261784455,101.47470614607477,88.3610797903877,80.570313102744,0.35,0.7,171.42857142857144,11.689508667447711,0.0,5.434897374295906,1,0.020531180076932942
51,json_r_comf_06,119,1.19,102.75452299493048,111.76905691774492,99.59381399884596,97.01695111110656,0.38,0.76,157.89473684210526,8.40423595996667,1.3071895424836613,4.376116280143694,1,0.010330813481587486
51,json_r_comf_07,122,1.22,101.21298926780555,106.1073116384429,94.4654639371565,82.76578154091663,0.32,0.64,187.5,4.721508071561761,59.34065934065934,4.3676050114751455,-1,-0.03900416094540826
51,json_r_comf_08,120,1.2,101.86967444067808,107.9755342475426,98.80010533692548,101.26885292497684,0.41,0.82,146.34146341463415,5.819394061969152,50.23696682464455,5.120368523217812,1,0.0004222267779399047
51,json_r_comf_09,120,1.2,103.63288874003214,111.76240869362564,88.20887718741507,100.25003384783886,0.38,0.76,157.89473684210526,7.548465589038587,0.0,4.275076119183519,1,0.011488605821529885
51,json_r_comf_10,120,1.2,103.35675653800936,109.85855244235252,95.2762945367268,86.63626624716184,0.3299999999999999,0.6599999999999999,181.81818181818184,6.098807759570398,2.985074626865675,5.015189166567353,-1,-0.0062948800176063635
51,json_r_fast_01,116,1.16,105.96591812766056,69.45227143222155,85.2497695222083,90.27074545238138,0.5,1.0,120.0,41.63039966043478,20.5607476635514,4.0750791590276485,1,0.07862555029027846
51,json_r_fast_02,62,0.62,89.9636244177659,50.01200294179938,40.06561327584224,78.08908869780983,,,,57.08368268047117,,25.87073924406091,-1,-0.0250877349811387
51,json_r_fast_03,116,1.16,104.84275927152822,100.69421630916196,75.84642866523535,84.2540215413541,0.605,1.21,99.17355371900828,4.036785060834584,18.18181818181818,3.2652954966253382,1,0.04586546976696371
51,json_r_fast_04,108,1.08,102.03406613776863,98.3611238100004,86.19217829519957,85.53408021312609,0.56,1.12,107.14285714285714,3.6656990906074833,7.142857142857128,4.30719566552617,1,0.055088552334649044
51,json_r_fast_05,92,0.92,104.28617117582212,92.00019710765017,81.37177270940913,88.67756379815084,0.5,1.0,120.0,12.518418039533795,12.00000000000001,4.1862924951758895,1,0.0730744232796145
51,json_r_fast_06,116,1.16,104.16181679082636,91.1610626849882,83.02784383369588,89.81626882447279,0.33,0.66,181.8181818181818,13.312064762436544,3.0769230769230798,4.312231684508324,1,0.00958262539743071
51,json_r_fast_07,116,1.16,105.88832811912376,97.31105193979704,88.08733378119263,98.6980230203105,0.48,0.96,125.0,8.442226720218962,27.48815165876778,4.934310334738468,1,0.058074792491628335
51,json_r_fast_08,119,1.19,99.29217458604144,69.13505868405068,92.5015908754793,89.73598805662819,,,,35.81026098508715,,6.53538061038655,1,0.08217475799705481
51,json_r_fast_09,116,1.16,56.323759301489005,59.36592956840005,66.50516610506625,68.91034067617979,0.5800000000000001,1.16,103.44827586206895,5.259189987678909,10.344827586206886,2.515044445528195,1,0.11028487504074885
51,json_r_fast_10,114,1.14,72.48878530458855,72.56644524217289,85.92783436484964,78.39064301543993,0.355,0.71,169.01408450704227,0.1070763698649363,23.602484472049685,2.5057379731883294,1,0.06995383886854095
51,json_r_fast_11,116,1.16,56.96637278380682,57.55843472734476,89.9996468959813,81.78325120129603,0.365,0.73,164.38356164383563,1.0339453196291843,18.867924528301906,3.370176773105236,1,0.08557603205858821
51,json_r_fast_12,117,1.17,105.57340812672165,102.23430927639882,86.09752697594088,79.46928155036922,0.385,0.77,155.84415584415584,3.2136427771307465,17.751479289940818,3.286598341315302,1,0.034902545431055976
51,json_r_fast_13,114,1.14,105.75013196970106,101.89442464150356,96.59563681289032,65.75600414023984,0.52,1.04,115.3846153846154,3.71375719269826,15.544041450777216,4.324740820396881,1,0.03851129242348361
51,json_r_slow_01,130,1.3,102.7743617538231,106.59914113211974,101.34535542075292,84.63138220399753,0.37,0.74,162.16216216216216,3.653546724468,0.0,1.713494726403629,-1,-0.0019528552233921692
51,json_r_slow_02,129,1.29,100.92925412635292,103.65067903803804,97.68067383976056,96.81414393790126,0.35,0.7,171.42857142857144,2.6605003429132106,47.51381215469615,2.5087402249395696,-1,-0.005208738791365075
51,json_r_slow_03,127,1.27,98.82451988173273,107.64420441931564,84.00954810617178,98.46812298792518,0.46,0.92,130.43478260869566,8.543361293522686,35.999999999999986,1.7352428400180364,1,0.03443922442287595
51,json_r_slow_04,128,1.28,98.16362692065424,101.35250856200332,91.8442696385108,90.43703143930344,0.5800000000000001,1.16,103.44827586206895,3.19661528490888,10.344827586206886,3.351842990211216,1,0.05035154355056576
51,json_r_slow_05,129,1.29,100.95969074688222,113.28862658919373,94.53204773102226,76.0702426090177,0.34,0.68,176.47058823529412,11.50901532913511,5.88235294117646,1.6910471597426988,-1,-0.008074354783209614
51,json_r_slow_06,127,1.27,102.76877036854044,112.19601738971764,93.27442831047476,100.43408411914169,0.37,0.74,162.16216216216216,8.770968603266097,44.06779661016951,2.454164615421451,1,0.0002445356459216952
51,json_r_slow_07,127,1.27,96.19578664543089,99.06774127039589,85.59800711878971,98.7321465473584,0.615,1.23,97.5609756097561,2.941619108923432,30.89430894308942,3.199953350783615,1,0.034271471502777984
51,json_r_slow_08,127,1.27,99.61583168812676,98.16690119386374,94.00796058305072,93.74316128866911,0.43,0.86,139.53488372093022,1.4651739038589846,57.81990521327014,2.536146249458182,1,0.020203026712145633
51,json_r_slow_09,126,1.26,93.8753692049244,95.5155332231981,71.15050291885336,79.0516646597647,0.59,1.18,101.69491525423727,1.732040976885025,0.0,3.712371342013253,1,0.0423284463011569
51,json_r_slow_10,127,1.27,96.83315311059464,99.98000933803996,81.56864438975292,86.81043508257875,0.36,0.72,166.66666666666669,3.1978107442550847,69.19431279620854,4.274194027508451,-1,-0.008377834508537796
51,json_r_slow_11,130,1.3,107.50547121252052,115.69196932471422,99.04560639932562,99.17565656894271,0.585,1.17,102.56410256410255,7.335655904018293,15.38461538461538,2.40505922520079,1,0.016086407103269085
50,json_l_comf_01,112,1.12,57.19010306561479,27.74009546734038,39.50732287342504,31.212289709068852,0.625,1.25,96.0,69.35108620250551,11.20000000000001,1.725159862377171,1,0.01248491964584475
50,json_l_comf_02,110,1.1,45.08137293314872,47.450319320341634,52.13440044171277,18.44841340903937,0.61,1.22,98.36065573770492,5.120291933499276,9.8360655737705,0.0324636004613952,1,0.036981071622605055
50,json_l_comf_03,110,1.1,44.14094935946622,55.48174340353136,41.66878602111972,21.51982249130189,0.6,1.2,100.0,22.767491481172645,33.33333333333333,0.0334715046433605,1,0.01278984871274641
50,json_l_comf_04,111,1.11,35.768872348272964,58.35240226723349,47.54481114797008,30.92097109667296,0.37,0.74,162.16216216216216,47.98815148055781,,3.473418826535096,1,0.03189643604357362
50,json_l_comf_05,111,1.11,47.75375504291105,60.57183389387541,47.39618565300256,48.89376451961019,0.54,1.08,111.1111111111111,23.6658373645111,74.07407407407406,1.8592045708196852,1,0.028312508888919452
50,json_l_comf_06,112,1.12,45.961889948409976,62.54484310409042,47.9710005444794,42.21942989548499,0.39,0.78,153.84615384615384,30.565758804399483,,2.594590227219676,1,0.06791882079029349
50,json_l_comf_07,112,1.12,59.00934669342735,57.6236638504289,45.83438699579631,46.708849530613634,0.37,0.74,162.16216216216216,2.376141774163337,7.792207792207799,2.183069220814493,1,0.07403775005457658
50,json_l_comf_08,111,1.11,55.79407986730851,59.38160240925208,51.573277735215086,41.35609434862374,0.35,0.7,171.42857142857144,6.229652772239176,9.655172413793112,1.713056737815881,1,0.06573606125241216
50,json_l_comf_09,111,1.11,52.90800143907555,57.66138946857872,47.93135911285989,47.71381218855024,0.42,0.84,142.85714285714286,8.598017933323195,24.39024390243903,1.693793224331267,1,0.08955956513333363
50,json_l_comf_10,113,1.13,41.64378334987444,63.90906693304706,42.597421539330384,44.47065016920708,0.54,1.08,111.1111111111111,42.18793433525149,,2.444931823572069,1,0.05871505711835001
50,json_l_fast_01,104,1.04,57.4737114541862,59.79011247518838,46.97011113961729,52.763087563867046,0.5449999999999999,1.09,110.09174311926608,3.950751294614605,16.513761467889903,1.874804844863028,1,0.10456797093632852
50,json_l_fast_02,106,1.06,57.3946352226925,59.90474603016652,55.04277531487243,47.6723353295924,0.66,1.32,90.9090909090909,4.279836399244162,,2.2255380601455856,1,0.07885836533853896
50,json_l_fast_03,105,1.05,56.82465631233249,54.09199379422783,50.047352871114,43.3825948030199,0.545,1.09,110.09174311926604,4.927416245404681,34.86238532110092,3.409242449731408,1,0.09031138776112618
50,json_l_fast_04,106,1.06,56.90515176037616,57.43912965975783,52.06334442936716,47.5796722608591,0.525,1.05,114.28571428571428,0.933982692881122,36.19047619047619,3.442135743098901,1,0.09855703005305855
50,json_l_fast_05,106,1.06,49.03201847851443,57.27868223900387,51.3029529818762,35.49589299546244,0.36,0.72,166.66666666666669,15.51426846936495,25.64102564102565,4.422627720927059,1,0.05738028006614676
50,json_l_fast_06,107,1.07,56.41236158926296,61.86973976238748,46.18645826378261,53.97583006952175,0.75,1.5,80.0,9.22773287041941,,1.715480031774833,1,0.015213640986205701
50,json_l_fast_07,107,1.07,51.75417712990519,63.40939096548682,51.30526044751375,47.51780002043144,0.52,1.04,115.3846153846154,20.241147488461657,80.76923076923076,1.7378644274370132,1,0.0267813702193353
50,json_l_fast_08,106,1.06,54.861736710411634,59.6237264519466,51.65873357651285,38.16363215673253,0.35,0.7,171.42857142857144,8.318942178330042,24.20382165605096,3.248040203182352,1,0.06069799674915888
50,json_l_fast_09,106,1.06,58.14532784715021,60.29278451108709,46.28027894520977,61.339458208230056,,,,3.626293295593079,,1.7755236081228891,1,0.11852263669963053
50,json_l_fast_10,106,1.06,54.13052806045907,59.09906708744225,54.32057580068822,38.67629011672618,0.35,0.7,171.42857142857144,8.77604308395387,2.8169014084507067,2.64545965198716,1,0.05152590982121524
50,json_l_fast_11,109,1.09,56.61983528396058,60.0739036757717,51.13350985126276,40.31281992360636,0.38,0.76,157.89473684210526,5.919886401108497,5.405405405405411,1.7804203841205537,1,0.07524756785175107
50,json_l_slow_01,115,1.15,48.50359787898262,62.15650878811235,47.08478510625483,44.30667685966161,0.52,1.04,115.3846153846154,24.675398064096488,,0.9067764893208864,1,0.08217673149426519
50,json_l_slow_02,114,1.14,57.33762888118842,60.43469759419216,44.67962516485196,46.08829531390212,0.42,0.84,142.85714285714286,5.259416716457843,13.017751479289942,1.3066172388725836,1,0.08536908337921634
50,json_l_slow_03,116,1.16,47.73169868217525,59.73690936595104,42.07113722178048,52.656963422058126,0.36,0.72,166.66666666666669,22.3417999019763,,1.7383109119018845,1,0.06813702947474065
50,json_l_slow_04,115,1.15,52.19648910169791,59.2541712974402,44.73215030164708,49.710545184151584,0.42,0.84,142.85714285714286,12.665124047657716,9.999999999999996,0.931006006789326,1,0.08315917365707581
50,json_l_slow_05,116,1.16,41.34002889317821,59.752540592694174,42.18064528430857,47.9142170000637,0.4399999999999999,0.8799999999999999,136.36363636363637,36.427032754547,,0.9167322443540674,1,0.06126191087106192
50,json_l_slow_06,116,1.16,56.5212134198314,59.45708002451613,45.69747742987603,51.03933956471816,0.37,0.74,162.16216216216216,5.062786349919032,6.535947712418307,0.9101125035197776,1,0.0734183572747647
50,json_l_slow_07,116,1.16,52.380532272485056,60.11958077587806,49.43848362316746,53.3530873013583,0.5,1.0,120.0,13.758294625119245,23.83419689119172,1.716453867115225,1,0.1138178183272846
50,json_l_slow_08,115,1.15,51.38784567339836,58.35504181182327,41.05354035678825,52.75908177184122,0.41,0.82,146.34146341463415,12.697307858540055,22.485207100591712,1.6311472721310272,1,0.08362356471183197
50,json_l_slow_09,117,1.17,55.99839859388889,54.94812218446539,45.18374078742538,49.85758464780133,0.42,0.84,142.85714285714286,1.8933021099809249,9.523809523809518,0.8968593013594635,1,0.08301026818526713
50,json_l_slow_10,117,1.17,53.83609604718781,57.90814303608286,51.69053057587263,55.043442800183286,0.44,0.88,136.36363636363637,7.288155563636001,9.523809523809518,1.672699949814466,1,0.10779329151005124
50,json_l_slow_11,118,1.18,50.25522576804384,59.77612871216769,41.906550957350845,47.42869650664044,0.4,0.8,150.0,17.305799767894566,2.531645569620255,0.9557022699449388,1,0.0658847581726903
50,json_r_comf_01,109,1.09,60.68808638069696,56.3773198026434,83.85100731899831,78.37789250811056,0.5900000000000001,1.1800000000000002,101.69491525423727,7.364714681470138,23.72881355932203,2.5289450907071918,1,0.10463118581260361
50,json_r_comf_02,110,1.1,63.02836682125782,56.92571185090527,66.79310934456102,63.31887117080836,0.435,0.87,137.93103448275863,10.174985357573751,27.2189349112426,5.330662025330343,1,0.10419614630654
50,json_r_comf_03,111,1.11,64.31368647916017,50.17137742757089,99.08881539345758,54.03627141525676,0.47,0.94,127.65957446808513,24.70594603172125,16.216216216216218,2.6619076969301045,1,0.09032115466376012
50,json_r_comf_04,110,1.1,58.33978611135207,53.32508361673605,83.17426082506005,78.48300882957506,0.51,1.02,117.6470588235294,8.981701240196982,26.34146341463414,2.693785694366728,1,0.12194960487436057
50,json_r_comf_05,111,1.11,62.59999485856784,55.44944843943412,89.10588985403697,76.37713098501152,0.415,0.8300000000000001,144.57831325301203,12.114494095635848,39.52095808383233,4.520355905670989,1,0.09365518393937172
50,json_r_comf_06,109,1.09,61.93678265082316,56.920317459877054,88.76154346141071,78.28331946875906,0.44,0.88,136.36363636363637,8.441170424440626,,3.329709069651517,1,0.11312097056368076
50,json_r_comf_07,111,1.11,58.67459768328311,55.807622064358185,99.91137401989688,80.90647206144358,0.55,1.1,109.09090909090908,5.008595439963933,10.909090909090898,3.4293878820552828,1,0.10497694746882685
50,json_r_comf_08,111,1.11,61.54609877945872,60.48236590141397,89.13232701557024,90.20828330480563,0.4549999999999999,0.91,131.86813186813188,1.7434176211699577,2.2222222222222245,0.9577988586729024,1,0.0984217271472782
50,json_r_comf_09,110,1.1,61.41818697212573,56.65459505841696,88.47166540952588,83.02044220819495,0.53,1.06,113.20754716981132,8.068907722486856,11.320754716981142,2.7299610392710103,1,0.11898468878472584
50,json_r_comf_10,110,1.1,57.31454715279058,55.15361222432448,96.9633443270382,56.98467552830213,0.56,1.12,107.14285714285714,3.842749699886723,,3.542542350611055,1,0.09998363930221338
50,json_r_comf_11,111,1.11,63.15684542509239,54.61689452656404,98.5216628832202,73.54193229435889,0.435,0.87,137.93103448275863,14.502300601193122,34.482758620689665,2.637210434882112,1,0.08762554974460285
50,json_r_comf_12,112,1.12,59.14000061269751,54.884436769577775,77.54889071283786,59.768470305142536,0.32,0.64,187.5,7.464301409096439,,4.252906437643695,1,0.04777382803613178
50,json_r_comf_13,110,1.1,63.06769730727768,48.23722311840248,93.3863515939851,77.66807495304859,0.445,0.89,134.8314606741573,26.64837121693593,20.22471910112359,3.04622676098833,1,0.09920174610141075
50,json_r_comf_14,112,1.12,58.160024995288495,52.91768388722184,75.69708925446668,58.33075443135765,0.425,0.8500000000000001,141.17647058823528,9.439051562742636,39.99999999999999,4.123577286726675,1,0.09781429067288022
50,json_r_fast_01,108,1.08,61.43929594279324,48.63355112945216,48.84160564319679,58.56720769327357,0.45,0.9,133.33333333333334,23.2677634020607,,4.76006027147455,1,0.09933291658350818
50,json_r_fast_02,105,1.05,56.35275399059137,54.38821164252983,78.24126994892866,56.62075173904715,0.41,0.82,146.34146341463415,3.5479956975812623,,2.6893935332840715,1,0.10946789370256366
50,json_r_fast_03,105,1.05,56.22432450908882,71.08106519746457,127.37185710375182,115.23971502828256,0.53,1.06,113.20754716981132,23.340316890936723,,1.7379513001550992,1,0.04548455093830639
50,json_r_fast_04,106,1.06,66.00495869747996,56.02540229594325,101.26836086621935,67.4286904929401,0.52,1.04,115.3846153846154,16.35585819839467,,1.7153225706859376,1,0.09797579339699602
50,json_r_fast_05,107,1.07,65.34648249251325,56.44060682475795,101.98981367363348,94.03257603718286,0.48,0.96,125.0,14.625319839206163,33.333333333333336,1.7539357653002978,1,0.09096997248985433
50,json_r_fast_06,109,1.09,62.86072137938065,58.29089081335161,89.71859520011502,57.79486152102568,0.495,0.99,121.21212121212122,7.5439863875012945,2.020202020202022,1.704555911592375,1,0.10277670240397885
50,json_r_fast_07,109,1.09,62.77130348624776,68.5374499341768,130.1053675224253,95.18771599468135,0.45,0.9,133.33333333333334,8.78257739522816,22.22222222222221,1.7328584797248632,1,0.06718382653793448
50,json_r_fast_08,108,1.08,60.28206051677356,61.199389403761415,83.44705362269886,68.90202710471338,0.53,1.06,113.20754716981132,1.5102369745963942,3.773584905660381,1.7065706370392726,1,0.1100684507871173
50,json_r_fast_09,108,1.08,62.77341306446438,57.87809625055056,101.42022003442904,75.52772031687878,0.53,1.06,113.20754716981132,8.114804102669616,7.547169811320761,1.7022983724675655,1,0.09461968118762681
50,json_r_fast_10,109,1.09,58.72954319982382,56.868570212820245,92.34319975854972,85.15264557716088,0.615,1.23,97.5609756097561,3.219728993950909,14.634146341463428,1.633789490953465,1,0.10036669764144462
50,json_r_slow_01,113,1.13,56.15944716239413,56.05423026360965,80.59654587284625,71.43262971418321,0.57,1.14,105.26315789473684,0.1875295439878244,,3.558937859695349,1,0.11840956199387132
50,json_r_slow_02,112,1.12,58.942588991491405,50.2492212662041,69.68248912011772,57.80552463576487,0.32,0.64,187.5,15.923113106689463,57.4712643678161,1.864957455494536,1,0.005711489555442872
50,json_r_slow_03,115,1.15,58.34889140629967,55.41077383520505,90.2071712335827,61.708740172275455,0.53,1.06,113.20754716981132,5.165482097467817,19.607843137254907,0.9112063261010352,1,0.10920105140642211
50,json_r_slow_04,115,1.15,57.55144396791498,57.33399506434986,92.94523586997916,112.58297612698424,0.585,1.17,102.56410256410255,0.3785491101340429,5.128205128205133,2.676407363297034,1,0.08303968981425963
50,json_r_slow_05,115,1.15,56.87180328636934,58.519676215859874,63.40427414594366,52.91123351163442,0.5900000000000001,1.1800000000000002,101.69491525423727,2.85614316862745,16.949152542372875,3.400026618669088,1,0.10610819169996227
50,json_r_slow_06,114,1.14,62.94770913241625,53.1834757857704,103.18691897140803,118.9891211630169,0.58,1.16,103.44827586206895,16.815867940251646,29.59641255605382,2.627386710671203,1,0.06334969416416025
50,json_r_slow_07,114,1.14,58.42624641440699,54.88306818582787,83.39924317523632,62.22004290566765,0.55,1.1,109.09090909090908,6.2539928708946215,,2.5566419153020776,1,0.11983887063092058
50,json_r_slow_08,116,1.16,58.4045585832815,58.1287399613783,82.80736236555296,101.07902421898294,0.57,1.14,105.26315789473684,0.473373062202465,,2.673944748613935,1,0.10882429458097825
50,json_r_slow_09,115,1.15,59.77754880034404,56.47141638813355,96.79346783828392,100.57940893079908,0.52,1.04,115.3846153846154,5.688020373945121,38.46153846153845,3.7004281486081623,1,0.08930701184960804
50,json_r_slow_10,115,1.15,56.00927715901635,56.73127312386809,75.64248123115176,67.19759255737677,0.555,1.11,108.1081081081081,1.2808097229260234,1.8018018018018032,1.8673879140130727,1,0.10389642501229857
50,json_r_slow_11,116,1.16,60.44274837860124,52.56056633018359,72.79386225057436,75.45661015798996,0.575,1.15,104.34782608695652,13.950355471838014,5.217391304347812,2.645616689432556,1,0.10854177190762415
49,json_l_comf_01,117,1.17,61.93537626543339,59.12402540468911,65.46502793979525,64.28459082445981,0.49,0.98,122.44897959183672,4.644580795806339,4.081632653061228,1.627634074995819,1,0.11276483323743086
49,json_l_comf_02,118,1.18,56.08895095786774,56.63812724633358,48.98394531457464,49.48182986304957,0.36,0.72,166.66666666666669,0.9743467092636424,35.582822085889575,1.629017915782645,1,0.06453026310788912
49,json_l_comf_03,117,1.17,57.79948886504903,59.16000284770973,71.0461241979609,74.95968579997567,0.515,1.03,116.50485436893204,2.326470409091717,71.84466019417475,1.618917682508519,1,0.060036217632530864
49,json_l_comf_04,117,1.17,49.597435328337696,56.945241398411454,75.3279874101695,51.46689243165983,0.34,0.68,176.47058823529412,13.793169640216073,8.450704225352105,3.1704131122561776,1,0.06786396808501999
49,json_l_comf_05,114,1.14,47.30441160524097,59.928200400104274,103.70656772735973,69.70665162249533,0.39,0.78,153.84615384615384,23.54468208651681,35.83815028901734,2.059892183493303,1,0.04795326444002457
49,json_l_comf_06,114,1.14,43.11934658509495,58.4751386334807,81.63791356751597,63.06808081298139,0.36,0.72,166.66666666666669,30.229577944803804,,2.1177338557440404,1,0.0751808673413229
49,json_l_comf_07,116,1.16,36.913278944702654,52.14353899718395,38.555671659307095,27.6733468845776,0.415,0.83,144.57831325301206,34.203467863448026,,1.6040263201912568,1,0.033445810251875485
49,json_l_comf_08,116,1.16,57.409429367289135,59.67368830102626,61.65298676317913,66.45629288991313,0.46,0.92,130.43478260869566,3.867780391963153,43.8095238095238,0.8506517314226983,1,0.10148059166547191
49,json_l_comf_09,117,1.17,58.50979214864127,57.9849559622795,60.77475064367425,62.29356929258623,0.475,0.95,126.31578947368422,0.9010469482487627,2.105263157894739,1.58514839365966,1,0.10530560089664898
49,json_l_comf_10,116,1.16,57.07241190374968,57.74217899588402,70.36763237264093,75.30095234980276,0.6,1.2,100.0,1.1666933390370555,,0.865662454874751,1,0.09837860656422426
48,json_l_comf_01,116,1.16,65.0776188061686,66.69406326615682,49.408749289654,84.93571772039985,0.62,1.24,96.7741935483871,2.453401875982731,25.806451612903214,3.9094595140701593,1,0.08088992659349575
48,json_l_comf_02,117,1.17,59.93939675557614,71.39643581514872,45.87619099265355,91.11086242208052,0.57,1.14,105.26315789473684,17.446935593000365,,3.90425761568471,1,0.08604680598880432
48,json_l_comf_03,115,1.15,62.06304644535909,63.980023343081086,48.20276594180811,91.08753714435768,0.38,0.76,157.89473684210526,3.04178071978029,,3.985980068422613,1,0.08156264526505441
48,json_l_comf_04,115,1.15,61.31127411421275,68.02479790312918,47.6548389348372,90.58798827167112,0.37,0.74,162.16216216216216,10.381517985200995,,4.022231844353525,1,0.07989960673144786
48,json_l_comf_05,114,1.14,62.87234605293736,64.91000050735407,45.09570611079072,93.67152047183714,0.32,0.64,187.5,3.189258155398305,32.679738562091494,3.3042249409770403,1,0.0185963974522258
48,json_l_comf_06,116,1.16,65.62431189214091,64.00577055141011,49.77988790803097,93.48838487616216,0.65,1.3,92.3076923076923,2.49716934560404,,2.592992127654536,1,0.06933366745580621
48,json_l_comf_07,115,1.15,65.03239151603735,60.485159556676834,53.274294229648746,90.94020709329872,0.36,0.72,166.66666666666669,7.245571508523517,53.76344086021506,3.1223540271093464,1,0.05739708929214021
48,json_l_comf_08,116,1.16,59.07766852429506,56.41962533650833,45.049127810685945,73.61768050971202,0.39,0.78,153.84615384615384,4.602780028751476,47.826086956521735,3.320652695028151,1,0.07591329301270422
48,json_l_comf_09,114,1.14,60.04359652171246,61.723531567931474,52.53758622121379,53.66868357904791,0.63,1.26,95.23809523809524,2.759258713866128,29.59641255605382,2.3568267759713963,1,0.0816420575398491
48,json_l_comf_10,116,1.16,64.90993436029684,61.95845491513819,50.65359849957863,42.56486937687416,0.51,1.02,117.6470588235294,4.65282086738077,13.61256544502619,1.7586684576686422,1,0.09773430109046938
48,json_l_fast_01,113,1.13,60.14672362098717,63.091240535316274,46.93148167958327,62.79816117214334,0.435,0.8700000000000001,137.9310344827586,4.7785874011916505,48.27586206896552,4.084484057982012,1,0.07815292606042878
48,json_l_fast_02,117,1.17,60.96937481171504,64.6706722663659,52.637768138162414,87.30103280240411,0.665,1.33,90.22556390977444,5.891907143827521,1.503759398496242,1.7313994727475333,1,0.06210981547275923
48,json_l_fast_03,112,1.12,64.15303463005286,62.796423129861296,55.76067869391735,69.98478826479894,0.33,0.66,181.8181818181818,2.137246624175702,21.62162162162161,4.044328357780165,1,0.050617208787818946
48,json_l_fast_04,113,1.13,74.86811254042482,78.92527073992461,82.47200309888542,112.45472343300314,0.375,0.75,160.0,5.276115412720996,,5.10666837394157,1,0.06469839635900781
48,json_l_fast_05,112,1.12,75.7958197515202,76.7806640258064,79.4647874321437,106.72292857552767,0.33,0.66,181.8181818181818,1.2909515934624711,,4.218936621898606,1,0.04256400986656084
48,json_l_fast_06,116,1.16,73.13801201939275,79.43418021234496,88.12432831637562,110.31101321646892,0.37,0.74,162.16216216216216,8.253362687991181,,3.423972062190212,1,0.06985458234193515
48,json_l_fast_07,116,1.16,82.5470561476305,88.01928113004222,92.75723469934384,110.5696477423967,0.515,1.03,116.50485436893204,6.416535724166056,29.126213592233004,4.838781902699498,1,0.07728365800828874
48,json_l_fast_08,114,1.14,78.93934457123969,87.34155128765892,85.22553977595852,97.25593145551596,0.37,0.74,162.16216216216216,10.106039750410188,16.216216216216218,9.035731640821368,1,0.052957289880765424
48,json_l_fast_09,114,1.14,86.32449196647032,88.98616171655264,98.42477205786574,110.19736880151478,0.515,1.03,116.50485436893204,3.036517968719525,40.77669902912622,4.867447741495623,1,0.05675732575484688
48,json_l_fast_10,116,1.16,79.22107846849413,86.5575801037916,85.92068571085905,111.06004484544528,0.47,0.94,127.65957446808513,8.850960308740193,42.553191489361694,4.8776049405708015,1,0.06606514788519446
48,json_l_slow_01,122,1.22,59.45349190141769,59.678163114637925,43.36241262694672,44.07477652103155,0.52,1.04,115.3846153846154,0.3771813850650424,30.769230769230766,4.069367246074789,1,0.08816190373248489
48,json_l_slow_02,124,1.24,57.791850028853744,61.78035270177693,47.44423381778198,39.48511573076742,0.34,0.68,176.47058823529412,6.671287442798708,17.4496644295302,4.310402576956356,1,0.04728542864980989
48,json_l_slow_03,124,1.24,59.16960171741668,60.09055372485362,45.69310307583689,45.09407935277436,0.515,1.03,116.50485436893204,1.5444420712376796,71.84466019417475,4.201651148415815,1,0.04047145360469534
48,json_l_slow_04,126,1.26,57.41918487535607,56.65736951265805,45.01611489034256,35.0977058584332,0.71,1.42,84.50704225352113,1.335621270794727,36.22047244094488,3.953226173767713,1,0.0206854404723833
48,json_l_slow_05,122,1.22,58.90653214315441,57.886077986401645,44.66185736501777,41.30991114655357,0.3,0.6,200.0,1.7474635691775195,18.181818181818183,4.276066141114568,-1,-0.018752922676826045
48,json_l_slow_06,124,1.24,59.63529855487244,59.63804657541178,46.340511868789086,37.42768595734748,0.72,1.44,83.33333333333334,0.0046079374001649,38.75968992248062,4.015343801433184,1,0.006473063087024666
48,json_l_slow_07,124,1.24,59.66333683937778,58.257390085304536,43.11835464120482,37.18104470453128,0.43,0.86,139.53488372093022,2.3845625629008205,31.016042780748663,4.933554263257804,1,0.08057240354671996
48,json_l_slow_08,124,1.24,58.70110797626994,59.1898423863101,47.78952589050504,46.18011224160331,0.53,1.06,113.20754716981132,0.8291296465708978,,2.458498679609746,1,0.10226231010591103
48,json_l_slow_09,126,1.26,58.260823798366815,62.99724330135885,43.344239177188406,41.524532984916746,0.505,1.01,118.81188118811882,7.812130963784349,,5.165399749669808,1,0.09037962384946968
48,json_l_slow_10,125,1.25,58.13104777337057,56.44988353212513,46.29073724084815,40.87161241766958,0.615,1.23,97.5609756097561,2.9344572820116466,34.14634146341463,3.463947499593293,1,0.07436693616956791
48,json_r_comf_01,114,1.14,66.66455255291193,58.94014093775069,66.48500377849652,54.04752681560379,0.62,1.24,96.7741935483871,12.299558878722111,0.0,4.049716934620621,1,0.07893167890252811
48,json_r_comf_02,114,1.14,61.288403955764124,58.65556303866308,86.26414224399316,58.01309777973189,0.4549999999999999,0.91,131.86813186813188,4.390118124446185,19.780219780219788,4.069304604060475,1,0.11806991125782706
48,json_r_comf_03,115,1.15,62.90022560340388,59.00951163094929,71.25197954457137,43.81592190369528,0.515,1.03,116.50485436893204,6.382942102443019,33.009708737864074,5.293603744835582,1,0.0983176312744834
48,json_r_comf_04,117,1.17,63.28905668243885,58.983727671269534,91.48593333080623,65.64221474700562,0.5900000000000001,1.1800000000000002,101.69491525423727,7.042170559746061,16.949152542372875,3.263624506149302,1,0.10319763471487015
48,json_r_comf_05,119,1.19,62.45601493237433,52.0471859307045,82.95323370444882,54.77492508873631,0.55,1.1,109.09090909090908,18.180852453402675,7.272727272727258,3.598700932704399,1,0.10510091204455929
48,json_r_comf_06,115,1.15,61.43548093157179,59.79747634209626,92.53846921576442,60.16667841957563,0.585,1.17,102.56410256410255,2.7022430637865917,11.96581196581196,3.384109968580906,1,0.0997591461183297
48,json_r_comf_07,117,1.17,58.797390518240505,56.23090946509356,87.31214343205889,67.22806042997343,0.5800000000000001,1.16,103.44827586206895,4.462347185029754,10.344827586206886,3.564751022711949,1,0.11238389559771278
48,json_r_comf_08,119,1.19,66.65630324278857,70.07227678228739,88.11236734174895,84.49280222728481,0.605,1.21,99.17355371900828,4.99672202969172,8.264462809917363,3.773372853561869,1,0.09861025060926365
48,json_r_comf_09,121,1.21,67.71754679054179,63.94826633691504,70.83449676364931,78.24588636766174,0.52,1.04,115.3846153846154,5.725526412809924,0.0,3.7581202781401406,1,0.10642101066006215
48,json_r_comf_10,116,1.16,63.47129884433096,60.60893651954697,91.59930328242086,70.55711631839483,0.5700000000000001,1.14,105.26315789473684,4.613728071017626,10.526315789473673,4.20626746615451,1,0.10585196088640875
48,json_r_comf_11,119,1.19,63.01559834565381,66.49903910256789,85.75952189477522,84.16906935096102,0.48,0.96,125.0,5.37922326857721,20.83333333333334,3.760724265361571,1,0.12187024128927765
48,json_r_fast_01,110,1.1,60.970839619761946,56.48778311735603,67.66796338797788,46.96921196186719,0.395,0.79,151.89873417721518,7.633422558409123,12.65822784810126,4.59262375639134,1,0.09009108094289542
48,json_r_fast_02,113,1.13,58.721273030766525,69.84925949516233,57.95514308763221,84.97742958634362,0.47,0.94,127.65957446808513,17.31032180667311,,3.430722465822907,1,0.1164938307558902
48,json_r_fast_03,113,1.13,56.584410925931465,57.84489085461317,57.44211391633486,63.68514675458627,0.41,0.82,146.34146341463415,2.2030719563404904,,4.00833791755317,1,0.10752191168308778
48,json_r_fast_04,111,1.11,61.16710328116861,57.59316111265197,84.75861429519738,78.13368778074351,0.455,0.91,131.86813186813183,6.018750777895034,2.1978021978022,2.5753659045905506,1,0.11060749409391762
48,json_r_fast_05,113,1.13,61.00208087503948,55.80782138749919,95.55823328035686,67.53966090369165,0.475,0.95,126.31578947368422,8.89352595444489,14.73684210526316,4.071255206987353,1,0.112140129389808
48,json_r_fast_06,112,1.12,55.38585885367054,63.954172116567406,85.19131894824022,85.7366300942671,0.525,1.05,114.28571428571428,14.35949562478948,1.9047619047619064,2.4976957563058093,1,0.10524908906078473
48,json_r_fast_07,111,1.11,58.11151226965978,62.48924788414962,59.80004321711724,53.05356764249999,0.56,1.12,107.14285714285714,7.259880632438215,21.7821782178218,3.266319369266799,1,0.10811896238392782
48,json_r_fast_08,112,1.12,61.67919125877691,65.37259867823121,61.99266999144966,79.93456726940138,0.485,0.97,123.71134020618555,5.814018710457338,2.061855670103095,3.3715914884968914,1,0.10776800592117347
48,json_r_fast_09,115,1.15,61.8746618770318,68.90180075977004,69.992890965624,102.62337542533058,0.41,0.8200000000000001,146.34146341463415,10.74679455469647,39.02439024390243,3.3571137660487858,1,0.07985824195576452
48,json_r_fast_10,114,1.14,62.36986842701237,65.2442386354158,73.37523736443377,89.39231999483978,0.435,0.87,137.93103448275863,4.504784423241401,6.896551724137938,1.6567045559455162,1,0.10527754660685218
48,json_r_fast_11,114,1.14,59.97139073939498,68.30219160316302,77.04386221659746,68.96202466389101,0.55,1.1,109.09090909090908,12.98911391048614,0.0,2.548874357525972,1,0.10119421723175753
48,json_r_slow_01,122,1.22,60.236108657440624,58.47879789120016,65.69351394040169,50.09502185207938,0.585,1.17,102.56410256410255,2.9605562053328938,11.96581196581196,4.632276893450905,1,0.10296112695681747
48,json_r_slow_02,122,1.22,63.67017761236781,56.30165075353101,82.5267147542061,63.43336433340238,0.525,1.05,114.28571428571428,12.283761878436549,5.714285714285719,4.378731862072314,1,0.11289284055215448
48,json_r_slow_03,124,1.24,55.80704008440394,56.13091893643141,59.55133820075167,55.99272027375858,0.47,0.94,127.65957446808513,0.578675642937517,,4.895399382052694,1,0.11782800138256061
48,json_r_slow_04,128,1.28,58.91547304836686,56.570573332858615,85.02326913197572,78.77396996279445,0.6599999999999999,1.3199999999999998,90.90909090909092,4.060923010157628,18.181818181818183,5.125492664062048,1,0.08897273185267585
48,json_r_slow_05,122,1.22,56.540731401656,58.17107269056588,74.09922729433639,79.97467232155414,0.4549999999999999,0.91,131.86813186813188,2.842499604659991,50.54945054945053,4.084099931145668,1,0.10066620457297787
48,json_r_slow_06,125,1.25,58.83582782966252,56.91658795504358,75.81985385867414,45.7292120643574,0.49,0.98,122.44897959183672,3.316111999232278,,4.967810877868367,1,0.1125200015437553
48,json_r_slow_07,127,1.27,58.55532718784764,56.89188904089853,54.16782009837678,57.45997468270477,0.43,0.86,139.53488372093022,2.8817293327423017,32.55813953488372,4.186821300050874,1,0.10598630894981892
48,json_r_slow_08,128,1.28,56.43536334171459,55.969680507458605,80.61167640586538,47.84643237068509,0.6699999999999999,1.34,89.55223880597016,0.8285799610217609,23.88059701492538,5.979401226329291,1,0.06699737976901987
48,json_r_slow_09,122,1.22,60.14881479280311,62.69316916628662,67.61805407312055,85.05429095982998,0.5,1.0,120.0,4.142483361927572,,5.81742986634665,1,0.12133974097138261
48,json_r_slow_10,129,1.29,55.34235197763809,64.90687045278146,63.53359070267162,101.68361784774804,0.405,0.81,148.14814814814815,15.907825899959963,51.85185185185185,5.040490485977552,1,0.05956885299471998
47,json_l_comf_01,116,1.16,60.49653097063717,52.69179604687584,54.05906507776069,29.32977360291125,0.315,0.63,190.47619047619048,13.790706390693003,24.460431654676263,1.7479745609770243,1,0.004109181405251294
47,json_l_comf_02,117,1.17,65.63388039683014,61.546013036740064,54.879696810765566,68.9916039937333,0.46,0.92,130.43478260869566,6.428480555733892,12.716763005780344,2.533299006796648,1,0.11275939050057071
47,json_l_comf_03,114,1.14,61.38737390186552,64.12784976019407,65.95152181035412,54.75188161882558,0.35,0.7,171.42857142857144,4.366762498399524,10.81081081081082,2.72942411261692,1,0.07377912433350653
47,json_l_comf_04,117,1.17,62.51681175159695,58.92074693385384,57.59918450286166,46.746095475665726,0.38,0.76,157.89473684210526,5.922491948405663,1.3071895424836613,1.7834773337074876,1,0.07666712095473627
47,json_l_comf_05,116,1.16,58.88381516486089,60.12513381940112,58.18326558761657,63.29086083659644,0.36,0.72,166.66666666666669,2.086092962142498,12.987012987012998,3.0536423245256468,1,0.08562817291105868
47,json_l_comf_06,114,1.14,60.5311086668858,64.99566068348398,76.79843080339708,58.24239106369177,0.41,0.82,146.34146341463415,7.113306651168147,34.78260869565218,1.7357241838445163,1,0.0879025099469048
47,json_l_comf_07,116,1.16,60.67174280324053,61.35584385882348,62.94831830314366,56.64110272000016,0.33,0.66,181.8181818181818,1.1212236090146597,46.15384615384615,2.138045273880901,1,0.03613020121125421
47,json_l_comf_08,113,1.13,58.76736181141116,51.84988259571047,57.70280026966819,46.56641060259389,0.525,1.05,114.28571428571428,12.50705394584091,70.47619047619045,1.793297602734171,1,0.051653191180886626
47,json_l_comf_09,114,1.14,61.915596288164906,58.88079579786989,71.80682293379553,61.15796704542952,0.47,0.94,127.65957446808513,5.02465419353508,,2.6454431513275827,1,0.1229783929129668
47,json_l_comf_10,115,1.15,61.97210337335645,61.1801440569531,73.38932199187784,64.21412569161826,0.56,1.12,107.14285714285714,1.2861467540030251,26.484018264840177,4.204199435002032,1,0.1109543590200815
47,json_l_fast_01,109,1.09,60.72599995667626,56.47219797984757,64.44614772218075,58.801283236104766,0.545,1.09,110.09174311926604,7.259159358632145,34.86238532110092,3.9869173222280314,1,0.09818822682652817
47,json_l_fast_02,109,1.09,61.70644696610786,55.77993708617096,59.02316716996464,51.338473247946666,0.48,0.96,125.0,10.088845490894904,14.52513966480447,2.873475016024018,1,0.1152270599269844
47,json_l_fast_03,110,1.1,56.05442354820613,60.86933160304635,56.603081974354296,48.58018342891906,0.4449999999999999,0.8899999999999999,134.8314606741573,8.235979161996047,,3.34562665538931,1,0.11064748801511842
47,json_l_fast_04,109,1.09,59.29489829095122,63.644795316167205,62.10911789181148,52.41233020459521,0.47,0.94,127.65957446808513,7.076472858500948,,3.632531310304349,1,0.1133140312437228
47,json_l_fast_05,108,1.08,63.95307593279772,56.24888432103453,63.980465945014274,54.83807187277056,0.45,0.9,133.33333333333334,12.818745377353476,,3.6269540463629832,1,0.11408004180843706
47,json_l_fast_06,110,1.1,60.16319242326003,60.60416763854518,62.92676725636487,62.09843164647114,0.415,0.8300000000000001,144.57831325301203,0.7302887387113064,21.68674698795181,2.252379900808036,1,0.10123655872184012
47,json_l_fast_07,107,1.07,58.7846199583112,59.70575453936678,67.12332956054058,61.66191144021913,0.425,0.85,141.1764705882353,1.5547838125427376,,4.094534387258691,1,0.10688776503573305
47,json_l_fast_08,109,1.09,58.04310182593551,61.93162801131761,59.04287289684644,58.99137107460128,0.3399999999999999,0.6799999999999999,176.47058823529414,6.482242036563747,17.449664429530216,1.834748994073236,1,0.07086878173754585
47,json_l_fast_09,110,1.1,59.19206996112098,57.01568979803284,59.85572017715149,53.57633083273943,0.42,0.8400000000000001,142.85714285714283,3.745670973433776,9.523809523809518,4.874636833917654,1,0.09783807399677635
47,json_l_fast_10,110,1.1,58.1526886246055,55.92023723981353,65.05061715756942,60.20627123299396,0.53,1.06,113.20754716981132,3.914077539214421,,2.539485349649251,1,0.1218614856106503
47,json_l_slow_01,117,1.17,60.0081454208605,56.634242456735066,69.04470559631179,69.6874344431244,0.5,1.0,120.0,5.7850375416971165,39.99999999999999,4.208473322735187,1,0.11273654564692898
47,json_l_slow_02,118,1.18,59.20977500475489,61.52903180599144,60.852984985773766,63.11356223026108,0.365,0.73,164.38356164383563,3.8417752543668895,40.0,2.161916763530405,1,0.07253569326994475
47,json_l_slow_03,121,1.21,60.212549934747,64.53505618242075,62.634883759776216,70.24225104544746,0.405,0.81,148.14814814814815,6.930002718631538,,2.922292393848357,1,0.10391058727594488
47,json_l_slow_04,117,1.17,62.74855550281434,65.67138963111906,112.88470223086551,117.1951960216069,0.44,0.88,136.36363636363637,4.551994046184016,4.651162790697665,3.507802396344057,1,0.06047974422196667
47,json_l_slow_05,116,1.16,61.69892162313067,61.15095106937727,60.704730893981534,61.65031403756652,0.44,0.88,136.36363636363637,0.8920978780742682,40.90909090909092,3.6820885361908777,1,0.09534603569612865
47,json_l_slow_06,116,1.16,62.18075701833959,56.90544219130163,77.06526484885035,106.8622196065604,0.44,0.88,136.36363636363637,8.859657730365905,13.756613756613756,3.510332787518624,1,0.09937519526827315
47,json_l_slow_07,115,1.15,64.56662771332037,64.44891861098179,69.16643197822755,62.30883321394343,0.46,0.92,130.43478260869566,0.1824727417619863,21.714285714285708,3.464394846611471,1,0.1129918771076786
47,json_l_slow_08,117,1.17,60.90810806633319,58.43841931116306,57.85530935560307,53.01828621982243,0.425,0.8500000000000001,141.17647058823528,4.138685572908936,39.99999999999999,3.587979075186882,1,0.09303826868389875
47,json_l_slow_09,118,1.18,60.4184121490502,62.97645191620062,81.97871612021208,75.76743887551608,0.39,0.78,153.84615384615384,4.146104113049203,,3.055754169378542,1,0.10275911205443439
47,json_l_slow_10,117,1.17,58.27002629803481,62.928764773183445,63.62208618443375,65.02923646816464,0.355,0.71,169.01408450704227,7.687763935551292,39.99999999999999,2.4446728612450754,1,0.06413454878976343
47,json_r_comf_01,115,1.15,58.97692396232537,56.09211446201383,79.28479772654693,64.82934805609298,0.395,0.79,151.89873417721518,5.01404989528679,43.0379746835443,6.419876146318571,1,0.08274128214785542
47,json_r_comf_02,116,1.16,53.85356066201611,54.66512064720918,83.31232078009855,57.3613524520871,0.575,1.15,104.34782608695652,1.495705578803563,8.695652173913032,3.72357890146884,1,0.10849399559562056
47,json_r_comf_03,115,1.15,52.74671516303477,73.983859376403,79.51140598511117,85.77334720121797,0.58,1.16,103.44827586206895,33.51542323633887,3.448275862068969,4.25341561101714,1,0.08010632084319314
47,json_r_comf_04,118,1.18,60.60533516038008,50.96026165256352,105.45576263579066,64.7080881890015,0.605,1.21,99.17355371900828,17.290408124626396,1.6528925619834725,3.403666789676479,1,0.062253491968463914
47,json_r_comf_05,116,1.16,56.62553076705295,56.85024486409682,88.32429228892804,80.94408581456038,0.5800000000000001,1.16,103.44827586206895,0.3960565077330686,13.793103448275854,3.1207210443226416,1,0.11264729612934049
47,json_r_comf_06,118,1.18,49.62691121037072,55.46391019399773,98.48705150585783,68.92992251479737,0.615,1.23,97.5609756097561,11.108484843157534,14.634146341463428,2.5008319204821468,1,0.08090878494446258
47,json_r_comf_07,114,1.14,56.52893960082898,56.22711569011304,88.57211001704806,53.23215983828595,0.6,1.2,100.0,0.5353573427824326,0.0,3.6061956253490313,1,0.08159124938754153
47,json_r_comf_08,117,1.17,49.96834751138401,55.1564864862962,97.12530903429392,90.38739147018885,0.62,1.24,96.7741935483871,9.87043456359071,9.677419354838715,1.805298377824676,1,0.08204275573396924
47,json_r_comf_09,121,1.21,52.60436915452647,55.70614585801784,113.8891022468573,86.35984720235338,0.4499999999999999,0.8999999999999999,133.33333333333334,5.727563391480737,13.333333333333334,3.617718455522316,1,0.0821085391940643
47,json_r_comf_10,118,1.18,51.25219379692285,53.43200565640116,109.73039510193762,79.36982540306747,0.34,0.68,176.47058823529412,4.164547985009387,44.31137724550898,2.71751787010259,1,0.0184633318491893
47,json_r_fast_01,110,1.1,60.02120618013382,52.78278728522029,81.56741522815885,55.513146228335,0.58,1.16,103.44827586206895,12.833621705310785,3.448275862068969,4.0959178653011445,1,0.09870687546026424
47,json_r_fast_02,110,1.1,57.395747441350224,50.33504482614234,104.80911787710404,59.87281573667667,0.53,1.06,113.20754716981132,13.108049178133507,0.0,3.4694448843344925,1,0.06887734707067084
47,json_r_fast_03,110,1.1,59.79348511168402,54.94408439605584,104.56205749736736,60.54637734081391,0.415,0.8300000000000001,144.57831325301203,8.453030226165026,7.2289156626505955,3.724894717136259,1,0.07372224197138633
47,json_r_fast_04,112,1.12,53.91182751041231,53.40943016542643,99.06689221364137,97.13784941458847,0.42,0.84,142.85714285714286,0.9362494548905848,,3.435792513083901,1,0.08685607999750666
47,json_r_fast_05,110,1.1,58.41794568660284,52.4800579057148,101.18558127319574,69.83806709788689,0.32,0.64,187.5,10.708737016974352,,2.754056812085196,1,0.02566820364309519
47,json_r_fast_06,110,1.1,58.936803440723125,55.42289252513419,90.490883233002,75.32235679614465,0.435,0.87,137.93103448275863,6.145365962914126,29.88505747126437,3.887046668805111,1,0.10556082767337649
47,json_r_fast_07,112,1.12,55.02374074242728,54.111942887905,83.5666237737208,75.9229440723374,,,,1.6709435891028024,,4.975688771916516,1,0.12590009961998883
47,json_r_fast_08,109,1.09,55.9735184534652,54.79668840780312,85.90516170176446,56.0278527291218,0.545,1.09,110.09174311926604,2.1248133031582777,5.504587155963307,3.3823802507321505,1,0.10888469651785898
47,json_r_fast_09,108,1.08,56.430948333269214,59.21071316582663,104.5977608077792,72.83053820799402,0.52,1.04,115.3846153846154,4.807549107341652,7.692307692307699,2.8452019183444115,1,0.09400588798550663
47,json_r_fast_10,109,1.09,55.35371701671782,59.14623066367264,100.58601211617508,98.19335057801572,0.385,0.77,155.84415584415584,6.624481012936448,33.76623376623377,3.565271772897055,1,0.06770868416185838
47,json_r_slow_01,115,1.15,53.530802050293744,59.6567984014072,84.93653605202927,64.80818570281033,0.535,1.07,112.14953271028035,10.8245007874825,31.77570093457944,4.26734708106666,1,0.10954820529053866
47,json_r_slow_02,112,1.12,58.51372054451285,59.872091140939645,92.51264299580696,86.96015533027898,0.53,1.06,113.20754716981132,2.2948199232454383,30.18867924528301,0.956138554034847,1,0.10287362636140046
47,json_r_slow_03,115,1.15,55.46578533361679,54.92147263884725,88.02386602953776,44.84117885164366,0.435,0.8700000000000001,137.9310344827586,0.986187545133738,48.27586206896552,2.608833580367013,1,0.08280788658527966
47,json_r_slow_04,116,1.16,53.49986847919652,55.37431650548706,101.35081179647293,64.48086210587498,0.48,0.96,125.0,3.443328694592266,16.66666666666667,4.1473238261201,1,0.09869736742945917
47,json_r_slow_05,115,1.15,58.530330821444224,53.69732062221669,82.8729954033244,65.1993887397723,0.36,0.72,166.66666666666669,8.61286881986252,27.160493827160504,2.612502087379473,1,0.08720234413831074
47,json_r_slow_06,114,1.14,58.14158126355626,49.41582399846823,50.32799609281649,42.66293614604105,0.31,0.62,193.5483870967742,16.225302653649745,55.621301775147934,2.6016409363340847,-1,-0.020172980178899347
47,json_r_slow_07,114,1.14,58.46772778864275,52.62226617560546,76.2375516676537,58.93799588757684,0.61,1.22,98.36065573770492,10.52383100303078,13.114754098360669,2.7644990547686854,1,0.1094770044071926
47,json_r_slow_08,113,1.13,59.564174406162806,56.14235091761611,101.5329296192,47.78286822829293,0.33,0.66,181.8181818181818,5.914659486958895,52.87356321839081,1.885036730707944,1,0.012582200104249708
47,json_r_slow_09,115,1.15,60.72044364035334,47.2341040422063,87.85585732763968,54.1246548113469,,,,24.985218108279465,,1.7657871216800245,1,0.10926640307929181
47,json_r_slow_10,129,1.29,57.76978313415914,50.206404894499016,80.18100110893049,53.90672800495259,0.39,0.78,153.84615384615384,14.009344796748548,,3.563890283833662,1,0.10358110792577208
47,json_r_slow_11,116,1.16,52.93412746636507,52.99343568513902,102.4252004145656,60.15286261511813,0.44,0.88,136.36363636363637,0.1119788221487234,22.72727272727272,3.4882189891268776,1,0.08372757184720814
46,json_l_comf_01,115,1.15,39.112239268403385,11.916517189895984,31.00306887344648,16.85802163890098,0.38,0.76,157.89473684210526,106.58978962472546,0.0,0.0736819419913088,-1,-0.09340849895664605
46,json_l_comf_02,111,1.11,59.36158738992194,39.33533783366414,49.97642005338068,55.53947883772236,0.39,0.78,153.84615384615384,40.58130384688423,62.7450980392157,3.530664771832763,1,0.023361491584854732
46,json_l_comf_03,111,1.11,52.95636212776033,19.829003358100323,45.92488107106519,28.618970204314905,0.44,0.88,136.36363636363637,91.02752606523728,66.66666666666666,1.7626897446059333,-1,-0.05464165051460568
46,json_l_comf_04,113,1.13,46.05299013618546,19.66378251001169,28.13242791052342,29.381038942784272,0.58,1.16,103.44827586206895,80.31194035728669,3.448275862068969,1.7365794742777123,-1,-0.01699308429990143
46,json_l_comf_05,112,1.12,60.50682659944843,35.713923598325835,75.98671134041976,61.54986593402288,0.55,1.1,109.09090909090908,51.53338120969274,54.54545454545453,1.8680019953522624,1,0.030007667951191697
46,json_l_comf_06,111,1.11,55.41344325761671,21.89470951578636,53.62892743479365,37.10215170958568,0.5,1.0,120.0,86.71461557250417,18.57923497267759,1.8094429865986523,1,0.029110543463371663
46,json_l_comf_07,110,1.1,42.60675016987719,15.13305478540451,29.20141132925437,32.857108406520055,0.53,1.06,113.20754716981132,95.16379698805872,0.0,2.6285781816629363,-1,-0.0344776446235473
46,json_l_comf_08,111,1.11,59.37367682894367,36.13177481311087,33.17744722599099,27.159500166316235,0.315,0.63,190.47619047619048,48.67136193008389,6.153846153846143,1.715900531065988,-1,-0.05043313268314065
46,json_l_comf_09,109,1.09,53.17332828069739,13.423546088523524,27.672451886155255,23.07230326392433,0.54,1.08,111.1111111111111,119.37431769484073,0.0,1.775872996417044,-1,-0.07010464954673223
46,json_l_comf_10,111,1.11,50.69259457649128,13.495889676593606,32.622193023791226,25.472757703006167,0.645,1.29,93.02325581395348,115.89837439761637,29.457364341085263,1.7481543392466603,-1,-0.10468532180550838
46,json_l_fast_01,105,1.05,58.712278086524194,23.067932730274578,53.127206457236085,30.60295440812777,0.56,1.12,107.14285714285714,87.17107720863879,3.5714285714285547,5.327343945164026,-1,-0.0001786270465511386
46,json_l_fast_02,103,1.03,57.8035500744156,61.68127609465712,49.01009020412401,61.38512445632058,0.48,0.96,125.0,6.490742204795925,,2.670835238117149,1,0.1162364679559631
46,json_l_fast_03,105,1.05,62.89868479704204,62.79506186369326,89.34108829666962,75.26310775226443,0.485,0.97,123.71134020618555,0.1648816048557554,6.185567010309284,4.593026174853925,1,0.11073333873933278
46,json_l_fast_04,103,1.03,61.17507707718983,60.969175924404965,76.18486322234986,75.95114797440678,0.43,0.86,139.53488372093022,0.3371442335189896,,3.5274320507644537,1,0.11168985543245996
46,json_l_fast_05,105,1.05,62.133635506088,59.757817831431424,73.31123679933232,61.87653398542759,0.51,1.02,117.6470588235294,3.89825145176979,25.53191489361702,3.6196264502014697,1,0.12157195892119788
46,json_l_fast_06,105,1.05,42.97140511603004,47.30944972069088,21.589497015159992,33.48556970501387,,,,9.610109723720464,,7.129137754412851,1,0.043639228077144765
46,json_l_fast_07,105,1.05,57.65033602836759,55.77449881874405,26.11860807183913,33.78143072193372,0.5549999999999999,1.11,108.10810810810813,3.307630488776169,16.21621621621621,1.804792835545301,1,0.07163960995952351
46,json_l_fast_08,105,1.05,57.46769761358982,45.20737413329297,34.021334514899834,37.57555592010664,0.48,0.96,125.0,23.881791893014324,37.49999999999999,2.7746952643633964,1,0.059489519301336
46,json_l_fast_09,106,1.06,60.51284685572311,58.62630080658174,47.25964330693192,41.857396707323176,0.585,1.17,102.56410256410255,3.166962473978263,15.38461538461538,4.487204673594293,1,0.09011029800614745
46,json_l_fast_10,104,1.04,62.5274574416038,62.24885096034542,70.64206453910126,75.05287872681589,0.41,0.82,146.34146341463415,0.4465695208114147,57.26872246696034,4.395677887767136,1,0.07306677666417638
46,json_l_slow_01,122,1.22,59.20387169712541,35.76024493305519,54.830389841947614,26.437118339683536,0.51,1.02,117.6470588235294,49.37365311440087,63.291139240506325,3.529788767885739,1,0.007390502932365206
46,json_l_slow_02,120,1.2,58.83306705007867,59.31945390079463,72.65964659090197,53.90855297217942,0.31,0.62,193.5483870967742,0.823320309717631,24.817518248175187,1.7547315844854985,1,0.015215673765602789
46,json_l_slow_03,125,1.25,61.54120437620081,62.05269397513909,58.393412379481966,44.41273556509775,0.47,0.94,127.65957446808513,0.8276939327284161,14.857142857142843,4.19542687749881,1,0.1026531247472599
46,json_l_slow_04,119,1.19,60.08242601233502,59.73581482286308,86.79156738321652,52.70611381606604,0.39,0.78,153.84615384615384,0.5785616397901945,,2.833427132279204,1,0.09924906476944145
46,json_l_slow_05,123,1.23,62.60019618511886,39.30961940304656,56.99362872529031,31.76390468911653,0.635,1.27,94.48818897637796,45.708211024919166,33.070866141732274,1.7615346901633662,1,0.0277341421964602
46,json_l_slow_06,119,1.19,64.63102369181372,60.11613231323472,60.14721448835522,50.31890748528389,0.43,0.86,139.53488372093022,7.238467830715585,9.638554216867464,3.376614055946189,1,0.10007748314941978
46,json_l_slow_07,118,1.18,53.2176021753306,53.82838641748384,50.95796681232734,43.20760189443823,0.44,0.88,136.36363636363637,1.1411623175840209,62.18487394957983,2.7404396754900784,1,0.06195454617413254
46,json_l_slow_08,117,1.17,39.40629545565972,41.66478277170504,30.633160620162016,20.38026239869616,0.35,0.7,171.42857142857144,5.571622742481272,13.698630136986315,3.544855130477132,-1,-0.004966690867157286
46,json_l_slow_09,116,1.16,59.68349462560545,63.54652778295845,49.81912227598825,51.79492446763763,0.4,0.8,150.0,6.269629887017758,5.128205128205133,3.41565619657466,1,0.0883595882031647
46,json_l_slow_10,115,1.15,62.08291229980608,85.6680102212605,48.55362963410985,79.30428237566844,0.355,0.71,169.01408450704227,31.925483129341025,0.0,3.56039448212077,1,0.03543537946228981
46,json_l_slow_11,119,1.19,52.09999519529654,44.80928245627621,35.545504874107635,34.87626235088693,0.3399999999999999,0.6799999999999999,176.47058823529414,15.046470091817907,11.764705882352937,0.9328404893630532,1,0.021564922566887135
46,json_r_comf_01,121,1.21,61.320370539707326,39.13303647367764,60.56554547557767,65.11474713853737,0.635,1.27,94.48818897637796,44.17437840226431,11.023622047244103,4.48421438558658,1,0.06837192238795636
46,json_r_comf_02,114,1.14,58.445077880728334,46.153850583501765,60.67688469114758,67.48448129980706,0.355,0.71,169.01408450704227,23.50163137938803,2.8169014084507067,3.6626336757775366,1,0.06536122501588337
46,json_r_comf_03,115,1.15,57.3474461414347,33.51215265081021,61.56154832529815,68.81527114969481,0.6,1.2,100.0,52.46620898057255,0.0,1.7315273559346165,1,0.048764576739370624
46,json_r_comf_04,114,1.14,62.20667262314841,48.592568117595135,73.5819627190424,81.5713283086674,0.505,1.01,118.81188118811882,24.574364254730924,53.46534653465347,2.2661870960171457,1,0.08797489206507081
46,json_r_comf_05,113,1.13,56.34044543373453,55.98250527484238,75.27144873771314,76.80365961800072,,,,0.6373410894819315,,2.644346063500401,1,0.13059024520149864
46,json_r_comf_06,112,1.12,59.79341062060578,56.13827387658991,76.7328704509998,71.7804658630686,0.645,1.29,93.02325581395348,6.305673483256068,7.751937984496131,3.591610622683153,1,0.09615969882131092
46,json_r_comf_07,112,1.12,60.92519662264832,56.95142172256142,88.15198263623691,84.41302255689061,0.425,0.8500000000000001,141.17647058823528,6.742261452478086,58.82352941176471,2.75414016735539,1,0.07429351597205291
46,json_r_comf_08,112,1.12,59.2352111161983,58.92048548498093,77.4402839438676,78.04395232918617,0.575,1.15,104.34782608695652,0.5327303554050222,12.173913043478253,3.5084679280893623,1,0.1152430326623538
46,json_r_comf_09,111,1.11,57.8210166115644,58.24422265156316,71.81028786318723,79.97475296953114,,,,0.7292554475148657,,3.5040070608127496,1,0.13146071566662731
46,json_r_comf_10,111,1.11,60.32091489228157,52.52069093702383,62.99306221584661,72.59151656876759,0.52,1.04,115.3846153846154,13.825084990472526,15.384615384615396,2.602431592262767,1,0.11856766772714811
46,json_r_fast_01,106,1.06,62.93379569173135,75.24698509126675,101.24302049183794,96.47832869314324,0.59,1.18,101.69491525423727,17.821855296754016,44.06779661016949,4.456016078257846,1,0.052389426900637914
46,json_r_fast_02,105,1.05,59.994519909207725,55.959606995633536,67.41416046383382,84.82182341766281,0.49,0.98,122.44897959183672,6.959498590137243,0.0,5.301961389925815,1,0.10555409833363627
46,json_r_fast_03,106,1.06,89.54264316063635,106.89796242558856,96.25235953120853,86.46846102134288,0.37,0.74,162.16216216216216,17.669787988241907,66.66666666666669,4.460926340286658,-1,-0.013254921011474408
46,json_r_fast_04,105,1.05,61.512629210708255,56.0996428633532,74.76588595508639,79.27483535660659,0.585,1.17,102.56410256410255,9.204798533177652,46.15384615384615,3.643087629834794,1,0.08811050286539718
46,json_r_fast_05,105,1.05,57.85627844077713,56.76995909602741,73.24309846117885,85.75255491623967,0.41,0.82,146.34146341463415,1.8954113265750807,0.0,3.5823428461293507,1,0.09872558336541654
46,json_r_fast_06,104,1.04,60.99680817758954,63.91636035988459,76.62159747736345,88.08564147309997,0.66,1.32,90.9090909090909,4.674530662344346,0.0,3.5841615524348,1,0.0686839485960658
46,json_r_fast_07,105,1.05,58.15132954451205,36.00891997422772,87.2338252709369,76.78563725703864,0.505,1.01,118.81188118811882,47.03133155117128,5.940594059405946,1.7428855838667403,1,0.08345220333558723
46,json_r_fast_08,105,1.05,59.88752400325341,39.6869026669068,86.08320018453396,84.05188701255,0.49,0.98,122.44897959183672,40.57391443138519,0.0,0.0977308654353635,1,0.06672682048793971
46,json_r_fast_09,105,1.05,59.41305122318175,50.52432957264183,91.60112173846602,84.13044599266206,0.64,1.28,93.75,16.170517409448042,6.250000000000005,5.208392698015907,1,0.08614327149245354
46,json_r_fast_10,104,1.04,57.89273145621733,58.0104307964737,95.80552215714472,89.74135039761242,0.42,0.84,142.85714285714286,0.2030994460699152,0.0,5.478962482247189,1,0.07509187106798931
46,json_r_slow_01,126,1.26,60.32780536633267,54.33871771997136,66.17382218398166,50.73087857007624,0.3349999999999999,0.6699999999999999,179.10447761194033,10.446096184243087,15.172413793103464,1.789900093031974,1,0.05945418449319978
46,json_r_slow_02,128,1.28,58.83944174872886,51.886454917135,93.64401004411552,99.23582214121843,0.56,1.12,107.14285714285714,12.55891718371142,3.5714285714285547,1.7401568954582332,1,0.09185824226397576
46,json_r_slow_03,119,1.19,57.28053551316357,44.81796629494883,91.11411669380678,97.92170554391976,0.45,0.9,133.33333333333334,24.412834659684503,0.0,1.7819490508077789,1,0.07327394929048314
46,json_r_slow_04,123,1.23,61.06339087291023,28.30901191134717,52.8518756813215,39.05238341622652,0.63,1.26,95.23809523809524,73.29864240224416,0.0,3.497794289396923,1,0.007182457455551738
46,json_r_slow_05,120,1.2,58.738682371100666,59.73901988562815,76.2632312049173,91.57172243748856,0.415,0.8300000000000001,144.57831325301203,1.6886511056061169,36.144578313253,2.6396384279476104,1,0.09928536924959508
46,json_r_slow_06,121,1.21,58.74471259870586,59.951028160397485,51.6859851618313,62.3806167586092,0.34,0.68,176.47058823529412,2.032618110770932,17.142857142857142,4.582067670358151,1,0.06724748038269557
46,json_r_slow_07,123,1.23,56.29393063329493,54.58478916631616,73.4137858411607,66.67546779816266,0.4,0.8,150.0,3.082902598564766,0.0,4.455356279198234,1,0.09329988710335468
46,json_r_slow_08,120,1.2,53.47846061121993,59.233470451710346,61.80092381446954,60.71669191902231,0.4,0.8,150.0,10.211891121406182,0.0,5.282504774952127,1,0.08925611711289216
46,json_r_slow_09,118,1.18,62.178819750866,34.757594774793006,47.78328071054153,56.26839294479812,0.34,0.68,176.47058823529412,56.57569471751942,,4.70463192916376,1,0.002833201820475084
46,json_r_slow_10,117,1.17,54.72081310245,60.43687772534375,50.26827729752331,52.79454580100554,0.39,0.78,153.84615384615384,9.927369299965434,,4.3465529232070015,1,0.09591986469139469
46,json_r_slow_11,118,1.18,61.56161338240885,61.952247721385206,56.62562956727015,74.8972396807539,0.43,0.8600000000000001,139.53488372093022,0.6325352239585287,0.0,4.668173701602692,1,0.0926858639964877
45,json_l_comf_01,110,1.1,43.92990057186526,60.65717326694399,24.382446776211594,63.04190311970438,,,,31.987265884996425,,8.840433699985196,1,0.05336415736356914
45,json_l_comf_02,112,1.12,39.30927940500814,41.986287998694735,21.22223687445971,24.699509796668536,0.5,1.0,120.0,6.585866066701837,24.00000000000001,3.657150929541378,1,0.01876406342339082
45,json_l_comf_03,113,1.13,50.22062740377247,53.45086412647272,29.99859427622964,49.4049333001243,0.51,1.02,117.6470588235294,6.231677918433079,66.66666666666667,3.45049695552574,1,0.030754938321870984
45,json_l_comf_04,113,1.13,55.447665182179534,54.80274098424576,30.980463016310523,42.53121580587103,0.47,0.94,127.65957446808513,1.169926207727977,,3.385851417399401,1,0.08411852862173053
45,json_l_comf_05,112,1.12,57.91702910251492,57.44922659918629,41.52129255662582,46.45717194371117,0.36,0.72,166.66666666666669,0.8109867144136312,37.57575757575759,2.5992693901810173,1,0.046716975889878554
45,json_l_comf_06,112,1.12,56.58061016060671,60.71478701935288,31.257359811447717,52.05085099691256,0.53,1.06,113.20754716981132,7.049171507392303,,2.944756592942142,1,0.08664129794960823
45,json_l_comf_07,105,1.05,43.19927484451969,60.095905769454845,54.78794524548076,83.46295925871551,0.47,0.94,127.65957446808513,32.715235743823754,20.689655172413783,3.771398575113495,1,0.1026233116811967
45,json_l_comf_08,113,1.13,33.37622665834056,60.74860557940848,23.471356508109324,43.13828043785768,0.45,0.9,133.33333333333334,58.16186498357476,35.555555555555564,3.6204873988451904,1,0.014858297199806969
45,json_l_comf_09,114,1.14,35.28056859924706,64.70429927740851,25.959000156317146,52.647380881002064,0.415,0.8300000000000001,144.57831325301203,58.85636757446031,55.42168674698795,4.962361865441884,-1,-0.017577163988185318
45,json_l_comf_10,112,1.12,54.007799518613695,63.91706661504712,34.72847812593385,48.446672549144026,0.33,0.66,181.8181818181818,16.806068849299113,42.85714285714285,1.6852196799424577,1,0.004901932812055421
45,json_l_comf_11,113,1.13,58.25849581161545,62.28406533912775,57.501060242270846,44.65345041733501,0.495,0.99,121.21212121212122,6.679084116154079,62.62626262626263,2.365324304439858,1,0.06649340644329554
45,json_l_fast_01,109,1.09,54.58181616932703,60.32081049143581,55.04449435347861,54.00589133671308,0.52,1.04,115.3846153846154,9.98931789271018,76.92307692307692,1.6924742392309606,1,0.0484824133695001
45,json_l_fast_02,108,1.08,55.355934585231935,61.92355350378973,39.48910734150107,63.23717603835054,0.43,0.86,139.53488372093022,11.199944722767906,,1.8977013882133964,1,0.08838704370373512
45,json_l_fast_03,110,1.1,57.02532453154279,61.76762317183072,36.33999117237856,56.75416468576896,0.69,1.38,86.95652173913044,7.984141705329961,,1.8825151024228777,1,0.05071351308192318
45,json_l_fast_04,107,1.07,59.16887272996213,64.33320733237571,57.88272332176882,52.935997690386046,0.31,0.62,193.5483870967742,8.3631540453519,40.52287581699347,1.7044524771976557,-1,-0.008319022792187658
45,json_l_fast_05,108,1.08,59.97005400471112,63.46460870065407,56.108580118091,64.42801175174478,0.595,1.19,100.8403361344538,5.662193454174778,25.21008403361345,1.695656199392268,1,0.09341389795353061
45,json_l_fast_06,107,1.07,54.2437571420069,47.7139427931389,48.81680748145078,43.95714248872044,0.56,1.12,107.14285714285714,12.808869468459068,7.142857142857128,3.511850975927238,1,0.09260981319941791
45,json_l_fast_07,107,1.07,54.85724935403357,62.18657154117773,27.172820812156388,51.0867299241429,0.44,0.88,136.36363636363637,12.524065142586313,40.90909090909092,3.2865523154348684,1,0.06106744828144167
45,json_l_fast_08,111,1.11,56.12913507466655,77.12950291005338,30.182727347936435,72.78556507329178,0.33,0.66,181.8181818181818,31.518208729995912,,5.109527357551692,1,0.012103859276626938
45,json_l_fast_09,109,1.09,44.87267121716579,54.33318241515988,20.01825480442686,30.577035520147632,,,,19.07248584958789,,7.126416440395979,1,0.04207799555323383
45,json_l_fast_10,109,1.09,49.82067060004789,59.345429747411046,30.641708610694774,55.04922684705938,0.42,0.84,142.85714285714286,17.45003094742289,,5.763259378338479,1,0.06994611551353291
45,json_l_slow_01,118,1.18,54.66930136412039,59.87858318950575,35.51966608949384,46.86594873426006,0.38,0.76,157.89473684210526,9.095378488542249,2.6666666666666687,1.7200495436038603,1,0.05329501270351833
45,json_l_slow_02,116,1.16,57.51589106154323,60.08303807401765,58.15211997555858,41.661739760180126,0.345,0.69,173.91304347826087,4.365936035888849,,1.2652525685984646,1,0.056487485774463164
45,json_l_slow_03,119,1.19,59.47876177535736,60.71049616572549,56.35562388924241,46.86546348365948,0.56,1.12,107.14285714285714,2.0496580334524275,34.418604651162774,1.6251999426444963,1,0.08642555028373683
45,json_l_slow_04,116,1.16,50.31174901776569,57.29975277655333,24.48282342733151,68.84586112753223,0.38,0.76,157.89473684210526,12.987466288025637,46.15384615384617,1.887267544823299,1,0.040399419881230636
45,json_l_slow_05,118,1.18,37.446855823897096,60.254651658843926,31.496155090646468,47.48461626895565,0.38,0.76,157.89473684210526,46.68872860324254,,1.7865984777313106,1,0.03456331570609433
45,json_l_slow_06,117,1.17,53.61989116167591,60.07188408384518,40.87753293799925,44.17566013334528,0.4549999999999999,0.91,131.86813186813188,11.349973044639295,68.13186813186813,1.8315866248867936,1,0.0490905993062013
45,json_l_slow_07,117,1.17,53.145721750358206,51.43134891109386,30.22397590683174,40.976792428952805,0.4,0.8,150.0,3.278678257902808,40.437158469945366,1.7760131015262008,1,0.051348619883053725
45,json_l_slow_08,119,1.19,56.21544058011828,56.38230349117312,43.35663146082625,44.451747365523815,0.345,0.69,173.91304347826087,0.2963876628810356,34.83870967741935,1.8208111396518232,1,0.04407581781072456
45,json_l_slow_09,119,1.19,56.76035774243128,62.09837799425023,44.392335268565205,47.76696186140141,0.465,0.93,129.03225806451613,8.982125240915813,40.86021505376345,3.490678437443327,1,0.08270034947289873
45,json_l_slow_10,119,1.19,59.22397598577236,43.58973918789872,32.990566719449035,30.416964543524145,0.38,0.76,157.89473684210526,30.4127455592176,55.67010309278351,1.8397681090160165,1,0.010759374627119012
45,json_r_comf_01,115,1.15,61.34473083086955,57.70825030365111,73.90160968020525,60.02305895076314,0.44,0.88,136.36363636363637,6.109012126474173,18.181818181818173,0.8961836236311744,1,0.1096793786368333
45,json_r_comf_02,114,1.14,59.42945005891565,59.10959568334289,84.84536191817298,51.08915772344839,0.4649999999999999,0.93,129.03225806451613,0.5396607903664496,45.16129032258064,0.9493794002293676,1,0.09624431656237598
45,json_r_comf_03,113,1.13,60.04062727989039,56.654156143718936,60.02892888994276,50.26980197966925,0.535,1.07,112.14953271028035,5.8039803268297785,1.8691588785046744,3.507259807951112,1,0.1003114406003977
45,json_r_comf_04,114,1.14,61.02812637135196,57.089110015524,92.08471624238022,51.25251369212047,0.44,0.88,136.36363636363637,6.669672397221148,31.818181818181824,1.7513899299050468,1,0.09793821246319961
45,json_r_comf_05,114,1.14,59.92988704137761,62.88537281843699,66.23944366661594,62.58703527756728,0.415,0.8300000000000001,144.57831325301203,4.81289667168863,40.96385542168674,2.61860373000297,1,0.0886835002787949
45,json_r_comf_06,102,1.02,57.69263300870786,55.12642531155248,54.74145336928879,48.99821034723797,0.41,0.8200000000000001,146.34146341463415,4.549245021830733,4.878048780487795,1.7247720843429346,1,0.09215731770683733
45,json_r_comf_07,114,1.14,57.97127565756084,61.060157917867926,82.30155823087897,62.282490849512335,,,,5.190027822944266,,0.9335808772452928,1,0.12277697029837392
45,json_r_comf_08,113,1.13,63.17368214083002,62.121113167127234,69.34141841331086,52.19792272735347,0.4649999999999999,0.93,129.03225806451613,1.6801479600421096,19.354838709677427,3.498697508671856,1,0.11710229059449395
45,json_r_comf_09,113,1.13,61.30100930944685,59.50891095264876,79.84199652856084,72.09677888641684,0.5,1.0,120.0,2.966806621360494,20.000000000000007,1.7734892116275756,1,0.12973081801720554
45,json_r_comf_10,115,1.15,62.86579569731798,62.39759700166954,86.10050744718431,51.4759350944169,0.53,1.06,113.20754716981132,0.7475427346496001,0.0,1.9207925249946836,1,0.09049128072023743
45,json_r_comf_11,114,1.14,59.86767305111499,57.71823637178204,74.21920685022248,55.65990945758319,0.525,1.05,114.28571428571428,3.6559426038072536,1.9047619047619064,2.2308721504905327,1,0.10753675523652206
45,json_r_fast_01,107,1.07,64.51842105833981,68.74962738202223,82.45307577931277,91.8293813743572,0.56,1.12,107.14285714285714,6.349918638713908,3.5714285714285547,2.7920181874763728,1,0.10320513716489804
45,json_r_fast_02,109,1.09,59.31972520717794,58.342292535018245,63.71144010985219,76.51536818582431,,,,1.6614242912293091,,3.4559633558194296,1,0.1293286375542117
45,json_r_fast_03,108,1.08,62.66182193139646,61.09742364607322,57.16040287951917,78.49977315734708,0.5449999999999999,1.09,110.09174311926608,2.528131580026428,12.8440366972477,5.2750907522428845,1,0.10833848620729453
45,json_r_fast_04,108,1.08,63.70372683723622,69.86009465009698,57.42974039367471,79.48062628117674,0.38,0.76,157.89473684210526,9.218615856157747,,4.4717319006920455,1,0.09133526897766497
45,json_r_fast_05,110,1.1,59.228052690223095,59.42732727482897,65.25147991853551,61.73505235957621,0.545,1.09,110.09174311926604,0.3358879886686416,1.8348623853211024,1.9254032077947607,1,0.10128987373460735
45,json_r_fast_06,108,1.08,61.229983767000846,53.92096556614501,70.97143220974492,57.66250650976772,0.47,0.94,127.65957446808513,12.694672937015817,17.021276595744688,1.815304805367787,1,0.11807701595389442
45,json_r_fast_07,109,1.09,61.947547752410046,54.981711352784416,85.05112412678614,52.08394440521539,0.44,0.8800000000000001,136.36363636363637,11.914616500492611,54.54545454545456,1.795567242778597,1,0.08533576218076372
45,json_r_fast_08,113,1.13,59.68136642919269,56.76770146550528,89.49814819601876,50.6728703510807,0.52,1.04,115.3846153846154,5.004187695726625,,1.7664767700008914,1,0.11361295532010662
45,json_r_fast_09,109,1.09,59.49143220293857,60.35578046653424,87.93364366338001,55.118878637272985,0.485,0.97,123.71134020618555,1.4424169646389076,55.67010309278351,1.7797971936647576,1,0.08650995512948695
45,json_r_fast_10,110,1.1,60.18339685434775,56.08973386151524,76.61520100231111,54.21160052287253,0.51,1.02,117.6470588235294,7.041459996181239,3.921568627450984,1.7922566859540014,1,0.11081254959279335
45,json_r_slow_01,118,1.18,62.65468334680807,60.701548168222914,77.76983439843052,74.63014469499761,0.3399999999999999,0.6799999999999999,176.47058823529414,3.1666583108080224,1.4598540145985417,2.6791521354447747,1,0.06076913199786188
45,json_r_slow_02,116,1.16,61.45407520057222,59.18028028703751,88.47706818463193,60.068672377478,0.4449999999999999,0.8899999999999999,134.8314606741573,3.7697302801410575,15.730337078651688,1.792912402689447,1,0.11378851938925771
45,json_r_slow_03,116,1.16,62.75407833448506,60.44699865745801,90.3794644528597,65.22473383572107,0.5549999999999999,1.11,108.10810810810813,3.745226475865828,19.81981981981982,1.8125758859544248,1,0.10967821299657238
45,json_r_slow_04,114,1.14,64.31801510767094,59.34941573213577,71.60645134801247,87.68652761858985,0.51,1.02,117.6470588235294,8.035421034938908,11.398963730569946,1.7718048862847415,1,0.11920330923661976
45,json_r_slow_05,116,1.16,59.38982329208298,63.21887084996483,80.4621285129632,80.72644128640243,0.505,1.01,118.81188118811882,6.245964178438639,45.54455445544554,1.7939308137309875,1,0.10832804152319464
45,json_r_slow_06,114,1.14,61.20706076707516,56.67780272265726,78.85146205331229,58.94186695916287,0.44,0.88,136.36363636363637,7.684206284570863,31.818181818181824,2.309611953843244,1,0.11155712493713416
45,json_r_slow_07,115,1.15,62.12186277731504,60.55162692156722,86.1775167898995,86.33961353180842,0.435,0.87,137.93103448275863,2.5600247610175093,16.091954022988496,0.9205970554222512,1,0.10893580400805303
45,json_r_slow_08,118,1.18,63.03483952741601,52.21245000388458,86.70872797500563,57.79715950256544,0.43,0.86,139.53488372093022,18.78116104516648,27.906976744186046,1.753233447423265,1,0.10309089639794183
45,json_r_slow_09,116,1.16,62.15017311836064,62.415506351770645,92.46206142092058,83.58636225479472,0.475,0.95,126.31578947368422,0.4260133843265016,10.52631578947368,1.7902639087890728,1,0.10883164360684028
45,json_r_slow_10,118,1.18,61.81179839610182,56.5694896541611,88.28878360655538,45.07258555835477,0.49,0.98,122.44897959183672,8.856650959423439,16.326530612244902,1.9057907086928951,1,0.10800122656070354
45,json_r_slow_11,116,1.16,62.768021929445695,58.62362426224459,90.30316567933896,70.35071548093634,0.47,0.94,127.65957446808513,6.828143117289407,8.510638297872337,1.7685014909072208,1,0.1140832605797023
44,json_l_comf_01,112,1.12,58.23852125180885,55.994254843770605,69.1019567624611,54.36413624463447,0.565,1.13,106.19469026548674,3.929286295485716,19.469026548672566,2.5732413182323928,1,0.11526607950347006
44,json_l_comf_02,112,1.12,54.78665652431276,56.49804006694039,67.1102914223672,74.96166887951576,0.585,1.17,102.56410256410255,3.075685327900049,8.547008547008536,4.059647588220683,1,0.11181547569718153
44,json_l_comf_03,111,1.11,56.51050222437762,56.51373101270636,45.5395033916075,32.54857876758112,0.505,1.01,118.81188118811882,0.0057134443406806,33.66336633663366,5.448295067762752,1,0.07516613853613091
44,json_l_comf_04,113,1.13,57.1435273902748,57.55135044750631,57.68326763820564,72.60013050560728,0.5700000000000001,1.14,105.26315789473684,0.7111443246982937,10.526315789473673,4.349712946074403,1,0.11055901194594075
44,json_l_comf_05,112,1.12,57.253953058258446,60.86495289480244,47.80280702043527,41.29624439286226,0.375,0.75,160.0,6.114177586404274,6.535947712418307,2.4987022992977552,1,0.07019932426639769
44,json_l_comf_06,110,1.1,56.70186760642461,55.57920548762742,43.23526622622485,47.32293996645386,0.52,1.04,115.3846153846154,1.999735285495176,42.30769230769232,5.7160029254324805,1,0.07292462422917356
44,json_l_comf_07,110,1.1,55.28601330808331,41.13922608795022,33.695759627749524,38.19640693976723,0.54,1.08,111.1111111111111,29.342498517488817,37.03703703703704,4.041169570677638,1,0.047055831073431975
44,json_l_comf_08,111,1.11,58.52165188241048,56.744516005320975,54.98783890759939,45.99978747283542,0.33,0.66,181.8181818181818,3.083534240195138,7.407407407407398,4.160699282061822,1,0.047670716833563165
44,json_l_comf_09,110,1.1,55.392525058235776,26.713034607728105,40.3409981369008,36.940774800943856,0.615,1.23,97.5609756097561,69.86004496452264,8.130081300813014,2.069978730990627,1,0.01946157850935426
44,json_l_comf_10,110,1.1,58.51962571681838,50.4159273241076,47.37885325011105,41.04624740125118,0.38,0.76,157.89473684210526,14.877968058171614,61.3065326633166,1.915482933533355,1,0.04427148137359804
44,json_l_fast_01,110,1.1,45.40044048266779,22.424247775432264,19.657624248258827,27.92343911015665,0.54,1.08,111.1111111111111,67.7517089936394,,7.119443247803858,-1,-0.01452272132572574
44,json_l_fast_02,110,1.1,87.72340341007529,78.96403895098373,84.86141916984704,103.24608230419338,0.69,1.38,86.95652173913044,10.50992724469074,2.898550724637668,5.6031645125740255,1,0.026481585284022002
44,json_l_fast_03,109,1.09,85.70510833390695,103.6355176875783,67.5697888615957,99.53498760877532,0.315,0.63,190.47619047619048,18.939843741339185,,5.535467850914993,-1,-0.02124323141889084
44,json_l_fast_04,109,1.09,75.84003943070086,74.15202304784763,67.86800687932771,91.0231470150746,,,,2.250807616029197,,7.282523685966745,1,0.11076673213138571
44,json_l_fast_05,110,1.1,76.21435052532574,79.25931698649029,62.99002567175222,104.80873474140655,0.59,1.18,101.69491525423727,3.917018888016045,,7.11814416102766,1,0.073157737124522
44,json_l_fast_06,110,1.1,74.9198484444489,82.34494219970247,61.35974652968842,98.78010052598208,0.59,1.18,101.69491525423727,9.442792280256288,,10.8815254640726,1,0.05746760841900922
44,json_l_fast_07,112,1.12,78.40823119689367,89.37241150410523,69.27539424611405,96.5317734351143,0.525,1.05,114.28571428571428,13.069660636299718,43.80952380952382,11.005309542525575,1,0.03883628418685103
44,json_l_fast_08,110,1.1,73.8184679306764,78.91342520821058,85.42707122518253,119.03092226958708,0.655,1.31,91.6030534351145,6.67176602453434,1.5267175572519098,7.341095858502339,1,0.03474499140958298
44,json_l_fast_09,110,1.1,70.84180779321294,71.09693063630803,56.41490201572215,77.3783978475216,0.63,1.26,95.23809523809524,0.3594830360166605,,9.1131667695492,1,0.06330173263813238
44,json_l_fast_10,109,1.09,72.17645049089678,70.03947747801864,84.81674775849913,118.3821976655422,0.32,0.64,187.5,3.0052513011696256,14.492753623188404,4.139929410078737,1,0.016215894799349706
44,json_l_slow_01,115,1.15,52.05302342742331,12.093182762418763,39.84496040909468,24.74960728033335,0.72,1.44,83.33333333333334,124.589880021096,0.0,1.802264612671292,-1,-0.11964912036159814
44,json_l_slow_02,113,1.13,54.11034407286383,44.05653455825279,46.547553824751645,39.62219910431061,0.36,0.72,166.66666666666669,20.483099095755925,0.0,5.078090407926345,1,0.03295963126778878
44,json_l_slow_03,116,1.16,55.512378643154605,51.43734987511347,43.06459376604559,48.22796632691527,0.6399999999999999,1.2799999999999998,93.75,7.620456497643341,15.625,3.631308882892234,1,0.08233232410534802
44,json_l_slow_04,114,1.14,54.88724957643218,38.73568130771648,45.80530049191002,52.92731736610647,0.49,0.98,122.44897959183672,34.50344507736477,8.163265306122456,4.917117168682714,1,0.07792563066404212
44,json_l_slow_05,113,1.13,54.09550504702787,55.288252618188366,44.17364269166326,40.15348563254787,0.35,0.7,171.42857142857144,2.180849509323058,7.1942446043165535,5.76490552967743,1,0.04108421493990322
44,json_l_slow_06,117,1.17,52.53022736767443,58.07456430895941,49.16642286186062,53.30975692280123,0.51,1.02,117.6470588235294,10.02549140455778,,3.417587486963973,1,0.11546016945873439
44,json_l_slow_07,113,1.13,56.28163766068887,51.67546463732995,68.14331373760616,54.01894246800741,0.525,1.05,114.28571428571428,8.53333949376196,5.714285714285719,5.20453406086946,1,0.1067847349266724
44,json_l_slow_08,114,1.14,57.06086022757371,43.1341029405485,49.27204667255751,49.4681754855757,0.35,0.7,171.42857142857144,27.79931614657475,0.0,5.671588961710816,1,0.02834244748740966
44,json_l_slow_09,113,1.13,55.15036511496943,22.114495440365744,42.23169402858409,59.11676690510397,0.59,1.18,101.69491525423727,85.5133095100695,0.0,5.099432748867498,-1,-0.0032017934140321502
44,json_l_slow_10,115,1.15,54.370696711368126,28.766213764247084,40.6717801048235,49.711588582581385,0.69,1.38,86.95652173913044,61.59594529226838,0.0,6.671261967052175,-1,-0.02095870438902747
44,json_r_comf_01,114,1.14,58.83060947139889,54.2194456788733,75.87032430827426,66.48418833680702,0.44,0.88,136.36363636363637,8.15773824505646,22.72727272727272,1.8936622502423632,1,0.11443080110865755
44,json_r_comf_02,91,0.91,53.38817187469535,56.74144424212362,70.79545843501585,91.0967798415077,0.5549999999999999,1.11,108.10810810810813,6.089683203601332,30.63063063063064,1.7228610956204025,1,0.10297482644375089
44,json_r_comf_03,113,1.13,59.27579090314194,56.69997620526205,76.89805933950974,67.48038269423307,0.41,0.8200000000000001,146.34146341463415,4.441987774001523,19.512195121951223,2.6280563664925047,1,0.11142857907880654
44,json_r_comf_04,112,1.12,60.44550345795538,58.9122977239896,80.1978789154152,75.23491146356466,0.445,0.89,134.8314606741573,2.569091787521488,38.202247191011246,4.315799430003627,1,0.11141732276483979
44,json_r_comf_05,113,1.13,56.805201939073655,53.19736699333281,79.25267800684777,93.4244108709241,0.42,0.84,142.85714285714286,6.559546710145947,,2.5759301737811184,1,0.10864725494039373
44,json_r_comf_06,112,1.12,59.65946856350362,58.55766185155011,81.4446148901534,75.21788862195908,0.405,0.81,148.14814814814815,1.864039007012153,41.9753086419753,4.011737868581202,1,0.09857388396726996
44,json_r_comf_07,112,1.12,59.98729181302457,56.02218446489063,76.44211321148367,70.16373832783727,0.51,1.02,117.6470588235294,6.835833546278634,,3.6004536441817008,1,0.12564616991240185
44,json_r_comf_08,113,1.13,59.1860322791952,59.15888923618961,77.1285238204741,93.18772133585684,0.53,1.06,113.20754716981132,0.045871073567049,0.0,4.228795525660607,1,0.10245832784258774
44,json_r_comf_09,114,1.14,56.19789114412849,59.23183831768593,71.85140634087306,65.99950118651898,0.375,0.75,160.0,5.25678642357228,34.66666666666667,3.593358200264997,1,0.09342214089532114
44,json_r_comf_10,113,1.13,58.1614009337592,58.53244342586351,78.78149886218526,64.17294719937158,0.44,0.88,136.36363636363637,0.635924703895852,,4.420108617284293,1,0.1171795633472904
44,json_r_comf_11,111,1.11,60.99766171460125,53.65077979575591,78.57416099556997,78.20467140438504,0.43,0.86,139.53488372093022,12.81636596548351,0.0,4.051196449819511,1,0.10096856742684679
44,json_r_comf_12,112,1.12,60.52767768299822,58.28563226346036,80.64995771609871,83.88500808553484,0.43,0.86,139.53488372093022,3.774064404986619,37.2093023255814,4.310986363187951,1,0.10530349583957677
44,json_r_comf_13,111,1.11,61.42200790642485,56.0575211392667,79.80630629669344,77.87226475205412,0.415,0.83,144.57831325301206,9.132632401125363,31.32530120481928,2.626049574212904,1,0.10761104469960103
44,json_r_fast_01,111,1.11,56.90303535890422,26.180624684353063,66.9325804811134,51.037428238425896,0.58,1.16,103.44827586206895,73.95536176079777,0.0,3.751480612142062,1,0.02602645643350493
44,json_r_fast_02,111,1.11,56.27416656496365,29.471806248757616,73.9734819235999,55.1747870108887,0.5,1.0,120.0,62.51572974612532,0.0,3.618285971712692,1,0.057682712657651736
44,json_r_fast_03,111,1.11,54.97124924763803,40.944109624483445,72.12642810857221,65.1132406375573,0.46,0.92,130.43478260869566,29.24899575646936,0.0,3.3645760335185173,1,0.08596299032699595
44,json_r_fast_04,110,1.1,55.11938056303332,25.741959517859897,68.25698565914021,60.05784957566339,0.515,1.03,116.50485436893204,72.66122727074377,1.941747572815536,3.5525078311010807,1,0.04533631031812224
44,json_r_fast_05,111,1.11,53.79077483438356,27.989106990841123,48.33319947444829,52.35945488209721,0.55,1.1,109.09090909090908,63.10028155502668,0.0,3.690431276598089,1,0.0456722577345165
44,json_r_fast_06,110,1.1,56.30068732402076,26.34435191280397,36.54103010204139,48.73499417138282,0.56,1.12,107.14285714285714,72.49397105463271,7.142857142857128,3.773667258548875,1,0.02509519380924513
44,json_r_fast_07,110,1.1,55.95917539660948,26.70619999670822,59.36502612791288,59.8295088193725,0.54,1.08,111.1111111111111,70.77443309418744,11.1111111111111,3.757669040700901,1,0.051876753995226454
44,json_r_fast_08,112,1.12,59.504156137409765,24.708486890867448,59.834551231424896,52.8566638241887,0.58,1.16,103.44827586206895,82.6376372841273,3.448275862068969,5.519905498285397,1,0.02299930970944486
44,json_r_fast_09,111,1.11,56.26584744509205,50.28501603579421,83.85317508212421,63.00344937025254,0.38,0.76,157.89473684210526,11.226246721821663,31.57894736842105,5.864065434617417,1,0.08137605243472856
44,json_r_fast_10,111,1.11,60.00600147161552,60.7624490062469,90.81877321758832,68.76770557679163,0.53,1.06,113.20754716981132,1.2527237563092497,,4.258385523303169,1,0.11599211183544478
44,json_r_slow_01,117,1.17,57.444941857918295,50.43177650043143,77.78656259154269,82.91685245012077,0.42,0.84,142.85714285714286,13.002185205875882,33.333333333333336,5.4002015235840855,1,0.09319693433728149
44,json_r_slow_02,114,1.14,58.13083009315999,54.84001675564285,74.59000877892676,86.53133976358839,0.435,0.8700000000000001,137.9310344827586,5.825951436694943,43.67816091954023,5.062280358903456,1,0.09528689234814869
44,json_r_slow_03,111,1.11,56.97594761198327,55.63620901333687,70.4578275010987,55.2063847958543,0.5549999999999999,1.11,108.10810810810813,2.379385385725175,23.423423423423426,5.826934371123621,1,0.10702300428690786
44,json_r_slow_04,116,1.16,57.55652399326968,35.482286518851936,71.39661299398283,84.89073686156405,0.59,1.18,101.69491525423727,47.451676032641856,0.0,3.462754237401088,1,0.05689046136019288
44,json_r_slow_05,115,1.15,57.24932283451898,17.49423613436508,55.82116169506169,40.45318613859556,0.5800000000000001,1.16,103.44827586206895,106.37729123041638,17.241379310344822,1.833341864670452,-1,-0.019080253232003908
44,json_r_slow_06,114,1.14,60.94772416742312,15.141605660301792,42.15479020442659,45.25577333638877,0.5700000000000001,1.14,105.26315789473684,120.40089881414832,10.526315789473673,1.8419111481083807,-1,-0.04436147799678669
44,json_r_slow_07,115,1.15,57.05294020101863,54.98095817893608,85.04654577168515,69.36343752477111,0.5,1.0,120.0,3.69884838793269,8.000000000000007,5.199376848617789,1,0.12165662719102627
44,json_r_slow_08,114,1.14,60.94615496676354,54.45004934195363,73.06085584277562,60.56093822139443,0.385,0.77,155.84415584415584,11.258785613833556,33.76623376623377,3.3370343034232173,1,0.09122287506121962
44,json_r_slow_09,113,1.13,61.39310404939788,52.25469953730618,70.87930956067491,52.85294853279779,0.405,0.81,148.14814814814815,16.081972943929067,12.345679012345675,2.6187185033925067,1,0.10113168045799953
44,json_r_slow_10,115,1.15,57.00563583977561,54.61864904252725,77.93471770666797,44.840767741878864,0.46,0.92,130.43478260869566,4.276823452468617,,4.294420943327491,1,0.11307035543484106
43,json_l_comf_01,109,1.09,39.32344650895922,49.724806070711054,27.31488601894129,18.1207055361688,0.475,0.95,126.31578947368422,23.361176127394245,23.15789473684212,5.386210503982829,1,0.02922891261528543
43,json_l_comf_02,112,1.12,49.20576674816351,47.37179745861755,42.43110241114592,47.94806307840817,0.5,1.0,120.0,3.7979199508889514,8.000000000000007,6.241993770396509,1,0.08088488877915834
43,json_l_comf_03,110,1.1,60.6629165179625,55.64476000264325,44.16186265795183,58.55711558501038,0.38,0.76,157.89473684210526,8.629106290211553,8.219178082191789,3.7617780110526686,1,0.08340859808699042
43,json_l_comf_04,112,1.12,45.82728570028269,52.52336378996546,35.43161788624296,43.61124431801648,0.36,0.72,166.66666666666669,13.616744016208482,22.222222222222225,4.588554504360827,1,0.046888374069394445
43,json_l_comf_05,114,1.14,36.851377011053415,48.04892852372706,25.935983881699716,26.871382734385904,0.48,0.96,125.0,26.3781182933115,12.5,6.906449429097561,1,0.026941622094647844
43,json_l_comf_06,112,1.12,55.72249987624315,58.33020409047873,49.5917098563407,62.31825909819933,0.36,0.72,166.66666666666669,4.57280559520352,12.244897959183684,4.9700158216890005,1,0.07977719449914522
43,json_l_comf_07,111,1.11,57.50284459721627,60.08909114644501,53.99325183995103,72.56321253008072,0.37,0.74,162.16216216216216,4.398680118450481,5.263157894736847,3.8127659297312806,1,0.08642400598332778
43,json_l_comf_08,110,1.1,41.69765615175331,61.24273420961244,79.94521252279853,69.17543360384263,0.42,0.84,142.85714285714286,37.97358449729472,1.197604790419163,3.081545207328535,1,0.06662988093294264
43,json_l_comf_09,108,1.08,35.29347228908958,55.84120595485901,32.79130175888895,30.0041249101388,0.49,0.98,122.44897959183672,45.093117267100936,32.6530612244898,6.881325055826663,1,0.029922940566966594
43,json_l_comf_10,114,1.14,59.96697253138426,60.85946247694993,64.91907764598645,81.73748257984622,0.345,0.69,173.91304347826087,1.4773090764518717,8.695652173913036,3.864978594088544,1,0.07384805455592436
43,json_l_fast_01,102,1.02,58.60123125477135,59.26405891619464,52.69850907833725,75.18210905030254,0.4,0.8,150.0,1.1247207052421424,25.000000000000007,4.951147768696307,1,0.09765041049598255
43,json_l_fast_02,107,1.07,60.56277672421778,52.425619287358856,61.49264099426209,49.78868122949484,0.39,0.78,153.84615384615384,14.403527661416144,17.94871794871795,4.045660029272726,1,0.09389230702333745
43,json_l_fast_03,107,1.07,60.787828630897,58.26180381365798,58.05020717474,63.93753764598607,0.41,0.82,146.34146341463415,4.24364992208685,45.83333333333333,3.854816542955626,1,0.09124864038374186
43,json_l_fast_04,107,1.07,54.99238948381554,54.50716168250028,66.67050963771479,79.51190345902273,0.675,1.35,88.88888888888889,0.8862644570629561,7.407407407407398,5.64056421266035,1,0.07175016894116004
43,json_l_fast_05,110,1.1,61.66881667159144,55.56349481755694,49.62455446694708,73.76560624551107,0.52,1.04,115.3846153846154,10.415766398327204,27.411167512690355,3.697065771491801,1,0.11101778242134591
43,json_l_fast_06,109,1.09,65.90197799126533,48.83620435805428,48.774396204929744,58.68653539832158,0.34,0.68,176.47058823529412,29.74733133082834,8.450704225352105,3.4601952595811496,1,0.05155000257604614
43,json_l_fast_07,110,1.1,60.46896216342901,58.75366312401164,56.101157864599855,70.46049052536226,0.47,0.94,127.6595744680851,2.8774723510438758,29.78723404255319,4.726701070127088,1,0.11258653661670803
43,json_l_fast_08,110,1.1,61.93132537227689,57.12689707203359,47.75067846588317,57.49259564468704,0.4649999999999999,0.93,129.03225806451613,8.070720697162391,19.354838709677427,3.47748561212071,1,0.10986315929283041
43,json_l_fast_09,106,1.06,60.7775780545644,46.05326793128549,70.21179066600772,55.731015485809024,0.52,1.04,115.3846153846154,27.56565294864219,11.538461538461547,4.7619798865869765,1,0.10213042398414535
43,json_l_fast_10,106,1.06,56.4228986392161,55.36747975371591,45.817850901504514,47.589397660806696,0.5,1.0,120.0,1.888210596784092,60.00000000000001,1.7479525097642823,1,0.067741434429414
43,json_l_fast_11,106,1.06,53.30791602375946,41.735777223777575,48.16783161790456,36.76887149818892,0.37,0.74,162.16216216216216,24.351197653573436,51.93370165745856,1.559009685324665,1,0.03215389153489745
43,json_l_fast_12,108,1.08,56.51984422924194,50.49063525064604,49.47611379739283,42.16718235659782,0.5700000000000001,1.14,105.26315789473684,11.268445871657008,3.5087719298245448,1.7440831848738911,1,0.09078736473617355
43,json_l_slow_01,119,1.19,54.63779770648917,60.34282824150799,85.66723057023403,82.85351796224137,0.36,0.72,166.66666666666669,9.923464040975151,4.255319148936175,1.5787739965972063,1,0.07483544681297172
43,json_l_slow_02,124,1.24,41.34078597794141,44.833999843305605,55.109177388859216,62.8146189614727,0.36,0.72,166.66666666666669,8.107276002078372,80.0,3.6269733935958417,1,0.0030111608776643983
43,json_l_slow_03,186,1.86,38.46293339205295,52.68950202569184,26.328827846052235,45.35574648691221,0.54,1.08,111.1111111111111,31.21489528708606,14.92537313432836,3.240617660476399,1,0.05446879477144456
43,json_l_slow_04,120,1.2,46.57093110375564,54.37076310884866,25.527730519266555,41.97674461656598,0.52,1.04,115.3846153846154,15.454133330999866,23.076923076923062,3.09266358052484,1,0.06957848555034779
43,json_l_slow_05,127,1.27,39.17582362706901,54.361626983516985,34.43989403948608,61.49292377616467,0.345,0.69,173.91304347826087,32.469996257796964,13.513513513513525,4.659008569859516,1,0.030581034849180344
43,json_l_slow_06,127,1.27,50.98329321117262,59.15029922737456,57.55716394230073,75.08865620447638,0.43,0.86,139.53488372093022,14.831089834391808,13.043478260869565,3.527847290701944,1,0.10702041028524206
43,json_l_slow_07,124,1.24,32.32631542268729,63.25304496168772,31.404391964213943,53.14566136550246,0.34,0.68,176.47058823529412,64.71424251978199,,3.495393477946119,-1,-0.017719875721023293
43,json_l_slow_08,120,1.2,55.34022553559984,56.20676472882677,36.934677597929976,40.716709277665686,0.575,1.15,104.34782608695652,1.5536756145060684,39.99999999999999,1.66636514489988,1,0.058279447515757254
43,json_l_slow_09,122,1.22,57.76941479780214,58.3102691701649,36.02707339140936,58.87421065025714,0.6000000000000001,1.2000000000000002,100.0,0.9318674101697436,66.66666666666666,1.607650327126463,1,0.022402733539149566
43,json_l_slow_10,123,1.23,30.817321932627152,53.41705872465235,26.07753980718704,65.04345460964271,0.45,0.9,133.33333333333334,53.65917483022922,0.0,3.0911146277130426,1,0.025443746213817564
43,json_l_slow_11,118,1.18,55.33043474527685,58.80737246664209,37.1141540276394,45.95694332789665,0.31,0.62,193.5483870967742,6.092525879544257,82.1256038647343,3.757547664475549,-1,-0.048990910751632755
43,json_l_slow_12,120,1.2,31.01347199185946,59.28202810866699,33.13872487399216,38.90432300092488,0.38,0.76,157.89473684210526,62.6134327520995,36.8421052631579,3.510324280402466,-1,-0.004268554384645684
43,json_l_slow_13,118,1.18,36.81828436465048,58.71492978136787,29.77136746616165,30.319079713710096,0.5349999999999999,1.0699999999999998,112.1495327102804,45.84090593507997,24.299065420560755,5.169204930869991,1,0.0337997396893977
43,json_l_slow_14,117,1.17,55.14175923847976,53.10064909146638,36.06479111652739,68.00042852201592,0.33,0.66,181.8181818181818,3.771368687200014,79.06976744186046,3.275888255341934,-1,-0.018180007790700947
43,json_r_comf_01,105,1.05,58.863131829850985,58.29389593659799,64.57811061842428,72.18380868878361,0.4649999999999999,0.93,129.03225806451613,0.9717486080096852,10.75268817204301,3.182040488724037,1,0.11893714896292151
43,json_r_comf_02,109,1.09,63.09951190641905,55.46502103003215,80.39620227764915,91.1851872668972,0.49,0.98,122.44897959183672,12.878203434544591,8.163265306122456,3.2260650695140227,1,0.1174114049665928
43,json_r_comf_03,106,1.06,58.59380776646901,40.051786480311335,89.8106965015005,81.0727065668352,0.44,0.88,136.36363636363637,37.59320713253823,0.0,3.157198314146977,1,0.06386555963721169
43,json_r_comf_04,105,1.05,61.34434009331345,52.86351649670331,89.59908148816575,94.64986305150376,0.46,0.92,130.43478260869566,14.851558990472236,,3.217040511586965,1,0.11132169087918126
43,json_r_comf_05,107,1.07,61.67047037157802,53.32011665450796,71.91158518172388,80.89465373859393,0.4449999999999999,0.8899999999999999,134.8314606741573,14.52354307083546,11.235955056179774,2.50751621552725,1,0.11655776670660245
43,json_r_comf_06,108,1.08,62.52427162890399,52.82719156519313,86.34256262290528,89.7631406617611,0.455,0.91,131.86813186813183,16.81310283406459,2.1978021978022,3.0926281169347973,1,0.10624830799092227
43,json_r_comf_07,110,1.1,61.261689693749545,56.00031911528342,81.92375961007613,78.1958863891189,0.415,0.8300000000000001,144.57831325301203,8.973700232331057,16.867469879518072,1.6178832336576146,1,0.10684814661654557
43,json_r_comf_08,112,1.12,58.81814024957789,46.64040304933343,93.53205074726178,75.18004148323256,0.445,0.89,134.8314606741573,23.094832944407223,33.70786516853933,3.1808247865261885,1,0.08951656255522839
43,json_r_comf_09,105,1.05,58.35098306805887,62.488763961304,100.30674572625354,87.55710906832942,0.47,0.94,127.65957446808513,6.848377284735123,59.64912280701753,2.468021676489128,1,0.06542971969410571
43,json_r_comf_10,112,1.12,58.05492586842215,47.668441964856285,87.02433510995674,74.07027042339595,0.48,0.96,125.0,19.648416648900053,16.66666666666667,1.685631080778497,1,0.11448828595782262
43,json_r_comf_11,110,1.1,59.08251703792956,58.10575974675014,85.5769315900872,74.39907568484452,0.41,0.8200000000000001,146.34146341463415,1.6669880605448384,43.90243902439024,1.5939951728158372,1,0.09104896766523313
43,json_r_fast_01,102,1.02,60.51367663407939,51.52366742064477,75.22612471490488,80.49519336189235,0.675,1.35,88.88888888888889,16.048236932577563,19.25925925925926,5.1741099430890864,1,0.07685376509922959
43,json_r_fast_02,102,1.02,63.93255357987229,59.447008366310726,59.43963718599156,61.36385636769763,0.4,0.8,150.0,7.271131689571271,11.920529801324514,4.043898128821153,1,0.10353696275582264
43,json_r_fast_03,108,1.08,62.67861094616188,55.79896313104675,49.17592064885304,79.01052743607303,0.35,0.7,171.42857142857144,11.61341776061663,34.66666666666667,3.4609393329274747,1,0.06708708685454162
43,json_r_fast_04,107,1.07,59.92671273641754,55.641679511083694,82.07336149768449,75.36452106087182,0.47,0.94,127.65957446808513,7.415579886509145,42.553191489361694,2.427245557433514,1,0.11016535901982294
43,json_r_fast_05,105,1.05,59.446229256447495,60.87721719660219,92.50502040644766,100.78030027443756,0.51,1.02,117.6470588235294,2.378568736747524,7.843137254901968,5.187915950088981,1,0.10486187408906106
43,json_r_fast_06,110,1.1,59.4138073050415,52.088177354447694,85.5370864312346,83.42051068983105,0.48,0.96,125.0,13.13990952352142,45.83333333333333,3.2610834048778767,1,0.10827711955822472
43,json_r_fast_07,106,1.06,61.685005800161846,60.59168167199449,76.85749452717275,82.10566108951369,0.46,0.92,130.43478260869566,1.7882789446946938,39.1304347826087,4.365227806000984,1,0.10916559159641498
43,json_r_fast_08,108,1.08,61.62559703175387,55.66377115839792,81.88318927675992,88.71332921692851,0.55,1.1,109.09090909090908,10.166012427811054,7.272727272727258,4.617542763853004,1,0.11405987101753867
43,json_r_fast_09,105,1.05,62.322552589192185,61.51013226722429,90.55741228410136,80.75671823039886,0.32,0.64,187.5,1.3121258299614356,4.580152671755712,5.4860231188549085,1,0.028951098383592944
43,json_r_fast_10,105,1.05,62.32354303397847,53.88849712378382,81.91972023911445,84.05042021573855,0.68,1.36,88.23529411764706,14.516647154191164,,2.69571193953636,1,0.07727643312855603
43,json_r_slow_01,119,1.19,61.58891268475651,51.42532081731132,86.1359594659277,66.72098532102538,0.48,0.96,125.0,17.986392602944527,20.83333333333334,0.8230379078408188,1,0.1101496946220315
43,json_r_slow_02,122,1.22,57.00429750222436,52.137617934189024,61.145065948159,65.22017999230476,0.56,1.12,107.14285714285714,8.918076155389977,3.5714285714285547,0.8412205882075782,1,0.09674835426619488
43,json_r_slow_03,121,1.21,59.56182564672214,51.76411495266446,86.41917553149133,77.11790055111462,0.35,0.7,171.42857142857144,14.008793731405758,24.20382165605096,1.4978550001357287,1,0.07311316024014863
43,json_r_slow_04,117,1.17,58.38823699946968,47.08083108530828,91.58994102768904,71.02294856244166,0.465,0.93,129.03225806451613,21.44212728811126,27.956989247311824,0.8876330501368989,1,0.09944265342740721
43,json_r_slow_05,129,1.29,57.40171177208603,53.99250157855136,85.28158027473746,95.43401523813463,0.6,1.2,100.0,6.120982573490509,6.666666666666673,1.6505481330941192,1,0.09609470958675587
43,json_r_slow_06,118,1.18,58.7727442935152,49.73155244070552,90.58731039197912,91.005696375669,0.6,1.2,100.0,16.665131473928486,3.3333333333333366,0.8356075902537362,1,0.08381994253453334
43,json_r_slow_07,125,1.25,58.60340116386276,56.63656372709539,65.59814172407565,54.77491162262845,,,,3.413464137425616,,1.72236881620339,1,0.1269343135336835
43,json_r_slow_08,119,1.19,54.30707703655328,55.37509801427532,89.97253878866768,89.6884236590307,0.56,1.12,107.14285714285714,1.947483220910058,0.0,2.5679285560163345,1,0.09129192149998083
43,json_r_slow_09,116,1.16,60.82590907289165,50.83836770470592,95.77974010610568,74.22401025858241,0.48,0.96,125.0,17.88851664364957,29.16666666666668,1.712171140065209,1,0.10628636748749981
43,json_r_slow_10,114,1.14,57.943088164254576,50.2264301089826,95.55575044569646,69.46299262369456,,,,14.267712713261108,,2.421188610292728,1,0.11641336791324014
43,json_r_slow_11,121,1.21,58.97273515811895,50.31597302248943,90.9056637132515,90.21430010803252,0.42,0.8400000000000001,142.85714285714283,15.842006516031876,52.38095238095239,2.5153391759125983,1,0.07621767362613846
42,json_l_comf_01,115,1.15,53.57700549305165,59.54571430364045,66.4126333876192,56.66349248975611,0.48,0.96,125.0,10.552626070723846,4.081632653061228,2.3160576764926506,1,0.11386672785548796
42,json_l_comf_02,116,1.16,56.29459233780551,58.988773368095536,55.241794868156255,73.3814287840392,0.53,1.06,113.20754716981132,4.674015221177945,18.55670103092785,2.5456541909317503,1,0.12105443430468954
42,json_l_comf_03,116,1.16,55.732994248659,59.24693332092721,61.98448056303964,56.75174209270797,0.565,1.13,106.19469026548674,6.112265238889751,15.929203539823003,1.6900594385535914,1,0.11343632992540398
42,json_l_comf_04,117,1.17,54.43756607640405,60.21633861082415,58.00597591191652,48.4708298672129,0.61,1.22,98.36065573770492,10.080376329413964,,2.303002251880623,1,0.09957336990429805
42,json_l_comf_05,117,1.17,57.10379181326286,60.291371946405135,68.51146598144923,58.66341925147397,0.45,0.9,133.33333333333334,5.430513542564508,40.00000000000001,3.285660972032963,1,0.10924904603872188
42,json_l_comf_06,117,1.17,52.82332852920875,60.99413498246504,61.94404556967778,67.03930525433276,0.63,1.26,95.23809523809524,14.357737734013453,,3.182042452183103,1,0.09822243009631798
42,json_l_comf_07,117,1.17,55.19905112283422,58.01264232851237,63.14891196679961,65.89575056659787,0.62,1.24,96.7741935483871,4.970495749871119,22.58064516129031,1.669445100469598,1,0.100202105146383
42,json_l_comf_08,114,1.14,50.45705130456062,60.868661651679474,44.25781677641359,49.15326897366077,0.35,0.7,171.42857142857144,18.704771917717604,42.038216560509554,1.6123463378851888,1,0.04296075255950271
42,json_l_comf_09,118,1.18,57.4809524253167,57.99586906769177,60.12587058713156,60.727278533248224,0.5549999999999999,1.11,108.10810810810813,0.8918095176463539,16.21621621621621,3.205320185532372,1,0.1177651685520843
42,json_l_comf_10,118,1.18,57.106979852275344,57.29022570212384,69.77374435619461,54.29579951777016,0.7,1.4,85.71428571428572,0.3203677029704208,5.714285714285704,1.5638853616048487,1,0.05503763484190505
42,json_l_fast_01,112,1.12,57.800750775200896,60.54105329732727,54.46760251231932,68.47646440999135,0.44,0.88,136.36363636363637,4.631165704465551,12.048192771084333,1.6617827961873677,1,0.10861784699857407
42,json_l_fast_02,110,1.1,55.94602304917552,54.71138509470492,34.62921003499518,33.48232925901601,0.61,1.22,98.36065573770492,2.231460098659246,,1.846085669516246,1,0.07010673369478204
42,json_l_fast_03,109,1.09,55.448739420879306,57.69869817002957,45.593256016033465,35.95018596003543,0.35,0.7,171.42857142857144,3.977038803627393,41.86046511627908,1.762030092592208,1,0.04243814544955293
42,json_l_fast_04,112,1.12,56.09276722437832,59.2957816032761,42.22426194707927,50.31053215806952,0.36,0.72,166.66666666666669,5.551702333447028,8.000000000000007,2.3045261776446155,1,0.06561227371876122
42,json_l_fast_05,110,1.1,49.75083079612168,56.89299023884719,42.01722446598774,29.83824090375141,0.42,0.84,142.85714285714286,13.394417741996651,29.677419354838698,1.81739919052278,1,0.06353062493030293
42,json_l_fast_06,112,1.12,58.13886916362283,61.72645497248544,54.33245824918418,57.57055214396367,0.37,0.74,162.16216216216216,5.986027793640926,,3.443914442904034,1,0.09420153432969369
42,json_l_fast_07,111,1.11,58.38872186814456,59.37913558691112,51.423960567611545,62.7088343770381,0.415,0.83,144.57831325301206,1.6819762882152078,31.32530120481928,2.45245971182362,1,0.10206603323550834
42,json_l_fast_08,112,1.12,59.55256467989582,60.399929732409205,52.65718407859224,45.33670291995772,0.56,1.12,107.14285714285714,1.4128344002598034,7.142857142857128,1.6038736179770308,1,0.09526050696589677
42,json_l_fast_09,111,1.11,59.50429176316501,58.37177575014077,56.11936995141831,53.35020559859396,0.505,1.01,118.81188118811882,1.9215368088121976,1.980198019801982,3.15959868823142,1,0.11040954896160254
42,json_l_fast_10,112,1.12,59.282596735337165,61.66530142365602,54.196005618970695,55.432937759450965,0.545,1.09,110.09174311926604,3.9400514181513873,1.8348623853211024,4.689663327616785,1,0.09701296843971713
42,json_l_fast_11,112,1.12,60.55701879709346,61.82694318631549,52.97286484967144,56.19850567184123,0.44,0.88,136.36363636363637,2.075311778832891,31.818181818181824,3.869650756280471,1,0.10292072579480188
42,json_l_slow_01,121,1.21,54.597218295312686,58.1146231817045,80.38153019625605,72.16665672880652,0.44,0.88,136.36363636363637,6.241411444083347,,0.8694572221285906,1,0.11375270972519796
42,json_l_slow_02,122,1.22,53.822847465371495,54.76764201930527,56.2896973957299,63.45313326720854,0.51,1.02,117.6470588235294,1.740105525663176,1.980198019801982,2.2907159226189178,1,0.1101292475931116
42,json_l_slow_03,121,1.21,54.80848378787138,57.37416174047887,66.96505950215436,70.90645291113671,0.66,1.32,90.9090909090909,4.574108482687015,34.30962343096234,2.2495867351337124,1,0.07133418858003132
42,json_l_slow_04,108,1.08,50.00246688311836,58.55357993528801,54.21267760360632,68.16931729564924,0.31,0.62,193.5483870967742,15.75428233210084,,1.8760393291430224,1,0.01838827919430558
42,json_l_slow_05,122,1.22,51.91767938545861,59.23078282469318,50.983878058506455,70.69434718231427,0.54,1.08,111.1111111111111,13.159162607949462,,2.550085154919029,1,0.11163273264350182
42,json_l_slow_06,121,1.21,57.04072056553727,57.27232847231441,91.88335184367853,74.05554712991204,0.605,1.21,99.17355371900828,0.4052169174499963,24.79338842975207,2.407224585643976,1,0.09701101486199021
42,json_l_slow_07,122,1.22,54.30036996296725,58.10446114191412,51.45571593245612,80.394528319084,0.63,1.26,95.23809523809524,6.768554592457661,36.5217391304348,2.455593278351091,1,0.07574275505800454
42,json_l_slow_08,120,1.2,41.62767655869166,59.50516424796507,45.42785341665717,62.18848817460646,,,,35.3544655656438,,3.6662494508827193,1,0.09740797486427377
42,json_l_slow_09,119,1.19,44.56003433986345,61.78589561162688,42.74909836179165,47.870102744628056,0.59,1.18,101.69491525423727,32.39590133749549,,3.2543763847490275,1,0.06814776697985037
42,json_l_slow_10,122,1.22,57.67593486087584,57.5579732288338,65.0738816651861,54.5069089092415,0.37,0.74,162.16216216216216,0.2047342383809567,20.6060606060606,3.0705394211799693,1,0.09274884865318794
42,json_l_slow_11,121,1.21,52.721224994838806,57.16080663989737,49.98830569205714,71.7932037016106,0.655,1.31,91.6030534351145,8.080632618472839,7.633587786259549,2.548461175046266,1,0.08031777070706814
42,json_r_comf_01,116,1.16,58.99662250619103,58.21525176643503,85.21117933425568,75.43231021562566,0.53,1.06,113.20754716981132,1.3332620856118886,56.60377358490567,2.412746399236096,1,0.08607374074616442
42,json_r_comf_02,117,1.17,59.13501214951543,57.44939729105501,69.76221185974404,90.5383509805183,,,,2.8916642740634666,,1.7558330785834595,1,0.13039344860428936
42,json_r_comf_03,116,1.16,63.01719110351499,57.20095119266894,70.86353454759796,68.69236813774103,,,,9.676143383610867,,2.3839462652119194,1,0.13009783740807934
42,json_r_comf_04,116,1.16,61.18414710245811,57.54933230196828,77.37062395024739,63.36182986148823,0.32,0.64,187.5,6.122645135512349,43.90243902439024,1.8448058254421091,1,0.033796381609792925
42,json_r_comf_05,115,1.15,61.0676189678821,56.66752606538772,94.43025209057204,70.89631867383257,0.44,0.8800000000000001,136.36363636363637,7.474561485019604,54.54545454545456,2.600514537278289,1,0.08579387992640142
42,json_r_comf_06,116,1.16,63.03043920990218,40.507043000486135,62.150627926556496,55.84421334041829,,,,43.5077147494247,,1.7988565127171254,1,0.09302451129891848
42,json_r_comf_07,115,1.15,61.43756559057462,56.96363313135643,79.70472200797586,104.97525359654988,0.6,1.2,100.0,7.557241831183418,,3.3961152012042195,1,0.09985516917553577
42,json_r_comf_08,115,1.15,59.122082800938784,54.30750960029974,95.527961894331,104.57758801711825,0.6,1.2,100.0,8.489095479790292,3.3333333333333366,1.7941344223271083,1,0.07925824629798905
42,json_r_comf_09,116,1.16,58.897951454628696,55.24826064149943,76.58437902300574,91.44403658564116,0.315,0.63,190.47619047619048,6.394764655099873,,3.398054269699048,1,0.03706921908248079
42,json_r_comf_10,116,1.16,58.53927852541216,49.22329440383088,65.85688773514056,66.12383833056842,0.31,0.62,193.5483870967742,17.289832394217537,,1.7713418893232675,1,0.01839908288470271
42,json_r_fast_01,111,1.11,59.15891407635908,59.347692356711605,82.7618421660095,86.18663388144434,0.43,0.86,139.53488372093022,0.3185953695486833,8.484848484848479,1.523838576195323,1,0.1061839071539813
42,json_r_fast_02,113,1.13,61.619635770760766,60.69548617322761,69.04670605709651,91.08421655045667,0.32,0.64,187.5,1.511096228896953,48.78048780487805,2.311842066962367,1,0.02193951289792101
42,json_r_fast_03,112,1.12,60.15749015410519,61.554153576857374,77.39034618613286,76.90971740951267,0.52,1.04,115.3846153846154,2.2950366619638096,,3.30413383579807,1,0.1242788948911156
42,json_r_fast_04,113,1.13,59.93274526121039,60.89680276636078,88.95281284609041,98.51593477889132,0.52,1.04,115.3846153846154,1.5957313767827916,,3.028078073990462,1,0.11626271259095738
42,json_r_fast_05,112,1.12,61.84929432535471,60.70403104908476,84.29049245493268,93.8828458780208,0.425,0.8500000000000001,141.17647058823528,1.8690039993134409,39.99999999999999,3.5726050604232418,1,0.0970638735563597
42,json_r_fast_06,112,1.12,61.74270106501395,63.22001066329791,73.38686036009851,78.6736312548201,0.51,1.02,117.6470588235294,2.364400672571614,,3.2480674482198806,1,0.12455157733684025
42,json_r_fast_07,111,1.11,60.41201623475311,63.296534451962245,64.83324107407992,83.9073105555197,0.425,0.85,141.1764705882353,4.663409604585874,35.29411764705883,2.359087087981089,1,0.0976945694143258
42,json_r_fast_08,112,1.12,57.92845796486857,45.63615744155578,84.87404752833639,88.03195579031191,0.5,1.0,120.0,23.73841775025849,,1.9025592374465985,1,0.11230171229810487
42,json_r_fast_09,113,1.13,60.8834678849455,61.32638140362552,67.8075434642671,89.05204899837409,0.51,1.02,117.6470588235294,0.7248409539139105,19.607843137254907,1.6664922045017223,1,0.11911448564883526
42,json_r_fast_10,114,1.14,59.76755448005541,58.38301939631036,75.45967904689249,77.22091888820566,0.51,1.02,117.6470588235294,2.343678982370148,27.45098039215685,3.5326009300251835,1,0.1245102249009678
42,json_r_fast_11,113,1.13,61.46572308707607,58.97585266439607,68.06375919797489,73.92869987156863,,,,4.134569656939357,,2.475584649268113,1,0.1310520047914308
42,json_r_slow_01,124,1.24,60.1728975370539,53.90526232209335,96.18788295938047,94.90281683217188,0.39,0.78,153.84615384615384,10.988317523177484,20.512820512820515,1.5708674453200144,1,0.08354152384060076
42,json_r_slow_02,124,1.24,57.577627196137215,58.16236582521508,74.95781793893677,126.0495669899964,0.56,1.12,107.14285714285714,1.0104348787544617,,2.4308444831289524,1,0.08537541642619006
42,json_r_slow_03,122,1.22,57.59772066947782,56.61697840071543,81.5924113897773,93.20900932603617,0.57,1.14,105.26315789473684,1.7173661126746231,,1.6675746796095523,1,0.11366776369753456
42,json_r_slow_04,122,1.22,60.91311412163383,57.61820531550879,98.07853803628862,86.49952185629715,0.505,1.01,118.81188118811882,5.559558134965895,29.702970297029697,0.8382402757128455,1,0.09522893816083006
42,json_r_slow_05,121,1.21,58.746856109984336,59.72644752536317,85.56832576613337,92.41969690109728,0.495,0.99,121.21212121212122,1.6536913976737713,62.62626262626263,2.5667992129639767,1,0.07716776857019425
42,json_r_slow_06,121,1.21,59.01973881171483,57.07238835969066,75.84431697274675,65.58495101603432,0.57,1.14,105.26315789473684,3.3548363691346283,,1.662989221553457,1,0.11697075140614183
42,json_r_slow_07,123,1.23,60.3310826389317,58.44567166400248,68.2809035202862,67.60705567447178,0.595,1.19,100.8403361344538,3.1747137493260387,21.848739495798323,2.34334535985512,1,0.10548041743575048
42,json_r_slow_08,120,1.2,61.3715671612356,58.07377808678385,76.32459826899417,70.62992413036235,0.625,1.25,96.0,5.521837736923345,17.600000000000016,1.5519479725141707,1,0.10032382913528248
42,json_r_slow_09,121,1.21,58.45348283694239,60.06191044945111,77.53862294350614,93.08232856909324,0.665,1.33,90.22556390977444,2.7142931697014925,19.548872180451127,1.6963751360352122,1,0.07799678820479333
42,json_r_slow_10,121,1.21,57.49923691022768,54.83761341520632,79.2664386038635,95.87255738406202,0.4649999999999999,0.93,129.03225806451613,4.73864717999619,49.46236559139785,3.130718422615343,1,0.10018978445383236
42,json_r_slow_11,121,1.21,56.77919088649426,58.7870522469247,72.0127367009016,95.83289999657256,0.54,1.08,111.1111111111111,3.474823280553306,7.407407407407414,1.577806003295771,1,0.10872042468435167
41,json_l_comf_01,129,1.29,55.908076308409946,58.07885644983547,46.19550083731672,34.59676672694201,0.5349999999999999,1.0699999999999998,112.1495327102804,3.808822799065093,13.084112149532704,4.338313295171447,1,0.09119428112694344
41,json_l_comf_02,130,1.3,56.4012586681941,56.54905011868669,43.46484632478823,49.1044921467157,0.55,1.1,109.09090909090908,0.2616928666772384,41.44144144144144,4.302015288750782,1,0.07383038948108261
41,json_l_comf_03,131,1.31,56.97666139061246,55.71426456944786,44.57456233167048,36.29443440271013,0.6,1.2,100.0,2.2404586889489506,31.57894736842105,4.613257965230968,1,0.06767075492014113
41,json_l_comf_04,130,1.3,58.54146751543793,56.1584680195927,44.78705359782792,35.581008916533165,0.685,1.37,87.5912408759124,4.155188901771321,30.65693430656935,3.607775063796833,1,0.04010985032341602
41,json_l_comf_05,131,1.31,56.690994835748256,57.51920624457367,42.56373924399894,37.60022915269977,0.61,1.22,98.36065573770492,1.4503282561300188,6.557377049180333,5.186995346666339,1,0.07055650078322373
41,json_l_comf_06,131,1.31,57.91811348208287,55.176088683333376,47.96318120094868,41.229753872960885,0.58,1.16,103.44827586206895,4.849098797724217,28.571428571428577,3.685913707146684,1,0.08884971892805288
41,json_l_comf_07,136,1.36,56.24460609891311,57.420913711605294,42.84057951683938,42.868790055062334,0.665,1.33,90.22556390977444,2.0697703483925496,7.518796992481193,4.00439206416935,1,0.06060657173506112
41,json_l_comf_08,133,1.33,59.38467253520987,57.27754534449953,41.90511023257085,42.80606119337622,0.725,1.45,82.75862068965517,3.612355789229047,37.24137931034483,3.808043631748565,1,0.00862099645765102
41,json_l_comf_09,130,1.3,58.93006460042915,56.580202512303885,45.427140562767775,36.13489630595569,0.71,1.42,84.50704225352113,4.068663586124166,36.61971830985916,4.391297868163813,1,0.02146605213491054
41,json_l_comf_10,137,1.37,57.06470541244613,54.86468583133846,44.22018934456512,44.14294698364807,0.48,0.96,125.0,3.9310846894824585,,3.6856669543083513,1,0.10452657435245877
41,json_l_fast_01,117,1.17,60.70063898064457,57.756850257474994,50.181989834175,41.235604137646334,0.46,0.92,130.43478260869566,4.970202799507362,9.090909090909086,4.82096065216587,1,0.1004687244866459
41,json_l_fast_02,122,1.22,61.37648751354166,58.5221281272907,54.38195356346135,64.88525841521033,0.56,1.12,107.14285714285714,4.761288311787462,54.39330543933053,3.842910533549227,1,0.07353004612698
41,json_l_fast_03,120,1.2,64.02970633892994,58.68815691856848,52.17023088098608,39.26071340595863,0.545,1.09,110.09174311926604,8.705414645548885,1.8348623853211024,3.630104510721978,1,0.08527826729501492
41,json_l_fast_04,122,1.22,62.051391426673206,62.08540178493027,55.92250395165313,43.12481574412304,0.655,1.31,91.6030534351145,0.0547949683202939,25.95419847328245,4.629106716186076,1,0.06316495434264291
41,json_l_fast_05,122,1.22,62.395052399703474,57.210654115883074,54.91286849496905,79.91411409444667,0.54,1.08,111.1111111111111,8.669148713476794,57.627118644067785,3.0507616782258897,1,0.07567748995223555
41,json_l_fast_06,121,1.21,60.56074715034231,57.27145547957497,55.88536395497718,45.56676210089793,0.49,0.98,122.44897959183672,5.583009733083269,9.625668449197873,4.22755980739901,1,0.10595751143015814
41,json_l_fast_07,121,1.21,58.13716711977448,57.51838090027147,47.58512367147179,43.04381772127928,0.55,1.1,109.09090909090908,1.0700502139261956,57.85123966942148,4.990853404156374,1,0.052569268622432164
41,json_l_fast_08,121,1.21,61.40373605964301,59.411370850735,53.15521984808325,45.20755094705287,0.635,1.27,94.48818897637796,3.298205431189944,26.77165354330707,4.182905510766737,1,0.08193797178365758
41,json_l_fast_09,122,1.22,62.91207090647366,58.26149215954088,49.504420658538805,38.89601502689997,0.645,1.29,93.02325581395348,7.675896671288235,35.65891472868217,3.82532447998259,1,0.05645156530843054
41,json_l_fast_10,122,1.22,61.24615040864563,59.58315529751109,57.61983607031067,40.79609325524476,0.525,1.05,114.28571428571428,2.7526353833047192,9.52380952380953,3.655679905498556,1,0.1021844479960547
41,json_l_slow_01,147,1.47,53.12253115656589,49.83653459176424,40.06871950139792,37.67516997248039,0.65,1.3,92.3076923076923,6.383112630089002,3.0769230769230798,4.986708700849519,1,0.05070765514876857
41,json_l_slow_02,144,1.44,54.63772519423888,53.19664048119024,37.8545352352176,38.95872352296671,0.69,1.38,86.95652173913044,2.67277449822659,20.289855072463773,4.528219394892464,1,0.04872049388801408
41,json_l_slow_03,144,1.44,49.91336555517128,52.27467742996758,39.67505819522334,35.0617149925523,0.69,1.38,86.95652173913044,4.621503271453596,28.099173553719,5.199977991054396,1,0.03481404575080277
41,json_l_slow_04,151,1.51,49.0576905944213,49.52040458358883,41.65351489122712,36.83238108613105,0.72,1.44,83.33333333333334,0.9387764864637868,16.666666666666664,2.932038071981169,1,0.03050123767732804
41,json_l_slow_05,145,1.45,48.86485327731958,54.05296989950283,42.117354680496405,42.76500536603112,0.73,1.46,82.19178082191782,10.08205665848485,16.43835616438356,5.03395298958783,1,0.02731514308151267
41,json_l_slow_06,140,1.4,51.431713474472446,55.02685544932461,43.97432450067403,37.13118839040841,0.64,1.28,93.75,6.754067824123331,9.375000000000009,4.447047964264282,1,0.07051681002019095
41,json_l_slow_07,142,1.42,54.337651077282246,53.52695006024257,41.16697743774452,42.42452038490471,0.63,1.26,95.23809523809524,1.5031827096009962,43.2,5.078327387180102,1,0.04702909266690053
41,json_l_slow_08,149,1.49,52.700351321335816,51.71121261522386,36.697616737403536,38.31730667825771,0.65,1.3,92.3076923076923,1.894691869021248,49.64539007092198,5.068462696359869,1,0.020326337479922185
41,json_l_slow_09,136,1.36,52.29284367919094,53.410174835600486,45.60041690253355,44.40416928752786,0.6499999999999999,1.2999999999999998,92.30769230769232,2.114095079041089,15.384615384615383,4.363028484796004,1,0.07393853429007119
41,json_l_slow_10,141,1.41,52.67110039338522,53.6497596421178,41.40398288080175,40.18598528011276,0.715,1.43,83.91608391608392,1.840954349702939,1.3986013986014,4.282679930038611,1,0.02328125833042527
41,json_r_comf_01,129,1.29,58.88218694032088,46.29377070235208,88.73572745054726,50.92735856462622,0.655,1.31,91.6030534351145,23.93782100037911,32.06106870229007,5.759524558919482,1,0.050905390763028247
41,json_r_comf_02,132,1.32,58.66614036285854,50.0999896415502,89.51823970005302,52.32392631331345,0.59,1.18,101.69491525423727,15.751504114306773,,6.074539333425812,1,0.09181998681213954
41,json_r_comf_03,131,1.31,59.02303864273557,50.5264288066391,89.55960420007634,81.47372275707227,0.78,1.56,76.92307692307692,15.511914450926833,20.512820512820515,5.24620882659619,-1,-0.007380710482735808
41,json_r_comf_04,131,1.31,56.31503114638046,55.10845575309702,98.51457468766608,56.43754948334264,0.815,1.63,73.61963190184049,2.165746965667976,23.312883435582837,4.636450589224575,-1,-0.037978538385197824
41,json_r_comf_05,132,1.32,56.81755439843961,53.38310995249226,84.42470688475913,88.87190595346745,0.775,1.55,77.41935483870968,6.233073940480844,9.032258064516135,4.590465907333083,-1,-0.0030864276258342205
41,json_r_comf_06,131,1.31,56.16937312888169,53.32382637942587,95.76609477074716,56.39138212028168,0.755,1.51,79.47019867549669,5.197668462030687,6.622516556291397,5.104317852759298,1,0.01123438963356893
41,json_r_comf_07,134,1.34,56.18237186498136,51.0636854610329,93.05802417698696,81.75594687191287,0.78,1.56,76.92307692307692,9.545686865463612,5.128205128205133,6.670765840961296,-1,-0.023635984010402455
41,json_r_comf_08,135,1.35,56.68550161958633,53.31411727984883,98.05827610708296,54.98483065125127,0.75,1.5,80.0,6.129810945653767,,5.149152149332842,1,0.016296329715310476
41,json_r_comf_09,138,1.38,55.1482183292372,50.55711526490637,85.31069157741183,47.67193177932961,0.69,1.38,86.95652173913044,8.686606263328962,26.08695652173914,5.340990625027977,1,0.05778835572049712
41,json_r_comf_10,136,1.36,58.196384725817765,51.5448277821521,94.21614244653384,52.345413591599616,0.8,1.6,75.0,12.122258888259694,,5.39020917208717,-1,-0.02965548226477077
41,json_r_fast_01,125,1.25,59.81022577454851,51.33491446404173,100.5163457405966,75.28419633481263,0.54,1.08,111.1111111111111,15.250889588718348,43.94618834080716,5.779048449437873,1,0.07355842221779046
41,json_r_fast_02,123,1.23,61.64817940270454,54.14154036167051,102.48141263674938,82.19789213581802,0.55,1.1,109.09090909090908,12.965985333256844,39.285714285714285,5.185744557451095,1,0.07278633932808543
41,json_r_fast_03,124,1.24,60.38658372131188,50.76913747539243,100.775893616174,72.00144734749978,0.56,1.12,107.14285714285714,17.304455663420416,39.99999999999999,5.716775623988431,1,0.06751090029871848
41,json_r_fast_04,124,1.24,60.5872012521656,54.44407626809216,95.00777791514028,55.727883868743945,0.54,1.08,111.1111111111111,10.680790679720294,42.20183486238531,5.431519267201285,1,0.08050910212065526
41,json_r_fast_05,121,1.21,61.72316584917458,53.84891928654165,91.7384665007593,55.05742140926401,0.53,1.06,113.20754716981132,13.626554463192752,59.20000000000001,3.649343302836885,1,0.06917642898175702
41,json_r_fast_06,121,1.21,59.60912727271098,55.06183393054228,114.59250009476465,98.98701465780138,0.605,1.21,99.17355371900828,7.931028561116991,14.876033057851236,4.999916680348903,1,0.06857995417756524
41,json_r_fast_07,119,1.19,62.698446523056816,55.8494014779813,90.84765767432674,62.84221172312098,0.53,1.06,113.20754716981132,11.554904050245664,35.29411764705881,4.428183690569661,1,0.09991143173649347
41,json_r_fast_08,120,1.2,61.78330042855332,53.968852646675046,103.26297157969668,77.52294399992067,0.53,1.06,113.20754716981132,13.502034431790811,42.99065420560747,4.473814696736088,1,0.07946635881638625
41,json_r_fast_09,120,1.2,65.65173806782819,53.92615906091453,114.1759600879971,85.17699002779973,0.53,1.06,113.20754716981132,19.61161600674312,53.1645569620253,5.261814630038233,1,0.05155135993516924
41,json_r_fast_10,121,1.21,59.94670708208952,53.91260004534445,103.89634888275994,116.25490762963572,0.53,1.06,113.20754716981132,10.599233719192684,40.37558685446009,4.637819465818586,1,0.060582974988185545
41,json_r_slow_01,147,1.47,51.37452792824909,46.502031084612526,81.37240047317478,74.36790528119163,0.62,1.24,96.7741935483871,9.95641222531391,,5.351408333873004,1,0.09627990097124789
41,json_r_slow_02,147,1.47,51.77511795746071,50.96700533936938,98.68817199733112,64.76339696565134,0.63,1.26,95.23809523809524,1.5730891909964284,,5.274885281435543,1,0.07840421855860086
41,json_r_slow_03,141,1.41,54.22359630620802,52.00411815160015,82.49613999958828,57.3460050652111,0.8,1.6,75.0,4.178717702694072,,6.775713984476293,-1,-0.025778664968131082
41,json_r_slow_04,142,1.42,56.05562112618493,54.31569017531402,94.17764954203544,59.34519418857667,0.67,1.34,89.55223880597015,3.152868132766823,,5.937173001297582,1,0.06917325167501376
41,json_r_slow_05,151,1.51,53.06960538201864,49.34569500687138,92.51937676485568,50.11912103360056,0.85,1.7,70.58823529411765,7.272175858503314,,5.781729304664792,-1,-0.053406370219573285
41,json_r_slow_06,152,1.52,51.194681038763264,50.42005505791104,63.45754820486728,42.84100401408473,0.85,1.7,70.58823529411765,1.5246331597323777,,6.171702791334043,-1,-0.051768371223873455
41,json_r_slow_07,148,1.48,50.2807493843128,47.29769698151517,78.00247318921059,51.48697255605472,0.82,1.64,73.17073170731707,6.114162530553043,,5.445222464658254,-1,-0.038890290936077765
41,json_r_slow_08,143,1.43,51.61977301251537,48.29834166049582,90.67767110845666,59.34658235730958,0.6950000000000001,1.39,86.33093525179855,6.6483066917128175,64.74820143884892,5.9036041074399055,-1,-0.006367155978564409
41,json_r_slow_09,144,1.44,53.54453983040023,52.61611676462546,77.52226523285618,90.54448552380806,0.81,1.62,74.07407407407408,1.7490906623090126,,5.659091139638171,-1,-0.03295645720688256
41,json_r_slow_10,146,1.46,52.99294941936722,49.06605012033398,81.94040542246077,53.71540317459704,0.83,1.66,72.28915662650603,7.695351349207895,,6.149765467022524,-1,-0.040159588325923146
40,json_l_comf_01,122,1.22,58.15814271772608,52.742845965472085,37.46005764106074,72.41101778540059,0.71,1.42,84.50704225352113,9.76600265976606,,0.7187729680989403,1,0.036939069135679015
40,json_l_comf_02,121,1.21,43.53141832772448,58.2103008932954,35.07609669123036,33.141611130381094,0.5,1.0,120.0,28.855188762208872,39.99999999999999,0.0477689717427732,1,0.04904561405301011
40,json_l_comf_03,120,1.2,49.69617786787416,55.65963070363725,33.028156251020604,36.90706331105527,0.365,0.73,164.38356164383563,11.3205962093971,25.149700598802397,1.971726566180815,1,0.05173646111917973
40,json_l_comf_04,121,1.21,63.27491178855769,56.767203625972414,47.58244769206382,39.14668857682516,0.61,1.22,98.36065573770492,10.8423750116579,26.229508196721294,2.2856022396838758,1,0.08144486939815115
40,json_l_comf_05,121,1.21,67.4223444167875,59.04601241125786,50.10526160195855,86.61622460887274,0.62,1.24,96.7741935483871,13.246526191399234,32.258064516129025,1.9429160488374235,1,0.08174134994050863
40,json_l_comf_06,123,1.23,48.45566117900847,57.50911417844763,26.903320728043383,37.40709691611329,,,,17.087665158348532,,1.947906330220146,1,0.08018392324231305
40,json_l_comf_07,123,1.23,57.314073236162045,68.31982424508038,57.275473613133954,95.89674100015922,0.53,1.06,113.20754716981132,17.52035275441731,37.735849056603776,1.8329503501252813,1,0.08829915166634472
40,json_l_comf_08,120,1.2,58.2436548065117,60.21438511267169,43.74451690809264,38.01341178302202,0.33,0.66,181.8181818181818,3.327305276204976,7.29927007299269,1.4623227183547365,1,0.03113460444722005
40,json_l_comf_09,121,1.21,50.403917882683714,63.52841334621287,43.45875714650708,89.16701358776257,0.37,0.74,162.16216216216216,23.03910632208744,23.809523809523807,1.8535316221265237,1,0.06294878212544819
40,json_l_comf_10,121,1.21,50.74197137501076,62.1860525186307,32.332407067990715,70.77798889476057,0.53,1.06,113.20754716981132,20.267920661390963,49.0566037735849,1.9033048261118777,1,0.05497881673924193
40,json_l_fast_01,110,1.1,61.08582712006572,58.68429169143074,53.99698129020294,53.863681526776745,0.325,0.65,184.6153846153846,4.010241373167034,,0.7739801242296663,1,0.04408824819790408
40,json_l_fast_02,114,1.14,63.35370260505746,61.074264684299166,55.387471039743176,39.96456260403976,0.575,1.15,104.34782608695652,3.663867489625505,67.82608695652175,0.7741095393714073,1,0.02818173561663595
40,json_l_fast_03,111,1.11,63.59211948324375,57.6911092593803,52.28642713669535,40.7156648511844,0.53,1.06,113.20754716981132,9.730958327941655,67.9245283018868,0.0728018492088416,1,0.04320516711341177
40,json_l_fast_04,112,1.12,51.28152540898871,57.30487383356544,48.33722491301124,38.12008260489341,0.425,0.8500000000000001,141.17647058823528,11.094112092476903,58.82352941176471,0.7931719056503532,1,0.048903062275418074
40,json_l_fast_05,112,1.12,38.59388048498204,59.73303242843748,32.34912632222422,49.52897406193576,,,,42.99769273152967,,5.28440802350313,1,0.06256728485307095
40,json_l_fast_06,115,1.15,51.28163225626416,77.42338754088868,44.58931475932826,71.1075324125214,0.53,1.06,113.20754716981132,40.62274389270219,30.18867924528301,1.5266529307820742,1,0.05976122593557476
40,json_l_fast_07,111,1.11,51.17676262838208,79.07094574199421,61.11000347447185,75.4041144571429,0.505,1.01,118.81188118811882,42.83251269848279,37.62376237623762,1.6126937137302892,1,0.07471513232664506
40,json_l_fast_08,111,1.11,58.533783651460055,88.63437674346608,60.460604605552106,74.8868660211633,0.36,0.72,166.66666666666669,40.90639308289375,37.83783783783784,0.085733764822933,1,0.02352036154128817
40,json_l_fast_09,112,1.12,57.24236532788716,79.38873089905235,65.34081467404873,63.320185509078925,0.87,1.74,68.96551724137932,32.41775288749912,,0.0477211135367886,-1,-0.0804177185404289
40,json_l_fast_10,113,1.13,49.337349772635065,62.75454371378309,60.88631684537155,32.47909452405193,0.42,0.84,142.85714285714286,23.939632963330663,50.0,0.0940033419239444,1,0.0352541646718722
40,json_l_slow_01,135,1.35,22.78011729410173,55.18394737641118,29.85466483604341,21.20641570982086,0.525,1.05,114.28571428571428,83.12504028427095,32.38095238095238,1.8532808210397151,-1,-0.03381029524368173
40,json_l_slow_02,140,1.4,29.59782116752288,52.761075852297,42.42339076596595,34.64801928428835,0.38,0.76,157.89473684210526,56.2495504989578,31.952662721893493,0.7540633968493458,-1,-0.0032334153313813285
40,json_l_slow_03,138,1.38,24.05557043776,60.5129576782341,37.753138917586696,34.87810691716609,0.515,1.03,116.50485436893204,86.21975113595259,60.19417475728156,1.7289189194586836,-1,-0.043711135049162686
40,json_l_slow_04,136,1.36,58.572603970072976,51.35355639296279,46.50486664324488,42.87688994998352,0.39,0.78,153.84615384615384,13.134357742086108,23.6024844720497,1.6522646080446337,1,0.08010889550855022
40,json_l_slow_05,138,1.38,23.105912702936223,51.30733229612041,26.13325812933647,15.91658859589512,0.81,1.62,74.07407407407408,75.79677406499799,,1.8040659143642563,-1,-0.11126205681066836
40,json_l_slow_06,136,1.36,34.442440371044086,57.17141715050761,40.12147861894472,40.051483721555854,0.38,0.76,157.89473684210526,49.61908033207017,,0.0339166670549116,1,0.030395156179520655
40,json_l_slow_07,139,1.39,59.51792585108477,57.75890307080827,49.08258313435896,37.474760489728666,0.5549999999999999,1.11,108.10810810810813,2.9997788931486435,52.25225225225225,1.522111291355054,1,0.06192670139628931
40,json_l_slow_08,137,1.37,19.309682627381363,50.48597419210222,41.45362001319237,31.991939052661703,0.575,1.15,104.34782608695652,89.33590709047655,43.47826086956521,0.8104319294978738,-1,-0.047281846431461494
40,json_l_slow_09,138,1.38,24.61744566606504,21.89103358563338,43.6760173928931,11.989545290288136,0.69,1.38,86.95652173913044,11.724365639549882,,1.7179225147944155,-1,-0.04350842638394625
40,json_l_slow_10,136,1.36,27.456887138052025,56.39057119814625,47.44381640330543,38.61962841665917,0.38,0.76,157.89473684210526,69.0150533700867,36.36363636363637,1.5299341900270331,-1,-0.01070824182491903
40,json_r_comf_01,121,1.21,65.59169283089605,57.32248643777595,89.13327221852654,59.523237596758726,0.42,0.84,142.85714285714286,13.455252180539484,60.28708133971293,2.322027065239584,1,0.06416849185781948
40,json_r_comf_02,120,1.2,62.43949182341856,35.89885069417156,68.92005410193029,46.0237649374254,0.54,1.08,111.1111111111111,53.97821531209882,0.0,1.7283237650599,1,0.05208953454328891
40,json_r_comf_03,125,1.25,62.86824890698435,55.07957004580436,53.95395556532844,61.02969059890435,0.48,0.96,125.0,13.206990905525068,,1.8845186925169253,1,0.11568998371406175
40,json_r_comf_04,122,1.22,60.06195211366858,25.35598301871013,57.21815491308493,54.32295099215597,,,,81.26155014440924,,1.852704304535604,1,0.046675730117246184
40,json_r_comf_05,126,1.26,59.37576292508632,24.7545601352366,68.89080812685866,47.95425160571587,0.56,1.12,107.14285714285714,82.30374383568147,39.285714285714285,1.8648511573750568,1,0.006209799796492166
40,json_r_comf_06,124,1.24,59.44162263331826,23.16340656994177,59.47661386956115,56.219076951139385,0.39,0.78,153.84615384615384,87.83536889529908,0.0,1.839985563196889,-1,-0.005838451300943626
40,json_r_comf_07,124,1.24,58.96211793925957,31.37616274374884,64.06725772831705,41.91468599033438,0.405,0.81,148.14814814814815,61.07257075725892,0.0,1.742609521051692,1,0.025224915355129496
40,json_r_comf_08,124,1.24,61.24373157614261,23.40307793025127,64.73620076750399,42.77423957917755,0.4,0.8,150.0,89.40834005806919,0.0,1.693525579243209,-1,-0.004216657537759461
40,json_r_comf_09,124,1.24,62.311089321332304,24.856726270164582,73.45016519610607,45.34568019886571,0.39,0.78,153.84615384615384,85.93622037448726,66.66666666666666,1.57668029436589,-1,-0.0411392507255145
40,json_r_comf_10,125,1.25,60.74805222182857,20.43745627093097,60.55746129185927,47.94466821048055,0.39,0.78,153.84615384615384,99.30490477741525,0.0,0.8034598963186497,-1,-0.027841045684777854
40,json_r_fast_01,116,1.16,63.877139439210765,57.38918011123668,92.68888696960548,69.01192647714836,0.33,0.66,181.8181818181818,10.700348377069457,11.764705882352937,1.5709498518187326,1,0.055121181697867894
40,json_r_fast_02,119,1.19,61.29995185336364,51.200162173591536,76.45194362981303,44.62130356184883,0.34,0.68,176.47058823529412,17.95516345406046,1.4598540145985253,0.8011957663500714,1,0.04174860271878339
40,json_r_fast_03,117,1.17,61.85361722497901,29.552758912814,70.95185911446829,57.34730114365787,0.61,1.22,98.36065573770492,70.67528476016204,25.925925925925924,0.796694421865393,1,0.026542400735169225
40,json_r_fast_04,115,1.15,60.91191688334172,38.65006957000122,69.5394822018611,76.21662773318317,0.57,1.14,105.26315789473684,44.71957241185201,25.742574257425748,0.0726883781948898,1,0.0650475126585241
40,json_r_fast_05,115,1.15,61.08312982241941,26.12815371993153,77.87880657127674,67.92649739819751,0.62,1.24,96.7741935483871,80.16159075451121,42.73504273504274,0.7819465681112054,-1,-0.011171246137832491
40,json_r_fast_06,116,1.16,60.0726649856819,23.118761339385145,96.7021180673078,58.55808700945367,0.68,1.36,88.23529411764706,88.84065408832133,0.0,0.7959501737344041,-1,-0.05655032443678287
40,json_r_fast_07,116,1.16,57.15765955985506,46.20564658651844,93.36396126034975,74.76716534422162,0.36,0.72,166.66666666666669,21.19129772770116,66.66666666666666,0.0425894911740534,1,0.016003844795593636
40,json_r_fast_08,115,1.15,58.01182019771405,55.34047212786336,76.72442754933473,61.737439141450025,0.35,0.7,171.42857142857144,4.713355177992995,12.244897959183684,1.6264805246770102,1,0.08422264297813142
40,json_r_fast_09,115,1.15,59.06604807985917,71.69996423155742,56.64169840281652,58.11871444926626,0.365,0.73,164.38356164383563,19.322935567708267,0.0,1.8163061684406576,1,0.06390722258665132
40,json_r_fast_10,117,1.17,54.49606807246899,50.0122676066988,39.725590770948855,46.12275203746751,0.37,0.74,162.16216216216216,8.580751835021266,,1.803924278712794,1,0.06828204841796698
40,json_r_slow_01,133,1.33,61.33809281765885,36.44008912078027,82.84474944439167,69.39689952133514,0.53,1.06,113.20754716981132,50.92752432757298,56.27705627705627,0.7886866834045779,1,0.03226745504478434
40,json_r_slow_02,135,1.35,59.99574544330106,48.48427596879026,64.38924584185733,61.07716005824293,0.425,0.8500000000000001,141.17647058823528,21.223206493998205,0.0,1.865728810011711,1,0.08536473663060479
40,json_r_slow_03,135,1.35,55.62942062537914,52.029583342433085,55.37747556898098,70.39171596973719,0.48,0.96,125.0,6.687480192594631,,1.818760898398324,1,0.11781219990942277
40,json_r_slow_04,132,1.32,61.59646961195196,47.96414633328772,80.2755188769032,70.14570288328991,0.345,0.69,173.91304347826087,24.88544475777303,2.898550724637668,1.4814405261248915,1,0.055607211420696245
40,json_r_slow_05,134,1.34,63.06029850058174,28.634516525076805,89.19511181364021,79.66527574495004,0.425,0.8500000000000001,141.17647058823528,75.08773961945771,2.3809523809523827,1.5318990911553645,1,0.021324589957352036
40,json_r_slow_06,134,1.34,56.65277266886565,18.81546672493297,76.87476623962606,52.60099346780265,0.5,1.0,120.0,100.27345608659274,0.0,0.0663502093860928,-1,-0.009655866382535017
40,json_r_slow_07,134,1.34,62.29435337624861,47.74287557503084,66.43052816583108,51.90429282585961,0.43,0.86,139.53488372093022,26.448281077053743,4.651162790697678,1.5195942642824511,1,0.08343197842827199
40,json_r_slow_08,132,1.32,58.97567856711021,48.527071350764885,65.39273750344852,52.693811397821904,0.4,0.8,150.0,19.43877198365132,0.0,0.783368382680278,1,0.07310191219711931
40,json_r_slow_09,131,1.31,61.42286202685669,13.78063371690098,68.12751759672148,48.43356297557053,0.555,1.11,108.1081081081081,126.7021641448371,1.8018018018018032,1.8907164066885336,-1,-0.041903416782908764
40,json_r_slow_10,140,1.4,62.911856332020605,24.430786775160698,72.5463868252649,68.26716276067029,0.71,1.42,84.50704225352113,88.11519365091436,28.16901408450705,1.5623522028826855,-1,-0.030549195972445653
39,json_l_comf_01,110,1.1,57.16468537611381,53.46239937577016,42.84536653681268,77.47623294394259,0.755,1.51,79.47019867549669,6.693272282546698,19.86754966887416,1.3109811033343617,1,0.005375328782456001
39,json_l_comf_02,112,1.12,48.24765439107425,56.2888575939472,37.5075838711922,37.114926919276,0.39,0.78,153.84615384615384,15.384487295740527,45.83333333333333,1.7232639097122968,1,0.049171435081772796
39,json_l_comf_03,114,1.14,57.74267167309189,54.69574457827815,52.19229482228754,64.30322362705539,0.5,1.0,120.0,5.41972609788803,0.0,1.798793207312189,1,0.11220541640835319
39,json_l_comf_04,111,1.11,60.09683722609137,55.1136003657613,42.087334567562905,54.518045207353296,0.33,0.66,181.8181818181818,8.650669096464688,10.071942446043156,2.666748798775177,1,0.04589603928459668
39,json_l_comf_05,111,1.11,35.063224082577534,18.15174609898736,31.016578712093505,26.837490328919145,0.51,1.02,117.6470588235294,63.55909972659825,3.921568627450984,9.719014598892317,-1,-0.030762532850693303
39,json_l_comf_06,113,1.13,52.99797520064445,57.763176404736456,41.93613461090929,33.03760367463185,0.665,1.33,90.22556390977444,8.60446309021675,31.578947368421044,3.599737825285692,1,0.041742444833764936
39,json_l_comf_07,111,1.11,56.03088552721306,40.24752705801234,35.01639206601632,57.19385158582864,0.5449999999999999,1.09,110.09174311926608,32.786910472229344,53.21100917431192,4.459882685003666,1,0.03067292322601184
39,json_l_comf_08,112,1.12,55.78513521805807,59.08405338678583,32.86086066094171,73.31637567882937,0.565,1.13,106.19469026548674,5.743782486487661,76.10619469026551,3.4252630685689573,1,0.006611980179545507
39,json_l_comf_09,114,1.14,32.16025267921333,44.52079047713849,19.6859320404142,33.093989922572675,0.51,1.02,117.6470588235294,32.23883580384309,7.843137254901968,7.880056398352339,1,0.003167672081297701
39,json_l_comf_10,113,1.13,60.38849618144037,57.843858745509,72.72269108219224,72.2790081845721,0.43,0.86,139.53488372093022,4.304468835968968,9.756097560975604,1.748595124603746,1,0.11052040872941704
39,json_l_comf_11,112,1.12,54.926623084780914,42.402411357160986,41.52381399517961,38.884198191008224,0.36,0.72,166.66666666666669,25.73581829806561,51.06382978723404,3.673755251955449,1,0.017557007780455658
39,json_l_fast_01,108,1.08,57.0355951062386,51.55921660561626,55.47939976682465,66.94764791287645,0.42,0.84,142.85714285714286,10.085893449777972,32.25806451612904,0.9403046352771948,1,0.08983547204142162
39,json_l_fast_02,107,1.07,57.641506383421415,47.82985104926512,53.18408112382439,53.31758468758649,0.52,1.04,115.3846153846154,18.60534570329817,0.0,1.7854391952569506,1,0.09449554090864687
39,json_l_fast_03,108,1.08,58.54037147389509,51.73292062835242,52.10406990115343,68.03368288849315,0.445,0.89,134.8314606741573,12.346508779715538,6.741573033707871,0.9593388442395692,1,0.10125940941104555
39,json_l_fast_04,110,1.1,57.93481811658468,50.13339726640774,42.34990867683304,54.23946869549188,0.51,1.02,117.6470588235294,14.43795628997629,7.843137254901968,3.5562235198863505,1,0.1030974310694423
39,json_l_fast_05,109,1.09,59.85608454114394,53.329244587539776,69.40392818468852,68.84767045151366,0.48,0.96,125.0,11.533014046694358,0.0,1.7627875481085038,1,0.11033520723101425
39,json_l_fast_06,112,1.12,39.42773140378128,29.50055737722585,26.587561819247654,29.203857259472684,0.64,1.28,93.75,28.804353632208034,,5.529948250463229,1,0.002682344618628152
39,json_l_fast_07,110,1.1,59.30845208611326,52.29989785396221,58.325434322330814,55.55602524710129,0.4599999999999999,0.92,130.43478260869566,12.559193350522744,8.695652173913041,1.811466777898117,1,0.11154747741550597
39,json_l_fast_08,109,1.09,60.07862216182888,54.55228454504167,44.40686349302882,77.32933067579019,0.495,0.99,121.21212121212122,9.641967904727348,6.060606060606066,1.8285672351998377,1,0.10842839019023098
39,json_l_fast_09,111,1.11,54.75450726792468,37.845003848807465,32.45466719316647,53.55855351193395,0.55,1.1,109.09090909090908,36.52179847429405,21.818181818181813,1.800190143652512,1,0.059586760374397696
39,json_l_fast_10,110,1.1,60.07727130655233,57.62028179667897,54.79185659864493,50.53276423216733,0.51,1.02,117.6470588235294,4.175090212314553,0.0,1.3410342970785614,1,0.09823151269116465
39,json_l_slow_01,109,1.09,54.21984345969084,49.57471437238618,46.777375817389775,68.3675747420509,0.4399999999999999,0.8799999999999999,136.36363636363637,8.950621659412487,,4.274522769943119,1,0.09766126993680335
39,json_l_slow_02,111,1.11,55.62863121549088,46.4695003355551,38.91852096712586,50.68979085266902,0.62,1.24,96.7741935483871,17.94181879882199,0.0,5.431540838489687,1,0.05623032993811178
39,json_l_slow_03,116,1.16,57.70191962059333,53.55727621441733,110.93397267066132,105.3097537601748,0.4649999999999999,0.93,129.03225806451613,7.450428479318165,49.46236559139785,1.756761917561131,1,0.058091373934223145
39,json_l_slow_04,111,1.11,58.82989798368692,49.9296932865939,43.72781790727504,39.42937869964069,0.33,0.66,181.8181818181818,16.36674907130705,0.0,2.6566294229489973,1,0.016363962002973242
39,json_l_slow_05,115,1.15,50.860185123146266,48.09288933271711,32.06298357740225,45.68324265541651,0.35,0.7,171.42857142857144,5.593147672563672,4.379562043795625,8.153373223737121,1,0.009570176731975855
39,json_l_slow_06,114,1.14,59.72590577601537,28.056873668752477,40.41276413815399,65.62649190998044,0.435,0.87,137.93103448275863,72.15317698430539,5.714285714285694,8.114197471108863,1,0.0016362864566631385
39,json_l_slow_07,114,1.14,53.594824599205054,44.39569728168854,40.58694717788036,34.44351993022234,0.37,0.74,162.16216216216216,18.77554510567451,45.16129032258064,2.1287610604025105,1,0.03475545173784228
39,json_l_slow_08,112,1.12,61.65758286021664,48.76298126038691,49.03297612772055,53.92734685603814,0.35,0.7,171.42857142857144,23.35543510852921,8.219178082191789,1.8188350994149247,1,0.0625561673773104
39,json_l_slow_09,112,1.12,62.80263742090152,44.48653247923811,39.49594514357281,40.60444893021122,0.4,0.8,150.0,34.143436767590416,37.037037037037045,3.827125183379039,1,0.039262789252194896
39,json_l_slow_10,113,1.13,59.98073424379941,28.58331963082921,36.23385248183671,59.93286112493219,0.51,1.02,117.6470588235294,70.90329143563463,15.873015873015875,3.31167342123289,1,0.04106367408452449
39,json_l_slow_11,113,1.13,60.002969702317614,49.709535751520136,50.67263927948161,67.97773497531946,0.47,0.94,127.65957446808513,18.7643767831526,31.57894736842105,1.843397588514761,1,0.105070657480689
39,json_l_slow_12,110,1.1,58.29815592011525,26.77704234498009,32.639647212360416,40.00636394796592,0.67,1.34,89.55223880597015,74.10176930041348,35.82089552238806,5.343596321138874,-1,-0.03379857490152438
39,json_l_slow_13,113,1.13,42.38661110305054,38.45582039177671,34.18135811708912,35.74918275025662,0.3,0.6,200.0,9.724573194029531,66.66666666666667,4.434999156434467,-1,-0.0780916200449745
39,json_r_comf_01,112,1.12,60.00392936972953,55.886833920141015,94.6348099870378,100.40354211863996,0.5,1.0,120.0,7.10513130246744,12.00000000000001,3.600034523370132,1,0.1061235937127823
39,json_r_comf_02,111,1.11,60.42735119000575,32.234651917289966,68.51419000937761,105.10434475799778,0.49,0.98,122.44897959183672,60.85061476616415,12.244897959183673,1.879009115176738,1,0.0549095568534404
39,json_r_comf_03,111,1.11,60.91753512879082,31.20751995701511,77.47748182995565,86.72611058159929,0.65,1.3,92.3076923076923,64.49931594418824,3.0769230769230798,0.0580196238068108,1,0.01542869388777135
39,json_r_comf_04,112,1.12,56.35495018889708,32.12755906909942,88.85293558215608,87.28796347503196,0.68,1.36,88.23529411764706,54.76198928571443,0.0,2.8251199079564246,1,0.01123092969261641
39,json_r_comf_05,112,1.12,60.527957151416274,54.97754505090552,105.00997369201627,129.67291825062927,0.52,1.04,115.3846153846154,9.610645371314936,30.24390243902439,1.919280829109311,1,0.05851396045169821
39,json_r_comf_06,112,1.12,58.91115287491528,56.3889801026485,98.22190818558856,124.40384754701697,0.5449999999999999,1.09,110.09174311926608,4.37496940746384,9.174311926605494,1.773839706956768,1,0.07265902761788423
39,json_r_comf_07,111,1.11,61.338630894303975,55.28014092450097,99.03723386577046,126.29794803067458,0.53,1.06,113.20754716981132,10.390248285612738,24.154589371980663,1.863353323568604,1,0.07551374885085599
39,json_r_comf_08,110,1.1,59.287049940233175,55.91370711711856,108.7346262789044,124.72990863358692,0.45,0.9,133.33333333333334,5.856459470027999,26.666666666666668,1.8861448169361,1,0.07009943345359887
39,json_r_comf_09,110,1.1,59.23530969426753,54.25022170572807,95.3344129082872,134.39914304308553,0.545,1.09,110.09174311926604,8.785415950459488,5.504587155963307,1.8705772452449767,1,0.06143894897064167
39,json_r_comf_10,112,1.12,61.29814345221735,57.53358654375579,103.13037714471048,118.62804727614107,0.5549999999999999,1.11,108.10810810810813,6.335945641099608,5.405405405405391,2.569926364138816,1,0.0723359495576143
39,json_r_fast_01,106,1.06,60.65002915046563,51.97937554292895,88.62375707798626,130.02018010281554,0.47,0.94,127.6595744680851,15.396784935764096,34.04255319148937,1.8949150749244104,1,0.07822939052816064
39,json_r_fast_02,109,1.09,56.80334666127851,53.96541401324807,92.92855806844196,83.63583926244186,0.385,0.77,155.84415584415584,5.124066805024899,28.57142857142857,1.831032516281331,1,0.09072141995109057
39,json_r_fast_03,111,1.11,59.08753115542672,58.91590188578681,105.76137729563489,93.6099871328872,0.515,1.03,116.50485436893204,0.2908886041984308,29.126213592233004,1.92921150604806,1,0.08986664927081806
39,json_r_fast_04,110,1.1,53.88337598021141,54.314465147332086,105.39966772455594,90.9074345135632,0.49,0.98,122.44897959183672,0.7968535464815925,12.244897959183673,1.8591464121099,1,0.08866872869836534
39,json_r_fast_05,109,1.09,59.64727756804639,46.13250184164207,93.81264467081289,93.92886343872846,0.43,0.86,139.53488372093022,25.55266384903521,,1.8616156493957057,1,0.08921023830155389
39,json_r_fast_06,109,1.09,60.21457255272138,52.88686970055862,92.9008071971643,71.75046967936423,0.4499999999999999,0.8999999999999999,133.33333333333334,12.957753157122545,8.888888888888886,1.8902109879476363,1,0.10790334816125552
39,json_r_fast_07,108,1.08,56.003607061810754,56.30203152704429,95.56173361058298,114.3185199221505,0.49,0.98,122.44897959183672,0.5314505468884848,,2.625087998070242,1,0.0924641870849362
39,json_r_fast_08,111,1.11,57.72616056845506,56.84407908871819,100.99199179962449,89.87362053177743,0.56,1.12,107.14285714285714,1.5398090854593778,0.0,1.839403211534526,1,0.0811436688429002
39,json_r_fast_09,110,1.1,54.20263132062392,52.70827942119181,93.0805860073568,88.66921421406772,0.4649999999999999,0.93,129.03225806451613,2.795508688614392,6.451612903225801,2.6991570644978085,1,0.11132321837552422
39,json_r_fast_10,109,1.09,59.497340724027936,55.59662174602222,103.99546882934176,118.3543657625732,0.47,0.94,127.65957446808513,6.778320763820711,12.76595744680851,2.714432442894509,1,0.07914554589688644
39,json_r_slow_01,121,1.21,56.04603001743276,48.45129651547353,90.74951553947332,92.7574925495062,0.36,0.72,166.66666666666669,14.535746997446177,63.91752577319589,3.5641394475055472,1,0.037380364170093106
39,json_r_slow_02,115,1.15,55.69635167471221,53.8041352004081,97.24409504520582,90.25029588551158,0.69,1.38,86.95652173913044,3.4560877824444427,,1.9237034209359736,1,0.05883858715040857
39,json_r_slow_03,116,1.16,55.91991447014129,51.29360335156298,83.86778846916877,101.39300811288618,0.595,1.19,100.8403361344538,8.630089213697577,5.042016806722694,1.866881865400332,1,0.09323851922340926
39,json_r_slow_04,115,1.15,57.64810859763644,55.779104645586486,87.90078885857052,91.8333473601093,0.575,1.15,104.34782608695652,3.2955124235349595,1.7391304347826104,1.957564949658436,1,0.09278145450595598
39,json_r_slow_05,113,1.13,59.00091347093705,50.42358636848954,96.7194394379398,95.05334995265308,0.5700000000000001,1.14,105.26315789473684,15.677160261247138,7.017543859649108,1.8357616718466376,1,0.09063554079037717
39,json_r_slow_06,112,1.12,55.18025622301802,48.43569180834892,81.7840474133283,95.78079978215656,0.5549999999999999,1.11,108.10810810810813,13.018390591045623,12.612612612612606,2.6280567213721264,1,0.1078017801597651
39,json_r_slow_07,115,1.15,58.07273573628848,51.94508274366626,86.22294613959842,122.54475051744944,0.5800000000000001,1.16,103.44827586206895,11.13938283322474,6.896551724137917,2.743831669310016,1,0.08244579167741867
39,json_r_slow_08,114,1.14,57.0902255474133,54.87859334815644,99.7257571952604,100.55982227273417,0.56,1.12,107.14285714285714,3.9504430270352016,25.0,1.755696219801949,1,0.09051041526718101
39,json_r_slow_09,113,1.13,61.36263708349786,52.16207509260241,100.51376647793188,85.55431115554808,0.5349999999999999,1.0699999999999998,112.1495327102804,16.208914895328657,20.5607476635514,2.8769763181338623,1,0.09923754087211079
39,json_r_slow_10,113,1.13,57.06052666058363,52.99550658798765,105.76764632090055,96.63713911439974,0.53,1.06,113.20754716981132,7.387182606181667,7.547169811320761,2.742716673841232,1,0.08584968417015698
38,json_l_comf_01,115,1.15,58.374415519912574,52.07771469641565,47.55739881500928,57.26649244695301,0.36,0.72,166.66666666666669,11.401682903108144,0.0,1.593982149514925,1,0.06384916074912905
38,json_l_comf_02,115,1.15,41.11850598694298,35.24739658864317,32.63844660720105,41.49113238502089,0.66,1.32,90.9090909090909,15.376258775933794,,7.696905729781789,1,0.014950345387717834
38,json_l_comf_03,115,1.15,35.79454929175091,44.09993644371679,31.418424247704053,38.30723456071213,0.68,1.36,88.23529411764706,20.790889572692624,,11.279536837872705,-1,-0.008090083427944816
38,json_l_comf_04,114,1.14,58.39328455865224,53.69682096481768,55.5803246592053,81.50052563539154,0.52,1.04,115.3846153846154,8.37980046838514,76.92307692307692,1.627894890641369,1,0.04491628881891452
38,json_l_comf_05,117,1.17,61.14956083110371,56.930534247397375,57.17077371661969,63.18571721759049,0.365,0.73,164.38356164383563,7.146041982607615,,2.4223263275356604,1,0.09169902003291219
38,json_l_comf_06,116,1.16,49.87967032634715,55.91475634577775,46.160590678181066,87.276217336851,0.31,0.62,193.5483870967742,11.409081195050778,,1.5851434316750197,1,0.0094876530496526
38,json_l_comf_07,115,1.15,59.802778414969936,57.38461555175607,52.75748076896247,65.89819284615228,0.46,0.92,130.43478260869566,4.127001687400736,18.604651162790688,1.5627142734425767,1,0.11722763296669408
38,json_l_comf_08,117,1.17,61.35669741843554,56.05936252706981,55.2882376258801,66.63125661231331,0.53,1.06,113.20754716981132,9.02318625548211,,3.411779423853076,1,0.11979217014758181
38,json_l_comf_09,116,1.16,58.6218729878952,52.339228520011375,50.53653783721238,77.39937872145302,0.505,1.01,118.81188118811882,11.324048486371876,77.22772277227722,2.38400936197333,1,0.04555593306330763
38,json_l_comf_10,116,1.16,60.330330242332565,54.44316359757511,45.56615981805476,57.201946740598686,0.36,0.72,166.66666666666669,10.258756526082928,74.07407407407408,3.1033703486776902,1,0.030201917912349885
38,json_l_fast_01,107,1.07,44.80989019740932,19.1671797274652,21.694318157444272,24.80006269606551,0.53,1.06,113.20754716981132,80.16219092263913,,1.744022021939431,-1,-0.018880401380747536
38,json_l_fast_02,110,1.1,37.95242863720301,41.747156968944125,25.191797464317887,32.972602773505585,0.37,0.74,162.16216216216216,9.522579829946892,,0.7740646195170754,1,0.01710303473039576
38,json_l_fast_03,110,1.1,39.741928861513145,52.48385451374348,23.708151512706166,33.38700983924669,0.39,0.78,153.84615384615384,27.63202476770478,,0.8095246233716749,1,0.023802150419031054
38,json_l_fast_04,110,1.1,38.67942003575448,38.34515214170614,37.09514015152675,46.35436114815485,0.37,0.74,162.16216216216216,0.8679513163103386,17.93103448275862,0.0714491203875923,1,0.020151774363708075
38,json_l_fast_05,109,1.09,53.175449390308245,23.16026467364665,40.00499456938883,63.85629646524207,0.505,1.01,118.81188118811882,78.63995270029058,5.940594059405946,0.8355142812197175,1,0.027634996171497117
38,json_l_fast_06,109,1.09,42.567334206104846,21.676478054861576,17.51646760005997,32.34114747624467,0.58,1.16,103.44827586206895,65.03616586880614,,0.100461679571979,-1,-0.02527048603596671
38,json_l_fast_07,110,1.1,41.61041949400405,44.560101410570695,19.120360615776637,33.43390473707433,0.34,0.68,176.47058823529412,6.846150831171428,,1.8354458087624543,-1,-0.016805727765655365
38,json_l_fast_08,108,1.08,43.839792265472965,51.55906577971672,37.75413233046868,38.28847512122911,0.42,0.84,142.85714285714286,16.183157057471682,33.333333333333336,0.1329568281264486,1,0.049476994858773604
38,json_l_fast_09,110,1.1,56.608671066980165,47.113989923525565,43.60718026948145,45.78203358784212,0.3399999999999999,0.6799999999999999,176.47058823529414,18.307824062330404,5.97014925373135,1.150415343299119,1,0.04450894372694347
38,json_l_fast_10,111,1.11,43.31088288281083,45.6905411103846,24.35932466000466,29.33429461199924,0.65,1.3,92.3076923076923,5.347461019849989,,1.7956632985848104,1,0.02370724693306525
38,json_l_slow_01,120,1.2,48.43566448205331,56.34813412739277,51.48215744776495,83.15093504743139,0.34,0.68,176.47058823529412,15.102467653097968,53.33333333333332,4.008195295231318,1,0.03246940460120329
38,json_l_slow_02,124,1.24,49.63334376548147,54.44120094948515,44.34911471633927,74.32702116999833,0.34,0.68,176.47058823529412,9.239256721556965,19.86754966887417,4.8007220758615405,1,0.052012737764182304
38,json_l_slow_03,120,1.2,55.10511426469863,52.82572261591858,46.12538969096977,67.06803328688267,0.34,0.68,176.47058823529412,4.223800564617681,16.216216216216218,3.4980733003262285,1,0.0648785366986866
38,json_l_slow_04,120,1.2,39.3974768062067,53.09996769546943,30.276087339214897,51.32798455332284,0.72,1.44,83.33333333333334,29.627825856344455,,5.396906087950027,1,0.010504491409270122
38,json_l_slow_05,120,1.2,30.253484468286672,51.897671060307474,30.89155937597832,34.87292702404646,0.61,1.22,98.36065573770492,52.69356578797522,,10.970903371609936,-1,-0.0018669098448593768
38,json_l_slow_06,121,1.21,27.04238090338453,54.1075492817353,28.513748415344462,39.269780584812565,0.51,1.02,117.6470588235294,66.70410761071392,82.35294117647058,12.727816664061162,-1,-0.07804172859937841
38,json_l_slow_07,121,1.21,36.70923230629731,49.94185519103165,35.11730789527684,28.84724375864927,0.4649999999999999,0.93,129.03225806451613,30.542312316950987,19.354838709677427,8.895714673835108,1,0.03278483448036207
38,json_l_slow_08,120,1.2,37.31549387902572,47.60135422489702,32.90806956253466,31.31429693109297,0.62,1.24,96.7741935483871,24.22572334122265,,5.444861275787574,1,0.03239987592802984
38,json_l_slow_09,120,1.2,37.13059077825554,53.01865628709439,35.18535861355653,27.50660030954883,0.47,0.94,127.65957446808513,35.248359861112235,,7.167821666929266,1,0.039223081049842845
38,json_l_slow_10,121,1.21,40.50986702425621,57.87365256374737,35.31591153905275,40.31206162189966,0.62,1.24,96.7741935483871,35.29815890345199,,5.416500003107729,1,0.04375760153194008
38,json_r_comf_01,115,1.15,60.135041816152494,46.443925272047466,72.05947940717215,61.58263530796653,0.49,0.98,122.44897959183672,25.69196703281029,26.80412371134022,1.8851049600866827,1,0.10370372162299657
38,json_r_comf_02,114,1.14,62.73203712007293,34.77378387885946,61.50343207659134,59.31281461823245,0.45,0.9,133.33333333333334,57.346839306177614,,5.605659480846733,1,0.06267860778084916
38,json_r_comf_03,115,1.15,55.6306017037472,57.65959919513128,99.21860509397204,75.749051724915,0.57,1.14,105.26315789473684,3.581947026813263,,2.4836123418375817,1,0.09863103502708231
38,json_r_comf_04,115,1.15,59.017259333151216,53.43061493734254,88.08380528539828,87.26683103126548,0.42,0.8400000000000001,142.85714285714283,9.93641619648582,52.38095238095239,1.7450855429659484,1,0.08211118788160027
38,json_r_comf_05,118,1.18,62.18828285362461,58.189586484893226,74.90072937409644,81.6867381567152,0.4549999999999999,0.91,131.86813186813188,6.643573923852308,63.736263736263744,4.179694272786161,1,0.07765722177996937
38,json_r_comf_06,117,1.17,61.23655428167139,51.5658655560531,88.7118693635512,65.34681563896604,0.425,0.85,141.1764705882353,17.14624338649892,21.17647058823529,2.625318317638176,1,0.10609144655684477
38,json_r_comf_07,116,1.16,62.6892261941565,44.24645465915032,73.55968049528067,60.3793998383439,0.445,0.89,134.8314606741573,34.49320449047456,20.22471910112359,5.8594814846735055,1,0.08153985952169851
38,json_r_comf_08,118,1.18,65.15140974231147,33.60353588623269,57.942227059762345,46.8770531485072,0.55,1.1,109.09090909090908,63.89122824236596,0.0,3.7494548162599175,1,0.042720973609874924
38,json_r_comf_09,117,1.17,64.0292030835704,57.1713264043333,86.70151233834173,77.83162177680336,0.45,0.9,133.33333333333334,11.316578744685332,26.666666666666668,4.174763124588348,1,0.11711541554255323
38,json_r_comf_10,115,1.15,61.61118761099388,53.73069035565764,79.95152292899402,65.77135812435247,0.39,0.78,153.84615384615384,13.664589816397308,46.76616915422886,3.19733086284814,1,0.08767812376852369
38,json_r_fast_01,109,1.09,60.01883959970903,47.83805925966652,70.89037888246735,63.911767487334245,0.735,1.47,81.63265306122449,22.586928548583387,42.17687074829933,2.4153760058093527,1,0.004777708424076044
38,json_r_fast_02,110,1.1,57.51878589855696,52.525297534471264,77.83567862423477,86.3423924634235,0.4,0.8,150.0,9.075432696251555,61.75115207373272,1.6986131418954982,1,0.06580451582064278
38,json_r_fast_03,110,1.1,59.7965323446773,42.99829885816382,89.96520706357897,62.37109668388271,0.4,0.8,150.0,32.683031413060384,30.0,3.3268242047933376,1,0.07149816872274434
38,json_r_fast_04,110,1.1,56.67990695007721,51.393525404567626,84.4380325058253,61.064405823231645,0.42,0.84,142.85714285714286,9.782943745438253,28.57142857142857,1.720131607855989,1,0.10380743688508637
38,json_r_fast_05,109,1.09,54.92042055455481,56.12005819719427,72.69470405824967,74.5932435729166,0.4499999999999999,0.8999999999999999,133.33333333333334,2.1607213083464174,13.333333333333334,1.708382943964848,1,0.12074998404162218
38,json_r_fast_06,111,1.11,60.08733340703145,50.16483120786111,90.71784984704183,59.200759866434666,0.395,0.79,151.89873417721518,17.999650589771793,2.531645569620255,1.5443621959196925,1,0.07566358596323597
38,json_r_fast_07,113,1.13,55.42609016742348,27.7386281454954,80.96106881884198,104.2325331655631,0.44,0.88,136.36363636363637,66.58463488747749,18.181818181818173,5.302928850289693,1,0.028509087512081865
38,json_r_fast_08,111,1.11,57.82203670848857,51.57621194761256,71.54103908283386,76.31971217099856,0.39,0.78,153.84615384615384,11.418509597004734,,0.8283513708414484,1,0.09531655331975547
38,json_r_fast_09,111,1.11,63.50630990114632,55.73738668563399,66.98452176679191,57.2891945924396,0.5800000000000001,1.16,103.44827586206895,13.030329380737454,34.482758620689665,0.9159789460028136,1,0.08396131304771903
38,json_r_fast_10,111,1.11,60.408475289018185,49.00629396537249,74.2140492616285,53.98440429166462,0.48,0.96,125.0,20.842124699153697,0.0,0.882853652275121,1,0.09544310520618132
38,json_r_slow_01,123,1.23,53.35734266329512,58.57503821110241,83.4002981747257,67.58395841725294,0.495,0.99,121.21212121212122,9.322942131754026,34.34343434343434,5.03168833584087,1,0.1169330022379827
38,json_r_slow_02,120,1.2,60.64990068817545,64.59050725027939,86.47353695373066,82.48343687644072,0.51,1.02,117.6470588235294,6.292867656643877,3.921568627450984,4.140558245774045,1,0.11522485774712349
38,json_r_slow_03,121,1.21,58.17076939039886,62.03081489569695,82.09512408514286,74.72873297593037,0.475,0.95,126.3157894736842,6.4226200149087305,35.789473684210535,2.564164668261711,1,0.11278092744088847
38,json_r_slow_04,123,1.23,58.74534302097783,49.07266157914563,93.02790548365525,98.48633569903978,0.495,0.99,121.21212121212122,17.942608894880475,38.38383838383837,2.558501245925621,1,0.09912466979140666
38,json_r_slow_05,120,1.2,55.79558757212398,52.11717930964778,98.23991422573494,88.70932278396681,0.5800000000000001,1.16,103.44827586206895,6.817373641260124,6.896551724137917,1.690711787980083,1,0.0938665418352998
38,json_r_slow_06,118,1.18,58.591677667332846,47.64344150576375,92.09089409539386,60.60156679616859,0.5549999999999999,1.11,108.10810810810813,20.61133125615521,48.648648648648646,1.7591825520625288,1,0.07031668847052724
38,json_r_slow_07,118,1.18,57.9527761744782,51.51696335298823,93.854463295616,65.21067081899974,0.5,1.0,120.0,11.758158645979425,0.0,1.77486485352186,1,0.09943114587412344
38,json_r_slow_08,117,1.17,59.80547102625478,47.772353101568825,87.13097760512215,68.68060428220744,0.47,0.94,127.65957446808513,22.37100075641657,51.06382978723404,2.4903485631712146,1,0.08906695367378487
38,json_r_slow_09,122,1.22,58.39895156047139,48.4767683330814,104.18097833238606,130.2645908141108,0.525,1.05,114.28571428571428,18.56770319259116,28.57142857142857,1.7287511978690726,1,0.05048599271755638
38,json_r_slow_10,119,1.19,56.59395521299402,48.05149407157424,99.65562916365516,65.1456278222415,0.605,1.21,99.17355371900828,16.326483759823677,11.570247933884309,1.7103434649453189,1,0.07675321480656094
37,json_l_comf_01,119,1.19,51.1477765054522,61.602527519063074,48.63410905480843,65.07332427622946,0.34,0.68,176.47058823529412,18.54496287892528,56.17977528089887,1.8933445272846383,1,0.031215760076507393
37,json_l_comf_02,124,1.24,55.06661779325984,59.808188109041694,67.58501979630847,73.29170820183684,0.425,0.85,141.1764705882353,8.255196217375039,20.765027322404364,2.661276139610554,1,0.11038971013760646
37,json_l_comf_03,119,1.19,50.64684470021008,59.72565386038588,51.36542949443205,66.69963562308283,0.45,0.9,133.33333333333334,16.451216160865307,37.837837837837846,1.8918517904466363,1,0.10007612346537376
37,json_l_comf_04,117,1.17,39.019903290000286,46.78303658859747,60.16671354712316,68.31895670891885,0.71,1.42,84.50704225352113,18.09526179308357,,1.99741674648488,1,0.03393934225226064
37,json_l_comf_05,118,1.18,41.47478917949621,35.769913866719605,40.08162197631346,62.88508458217885,0.71,1.42,84.50704225352113,14.770916549095562,,0.8925639086404851,1,0.008222455574458165
37,json_l_comf_06,118,1.18,43.27367743597205,52.3543370216167,51.58294943551294,68.96289794770591,0.34,0.68,176.47058823529412,18.991630511521176,76.63551401869158,1.9262011689773364,-1,-0.0038582903415410597
37,json_l_comf_07,112,1.12,39.77922864018851,37.82722312095072,79.8520335965691,98.3791941699396,0.64,1.28,93.75,5.030523815843973,,7.654409977502432,1,0.04281906909286998
37,json_l_comf_08,119,1.19,64.61427217834748,81.09982870791485,97.774576208443,128.982178469362,0.47,0.94,127.65957446808513,22.627263153392736,58.181818181818166,7.825490446046216,1,0.015641557711075338
37,json_l_comf_09,123,1.23,56.44707552420047,63.65007513233995,101.2719647830688,125.87234643529575,0.61,1.22,98.36065573770492,11.995288095949856,26.229508196721294,4.169638386338495,1,0.05509446819154923
37,json_l_comf_10,122,1.22,62.831824581982005,67.63107485927115,86.3543153879545,129.232997845725,0.375,0.75,160.0,7.35726447571438,,6.592047428574097,1,0.05337026520145688
37,json_l_comf_11,121,1.21,59.61520358805909,58.177801337625866,83.09942705356248,120.42901665909235,0.37,0.74,162.16216216216216,2.44055621357155,,4.21335184190482,1,0.07386418529957067
37,json_l_fast_01,117,1.17,51.9776799387799,51.17713951632042,44.83953642949916,72.77314054568936,0.74,1.48,81.08108108108108,1.552114436704383,,1.839468794427924,1,0.022194077460239825
37,json_l_fast_02,117,1.17,57.02056611446082,48.77908053645439,39.54619989640332,73.70131557660838,0.75,1.5,80.0,15.579419854206368,,1.8560984612211449,1,0.011240149968136881
37,json_l_fast_03,119,1.19,51.82017282100452,54.30708974239806,41.97180560363557,93.70006884012864,0.75,1.5,80.0,4.6866693087609015,,1.8340456028097416,1,0.0065347442702857195
37,json_l_fast_04,113,1.13,50.04456378386311,57.132105472566,40.8417003800222,70.36291029670784,0.76,1.52,78.94736842105263,13.22590399174535,,1.79950690359182,-1,-0.0012855455862118559
37,json_l_fast_05,116,1.16,54.0035036615993,52.31478776291999,35.69944628972651,93.1343100044837,0.79,1.58,75.94936708860759,3.1767175263124123,,0.8920776000407706,-1,-0.03946365133029206
37,json_l_fast_06,117,1.17,52.64569471065353,47.316707964242255,34.516008978766635,78.00710203124035,0.75,1.5,80.0,10.66198211290009,,1.85047615997958,1,0.0006824000198596414
37,json_l_fast_07,118,1.18,52.60255883281198,44.38016978439813,42.731561747383,77.0202645985802,0.76,1.52,78.94736842105263,16.956398661183343,,0.9325672116793662,-1,-0.011173863927475325
37,json_l_fast_08,123,1.23,48.27940709099025,49.429556528798514,31.326356126634337,76.20872896613632,0.61,1.22,98.36065573770492,2.3542352619434186,85.24590163934427,1.7299769909424771,-1,-0.01678160444824739
37,json_l_fast_09,123,1.23,51.34007421002629,49.28240541718631,40.33883808193104,80.7467410401588,0.31,0.62,193.5483870967742,4.089878922609049,89.59276018099548,1.8667465931407348,-1,-0.06341252259950203
37,json_l_fast_10,116,1.16,51.66989631503097,51.60599988034676,47.950061665586176,80.4445732265922,0.76,1.52,78.94736842105263,0.1237392983999492,,3.6369825706446,1,0.009355224264685935
37,json_l_slow_01,129,1.29,28.86500100442117,41.918709720494064,25.749519692941675,26.14282598210019,0.33,0.66,181.8181818181818,36.883369301739926,86.46288209606986,1.60075774099482,-1,-0.09512775514344762
37,json_l_slow_02,127,1.27,40.74755771802387,44.21996344971589,31.33901912307674,77.9954616176199,0.75,1.5,80.0,8.173489549817335,10.666666666666677,0.7644206546944207,-1,-0.02948490529915171
37,json_l_slow_03,130,1.3,47.49872347556749,43.13492902086472,49.45070302414258,80.66560511344176,0.72,1.44,83.33333333333334,9.629523547833518,,0.5039464688713855,1,0.015152052413502204
37,json_l_slow_04,130,1.3,49.59904829888745,37.07742744151054,48.13117905192068,81.61419856280396,0.36,0.72,166.66666666666669,28.89277800098849,,0.0492981654279759,1,0.036078317626006495
37,json_l_slow_05,130,1.3,50.08420895644633,38.33254603619847,60.56903640720601,96.4696663712224,0.4449999999999999,0.8899999999999999,134.8314606741573,26.58243433888851,60.67415730337078,0.9098501010425636,1,0.03545181643045864
37,json_l_slow_06,128,1.28,43.283686629958765,37.70693432749141,46.58354381169498,78.38420240096163,0.395,0.79,151.89873417721518,13.77135336546487,,0.1104857792914546,1,0.0402177697533419
37,json_l_slow_07,130,1.3,51.16027637622756,47.19512784539896,36.996087846453165,77.65600568667182,0.48,0.96,125.0,8.062899160871401,53.57142857142856,0.903777722801504,1,0.057885275630051136
37,json_l_slow_08,130,1.3,44.791836146782856,60.20960338265356,52.50668098981737,77.00816553037286,0.51,1.02,117.6470588235294,29.366773074665204,49.35064935064935,1.909263369163636,1,0.07625343393684658
37,json_l_slow_09,135,1.35,49.16834787319127,25.29870972775342,48.32972175255146,85.87876323568133,0.38,0.76,157.89473684210526,64.1079127185362,20.85889570552148,0.8156902588543371,1,0.0050059605141906105
37,json_l_slow_10,132,1.32,49.80945089634807,32.95486921849803,37.25653876018095,69.84071213854654,0.79,1.58,75.94936708860759,40.72910078754261,,1.8309179436429168,-1,-0.04691119733368265
37,json_l_slow_11,126,1.26,52.06774151625683,59.12870556347124,66.5440316040968,85.91148253340444,0.37,0.74,162.16216216216216,12.699981398059752,33.54037267080746,3.0065380791045144,1,0.08552578259609545
37,json_r_comf_01,123,1.23,55.40121296047282,58.59781542127652,59.27040158777815,54.64245784517677,0.395,0.79,151.89873417721518,5.608122290479913,48.10126582278481,1.7888732523796171,1,0.07939416030200142
37,json_r_comf_02,122,1.22,53.13130444060391,61.56076529707609,69.39483977094964,61.07585561491243,0.45,0.9,133.33333333333334,14.6992915477971,22.66009852216748,1.7974760154739753,1,0.11551782611620781
37,json_r_comf_03,126,1.26,50.438045727652,61.03468692754512,65.28640084866228,51.5403933593923,0.37,0.74,162.16216216216216,19.01207756818921,23.448275862068968,1.8141190162702048,1,0.0806295509351515
37,json_r_comf_04,122,1.22,59.3289488871457,65.38860923440389,62.34837027366845,56.0508894581354,0.355,0.71,169.01408450704227,9.717413391549009,30.985915492957744,2.566046305668592,1,0.06942562013420867
37,json_r_comf_05,119,1.19,48.84503519090262,61.32610531264439,44.09336971306385,53.65257389608889,0.495,0.99,121.21212121212122,22.65760355152161,10.101010101010113,0.8965523665718607,1,0.0917634928286924
37,json_r_comf_06,127,1.27,57.96644562152804,61.29255509526604,66.37924346695468,50.22933241354061,0.64,1.28,93.75,5.577959657127359,24.561403508771928,3.2904437246280875,1,0.08822721273500328
37,json_r_comf_07,122,1.22,57.42291541332631,56.5349954285535,63.16023942664921,61.76559555185412,0.39,0.78,153.84615384615384,1.558329699470929,26.506024096385534,3.226897554141801,1,0.09876468488821871
37,json_r_comf_08,124,1.24,39.30728617960176,61.230844676036455,50.32991221140712,51.53819004095528,0.32,0.64,187.5,43.61242507663989,22.222222222222225,2.533990795857541,1,0.0019428585279600008
37,json_r_comf_09,123,1.23,29.03816269151443,62.7722700665513,49.02089705178865,64.25530977767639,0.61,1.22,98.36065573770492,73.48643582572213,39.34426229508197,2.5044569256559464,-1,-0.005866988722042055
37,json_r_comf_10,121,1.21,14.231358141986531,64.86049700727656,50.25738395035617,51.66573551849467,,,,128.02617607019613,,1.8616560340345611,-1,-0.029434322854705708
37,json_r_fast_01,121,1.21,62.64486594266636,60.44172937237032,66.54964855428564,57.959958074692864,0.56,1.12,107.14285714285714,3.579815599996365,7.142857142857128,3.547169302801904,1,0.10835179309524079
37,json_r_fast_02,120,1.2,60.42341505757412,61.72894787913266,65.038028388329,50.80558770527923,0.385,0.77,155.84415584415584,2.137548206472281,1.2903225806451624,2.59355918643383,1,0.07841052944226429
37,json_r_fast_03,120,1.2,57.43854631070533,62.97718644106591,56.541549220927095,57.76410173351496,0.525,1.05,114.28571428571428,9.199196822192832,36.19047619047619,3.313856592905383,1,0.10096295433372504
37,json_r_fast_04,120,1.2,59.42859625123344,59.06369284544212,62.25646991215172,38.47568870289085,0.53,1.06,113.20754716981132,0.6159108049530657,,2.5483243985747874,1,0.1051527474671175
37,json_r_fast_05,118,1.18,61.13370666226521,66.73327752939915,50.75892542669095,60.114986238687614,0.48,0.96,125.0,8.758431118920486,4.166666666666671,2.4446048474306896,1,0.10179317929074616
37,json_r_fast_06,119,1.19,63.56129454948908,66.03041317762687,68.99334173585724,65.96677752566296,0.47,0.94,127.65957446808513,3.810612069928222,8.510638297872337,3.3803591695788957,1,0.11677329125161984
37,json_r_fast_07,118,1.18,45.723737356761205,61.669408144033895,60.64626569313019,51.61417832382802,0.475,0.95,126.31578947368422,29.69588182358368,6.315789473684205,1.9432310689593484,1,0.09202763088151261
37,json_r_fast_08,116,1.16,64.12716866843871,66.15967425763618,70.1607009757303,61.00541240519763,0.505,1.01,118.81188118811882,3.120047341005445,5.940594059405946,1.8405790354937668,1,0.11147890235128838
37,json_r_fast_09,117,1.17,46.96559337969569,65.01535990810315,43.20570584583773,53.42141270970988,0.5800000000000001,1.16,103.44827586206895,32.23720820096665,10.344827586206886,3.114069353540308,1,0.0694293065926328
37,json_r_fast_10,118,1.18,51.74683545956293,64.93226278969188,49.77528100293583,57.32126822702986,0.49,0.98,122.44897959183672,22.601181407764532,,2.5984676957682606,1,0.10315279621926804
37,json_r_slow_01,133,1.33,57.80055096342252,53.31715257633407,51.5020346573053,81.98241732304025,0.37,0.74,162.16216216216216,8.069638310126432,50.27932960893856,1.894707522876144,1,0.06477200609227779
37,json_r_slow_02,135,1.35,59.839213891994405,57.18755217661358,62.98552385284718,52.0495650219941,0.37,0.74,162.16216216216216,4.531718348649001,47.826086956521735,0.8934546988935494,1,0.06577328417333717
37,json_r_slow_03,136,1.36,42.57335741331306,57.5771320755225,83.00260792242169,45.94503591843135,0.4499999999999999,0.8999999999999999,133.33333333333334,29.96245897306774,0.0,1.954244913515612,1,0.07215423845248048
37,json_r_slow_04,131,1.31,58.64296587707261,62.8854638419447,69.09031678812977,60.890676167003456,0.71,1.42,84.50704225352113,6.98190205317563,5.633802816901413,3.2145706545631145,1,0.05067229990577704
37,json_r_slow_05,133,1.33,59.85428404748721,60.03484399151489,73.12393070157535,46.25020990403527,0.49,0.98,122.44897959183672,0.3012115393298023,4.166666666666671,4.383001999939014,1,0.09921976689003281
37,json_r_slow_06,133,1.33,44.75780742552769,58.9157709819696,48.768901812141664,42.2456365726359,0.74,1.48,81.08108108108108,27.31257813980898,,1.9452598555743577,1,0.006014404660389494
37,json_r_slow_07,137,1.37,57.41552847012581,54.92428854508857,75.90938626643705,53.51567636042434,0.63,1.26,95.23809523809524,4.435186011919249,15.873015873015886,2.0050808964534355,1,0.10097642044071736
37,json_r_slow_08,130,1.3,49.296478140306135,61.47560019811458,66.2543733351927,59.566082025373845,0.55,1.1,109.09090909090908,21.989516203893736,0.0,3.9018497975664657,1,0.09141140679158749
37,json_r_slow_09,129,1.29,28.29352986485921,60.09380439806287,63.27829356749339,43.21213072306357,0.3,0.6,200.0,71.95663224463524,34.482758620689665,2.001806521346601,-1,-0.07692712017985126
37,json_r_slow_10,138,1.38,45.26095741488865,63.02634830338226,63.80567667299687,44.3041276654778,0.61,1.22,98.36065573770492,32.811585385111535,15.929203539823003,3.926284396295244,1,0.07309403887630583
37,json_r_slow_11,132,1.32,27.959442802784423,61.52018952434807,66.76092706434946,58.980236819111504,0.6,1.2,100.0,75.0131529348879,19.178082191780817,3.933183418397056,1,0.028154845507885495
36,json_l_comf_01,105,1.05,47.33179373252932,29.37271828837595,31.052258445714955,22.09896120626952,0.665,1.33,90.22556390977444,46.826646753866974,4.5112781954887256,1.8285527193710007,-1,-0.017099512025737784
36,json_l_comf_02,107,1.07,57.43412067961479,57.06810748779888,64.39512695042556,64.23032045768022,0.38,0.76,157.89473684210526,0.6393119115215151,,0.9414087879166112,1,0.08947179627136514
36,json_l_comf_03,108,1.08,59.31911272583072,57.22675083331767,55.6521233698992,43.365208021017054,0.39,0.78,153.84615384615384,3.5906240318021343,9.756097560975604,1.721053789450397,1,0.08685818685731433
36,json_l_comf_04,108,1.08,59.68883998307949,56.15657437136163,48.36869619887617,48.138073515361526,0.35,0.7,171.42857142857144,6.098239850755812,,0.962818920810812,1,0.07014311039734672
36,json_l_comf_05,109,1.09,50.82671229803273,57.5904937930807,34.32138141180623,37.609317559468536,0.375,0.75,160.0,12.47732115392036,,0.900136890406259,1,0.058683270993500514
36,json_l_comf_06,107,1.07,51.98527461029289,59.69140669197378,51.46451807242038,46.967223534870286,0.66,1.32,90.9090909090909,13.80078990854554,,0.9137644415594568,1,0.06671746783459032
36,json_l_comf_07,109,1.09,54.6943004730076,52.838818723893525,44.56328480392531,38.99387268122307,0.6000000000000001,1.2000000000000002,100.0,3.450995866150877,23.33333333333333,0.9169170772293956,1,0.07348502631237863
36,json_l_comf_08,108,1.08,48.23819450082675,50.56642344567727,30.85809775401572,27.28840055828772,0.3349999999999999,0.6699999999999999,179.10447761194033,4.7127937807747005,,0.976580852481274,1,0.007816992938603662
36,json_l_comf_09,109,1.09,46.257072620022825,55.61650277883646,34.19707935611203,31.638944169000997,0.3299999999999999,0.6599999999999999,181.81818181818184,18.374598363057824,19.17808219178084,0.0689496761298665,1,0.006880050861041154
36,json_l_comf_10,107,1.07,40.06807156590557,48.46771839583133,38.12375792375264,30.20546449978599,0.635,1.27,94.48818897637796,18.97457928269661,4.724409448818902,0.9274672301863184,1,0.023317351323658697
36,json_l_fast_01,105,1.05,42.90008367739097,31.980934257839067,19.93740057524744,26.570063491881346,0.4449999999999999,0.8899999999999999,134.8314606741573,29.163998355355307,15.730337078651688,1.8342207940141,1,0.012717571918632375
36,json_l_fast_02,106,1.06,41.13655173730311,59.00003352863416,26.368984353544008,35.1934623870759,0.32,0.64,187.5,35.67823237409224,6.250000000000005,1.847007820162994,-1,-0.021040905446490843
36,json_l_fast_03,107,1.07,43.26246678630429,46.13018408941005,29.610214917819636,23.397500440478552,0.475,0.95,126.3157894736842,6.416002378300312,31.57894736842105,1.773915589567137,1,0.04396119903653972
36,json_l_fast_04,105,1.05,50.52677037283347,49.75011758899427,32.38747590745888,30.482500278577803,0.4,0.8,150.0,1.5490165273873355,,1.731750799894135,1,0.04955463615495942
36,json_l_fast_05,105,1.05,59.79829306027938,51.53317142270216,46.995584238932096,45.36909971701096,0.33,0.66,181.8181818181818,14.847773135761914,44.31137724550898,1.8044835801717216,1,0.027860848765712654
36,json_l_fast_06,107,1.07,48.863886670183945,56.54276969036202,38.16840556300525,31.208518530816505,0.48,0.96,125.0,14.570015377230591,33.333333333333336,0.9189151668475803,1,0.06314975110567422
36,json_l_fast_07,106,1.06,59.31404368496679,52.68080584816835,42.5049431181985,36.57776648239971,0.5,1.0,120.0,11.845612301726277,,0.8998478865946296,1,0.09666448396937466
36,json_l_fast_08,105,1.05,62.24715514839552,52.96381142039888,49.62499131653661,32.85063859119843,0.44,0.88,136.36363636363637,16.115382075982147,31.818181818181824,1.806050178927814,1,0.08408728204592181
36,json_l_fast_09,105,1.05,68.61153897728671,78.20153415065586,63.07200543514827,74.53835350572524,0.5,1.0,120.0,13.064225098008531,,0.9320494856897134,1,0.1038890880052028
36,json_l_fast_10,107,1.07,62.39450643355161,53.889314206819066,57.33153506150194,53.06322366078801,0.52,1.04,115.3846153846154,14.628332952761216,16.666666666666682,0.8519769929646549,1,0.10393567878803311
36,json_l_slow_01,113,1.13,41.916500040406135,37.7660672452536,46.66596439211565,30.41437431313146,0.645,1.29,93.02325581395348,10.41741735120897,1.5503875968992262,1.7776458246618592,1,0.01937843280326773
36,json_l_slow_02,112,1.12,47.465703960435576,40.35847422624877,41.721542102206215,33.2253723229131,0.53,1.06,113.20754716981132,16.185132342665927,60.37735849056602,1.3688586908817788,1,0.02626836184389425
36,json_l_slow_03,112,1.12,45.37374386256474,38.55946379322447,39.63015060494851,26.154089985958365,0.425,0.8500000000000001,141.17647058823528,16.237387464770062,11.764705882352937,1.717355747056286,1,0.04226126266280256
36,json_l_slow_04,112,1.12,53.12384570208641,37.965189590030604,43.24394887914424,36.675424793798655,0.5700000000000001,1.14,105.26315789473684,33.28316314569128,7.017543859649108,0.9732558379734833,1,0.05475316295750654
36,json_l_slow_05,113,1.13,51.40080023081797,70.86811073528474,45.127761807890295,49.01101573636477,0.43,0.86,139.53488372093022,31.843434852975523,32.55813953488372,1.8182350488312409,1,0.0631776731060158
36,json_l_slow_06,112,1.12,45.22569644710214,54.42527466121918,38.07960258839499,28.42532755650093,0.385,0.77,155.84415584415584,18.46359972572075,,1.7814559630790543,1,0.050404836521539376
36,json_l_slow_07,112,1.12,47.56334568158073,53.46532011164609,38.11849613907631,39.4655238526089,0.7,1.4,85.71428571428572,11.683761997104485,,1.8050854885378875,1,0.038223725728759095
36,json_l_slow_08,114,1.14,45.29039767767526,45.9405803396167,31.613616306036636,34.07252916179522,0.36,0.72,166.66666666666669,1.4253550188143485,17.931034482758637,0.9257076119640482,1,0.023817082285222946
36,json_l_slow_09,115,1.15,53.91848149771204,48.30792190719737,47.51911047080074,27.08414943496129,0.685,1.37,87.5912408759124,10.976732827607671,10.218978102189771,1.7590290254788483,1,0.03244916642495049
36,json_l_slow_10,112,1.12,56.129312174856295,69.34351013585395,55.24055907093151,54.298148727088346,0.53,1.06,113.20754716981132,21.06304412006472,,1.7908057694435442,1,0.10212244507796359
36,json_r_comf_01,107,1.07,66.66857931050593,81.88574189242242,98.05942564945188,94.47472385594824,0.5549999999999999,1.11,108.10810810810813,20.487000928272582,9.009009009008995,1.9268508669279265,1,0.07631001645123708
36,json_r_comf_02,107,1.07,53.79671683485283,56.50278828873479,94.69125256496328,85.43508862426211,0.5449999999999999,1.09,110.09174311926608,4.906769891396849,23.85321100917432,1.984500392019536,1,0.10703898250323035
36,json_r_comf_03,106,1.06,53.058389857124965,15.363569291517138,46.5516808000293,72.49860496680768,0.45,0.9,133.33333333333334,110.18340028445652,0.0,0.9729163196326602,-1,-0.023086155093346883
36,json_r_comf_04,109,1.09,54.79416807117588,81.0069196900672,98.46566110550508,82.47821876261015,0.49,0.98,122.44897959183672,38.60462688631323,0.0,1.947109331762037,1,0.05831157538114129
36,json_r_comf_05,106,1.06,60.72964058757353,88.94632302572336,78.71852219570626,76.34171988930362,0.405,0.81,148.14814814814815,37.70369237247807,2.469135802469124,1.856097613318188,1,0.0528051763937874
36,json_r_comf_06,107,1.07,70.87134130577951,90.51161075623924,87.90844214883546,79.83325952255461,0.365,0.73,164.38356164383563,24.33995561428579,35.61643835616439,1.9659514910209264,1,0.046133536744486836
36,json_r_comf_07,106,1.06,66.56125260647646,81.92397584481881,62.93733074033939,91.06520831389378,0.43,0.86,139.53488372093022,20.69259467568047,0.0,1.883217448174806,1,0.07394840097946725
36,json_r_comf_08,109,1.09,66.51622015751897,82.70792472868814,80.62639432896684,89.69008632423635,0.355,0.71,169.01408450704227,21.70118593544814,2.8169014084507067,1.8169952969879968,1,0.05167784265794334
36,json_r_comf_09,108,1.08,52.5299204580142,36.39522163299321,102.67368637407046,68.30338751502305,0.4649999999999999,0.93,129.03225806451613,36.28827223803248,10.75268817204301,1.7821213789385042,1,0.0536934866798634
36,json_r_comf_10,108,1.08,52.26421348169508,21.93924281426345,96.97264466481025,86.79481875555962,0.45,0.9,133.33333333333334,81.73465814444351,0.0,1.0583848766896755,-1,-0.0034152973161588607
36,json_r_fast_01,105,1.05,55.603864729009615,61.2369290677687,84.47265592138285,133.26238230986368,0.45,0.9,133.33333333333334,9.64229042907171,,2.901595109957666,1,0.0831576341238367
36,json_r_fast_02,107,1.07,57.61323079353152,50.866184883975,102.50696169908338,57.76509360385618,0.44,0.88,136.36363636363637,12.439310937320132,40.90909090909092,1.825622180665567,1,0.07712209992996177
36,json_r_fast_03,107,1.07,57.72863498823092,27.806962862577592,73.61230005205408,57.64661675575584,0.5,1.0,120.0,69.96308642827941,4.000000000000004,1.8486581002824096,1,0.05470978611534372
36,json_r_fast_04,107,1.07,58.94349827615109,32.50141437885208,82.31372447600715,60.6354381116954,0.44,0.88,136.36363636363637,57.83172213649067,0.0,1.7773318464510444,1,0.04008406701461076
36,json_r_fast_05,106,1.06,61.15534188265504,19.94411702948679,74.01153295027966,59.98759186057392,0.58,1.16,103.44827586206895,101.63131889156982,0.0,0.9252988971944004,-1,-0.0234610791139247
36,json_r_fast_06,107,1.07,56.1126581221304,56.74039501692674,98.13442728368776,80.86673978773297,0.63,1.26,95.23809523809524,1.1124854442756584,,1.9052536927676071,1,0.08368989837963053
36,json_r_fast_07,107,1.07,58.12434890856037,51.44916552607175,89.87180074638101,88.69526286277413,0.37,0.74,162.16216216216216,12.183935902632388,34.14634146341464,1.775203537158388,1,0.0789954499297561
36,json_r_fast_08,108,1.08,60.131777514468936,18.97569259003265,94.47660868715523,76.99237267409634,0.51,1.02,117.6470588235294,104.05107095466148,0.0,1.6561386060869283,-1,-0.01863637006747043
36,json_r_fast_09,107,1.07,56.343169769744094,43.98846048226457,92.65814728666837,74.04756482184945,0.54,1.08,111.1111111111111,24.62774552042561,0.0,1.7396559311565265,1,0.07507929129995894
36,json_r_fast_10,108,1.08,55.9242424812518,36.18381240250218,73.83225516604757,67.22366322491308,0.41,0.8200000000000001,146.34146341463415,42.86363468138209,19.512195121951223,1.6971097091944305,1,0.06654580856116088
36,json_r_slow_01,111,1.11,53.71683887026356,17.28625511058067,58.06305000815007,77.31480509752416,0.635,1.27,94.48818897637796,102.6168909470661,1.5748031496063006,2.9142019852693024,-1,-0.03267655117130297
36,json_r_slow_02,111,1.11,53.251119178690345,28.953365468176685,70.17902826876374,72.98585206750683,0.64,1.28,93.75,59.11539696378279,0.0,1.792964402567983,1,0.026968383054221723
36,json_r_slow_03,115,1.15,51.85886288180855,38.25445133204974,76.22823155965722,70.83382740579984,0.5800000000000001,1.16,103.44827586206895,30.194009993845327,6.896551724137917,1.8673404166650167,1,0.08118135419167827
36,json_r_slow_04,114,1.14,51.95179130535735,51.78175839007601,78.2961555129459,74.1379299248929,0.49,0.98,122.44897959183672,0.3278262737187039,53.06122448979592,1.8176121457285093,1,0.09328494330957587
36,json_r_slow_05,115,1.15,51.13012451645017,15.178856130062826,83.9629615586596,41.37454454197359,0.6,1.2,100.0,108.43559359791765,0.0,0.929544727993568,-1,-0.051681056191950514
36,json_r_slow_06,116,1.16,51.23965380616808,12.740655665580675,77.32205254180109,68.79062613478919,0.65,1.3,92.3076923076923,120.34639550340744,0.0,0.0581330203481932,-1,-0.08626196623446059
36,json_r_slow_07,113,1.13,56.597217803238536,14.10640224148267,70.13770369396723,48.30027081288517,0.565,1.13,106.19469026548674,120.19417261769544,1.7699115044247606,1.862331097989045,-1,-0.04289269145781238
36,json_r_slow_08,114,1.14,53.01703430888354,53.20578996818038,93.23308246938592,92.24992190844982,0.575,1.15,104.34782608695652,0.355395670528414,19.13043478260869,1.9327403627698168,1,0.09952013418766997
36,json_r_slow_09,116,1.16,51.3414654406382,11.890059599635606,72.37905732620352,37.02146240514996,0.5700000000000001,1.14,105.26315789473684,124.78397703004936,7.017543859649108,0.0586704248728048,-1,-0.0625897201402813
36,json_r_slow_10,116,1.16,53.33890145790423,47.4623405657976,75.04848269242986,58.43879856892671,0.32,0.64,187.5,11.659699372999478,63.82978723404256,0.9955005486939906,-1,-0.007945134375986318
35,json_l_comf_01,121,1.21,61.21612813946987,52.35847085453784,57.01712688310883,72.55408019750493,0.38,0.76,157.89473684210526,15.59795475993601,38.297872340425535,0.9280865965934458,1,0.07400092232785549
35,json_l_comf_02,119,1.19,59.80084880284171,33.29712944307008,51.99599854493107,40.83645337031318,0.5549999999999999,1.11,108.10810810810813,56.93726084956199,5.405405405405391,3.506778408839987,1,0.052792815226994305
35,json_l_comf_03,120,1.2,52.40301623428469,49.165872559882544,56.3638228835068,50.206749952555214,0.505,1.01,118.81188118811882,6.374281953526789,17.821782178217827,2.709362200325224,1,0.11499141933883333
35,json_l_comf_04,117,1.17,46.08012903407652,47.09436723957937,35.946708131630515,44.00113776272845,0.4599999999999999,0.92,130.43478260869566,2.177072581157842,21.739130434782616,3.741382931093444,1,0.07621599011970914
35,json_l_comf_05,118,1.18,39.39197409337282,48.011494801976326,34.06496154571704,43.01682011222728,0.485,0.97,123.71134020618555,19.72352085687564,26.80412371134022,3.5356827802263875,1,0.06379800884979775
35,json_l_comf_06,122,1.22,63.77245952533163,55.36049107398276,50.98748563605031,56.37243355832277,0.665,1.33,90.22556390977444,14.121984571071778,49.62406015037593,1.7260478556042878,1,0.03784773335686059
35,json_l_comf_07,119,1.19,38.160618665697,51.2830156552521,43.12801970051342,48.64527836246684,0.485,0.97,123.71134020618555,29.3422714521376,47.42268041237113,4.240629312017572,1,0.06442156828601159
35,json_l_comf_08,118,1.18,51.25670825612835,52.782874371282006,44.47767183858265,42.12159743366067,0.495,0.99,121.21212121212122,2.9338182192045283,42.42424242424242,2.691012753256878,1,0.08952189823026663
35,json_l_comf_09,118,1.18,61.08326681946832,46.04382863350153,66.06071678254033,48.06089486685525,0.535,1.07,112.14953271028035,28.077748439598626,9.345794392523372,0.914718427907921,1,0.08444197098128597
35,json_l_comf_10,119,1.19,61.83020686524581,49.58314668883392,55.24985976850414,58.01786895760287,0.48,0.96,125.0,21.98490537396346,20.83333333333334,0.9199524569399206,1,0.10614747037708588
35,json_l_fast_01,118,1.18,66.04993740455632,62.55588881687568,59.47742869926496,55.03479203634811,0.44,0.88,136.36363636363637,5.433732965821667,56.45933014354068,0.8965134866188288,1,0.06744746705850019
35,json_l_fast_02,118,1.18,60.50455803068016,60.37192698450375,59.39048203892333,61.61883267848416,0.715,1.43,83.91608391608392,0.219448879837552,37.76223776223777,0.9504574400752016,1,0.021466127305327987
35,json_l_fast_03,119,1.19,57.49286665547994,56.71647409097541,49.686930912794935,53.16617090801368,0.535,1.07,112.14953271028035,1.359595562727438,28.037383177570085,0.8492120014333677,1,0.09817097123092305
35,json_l_fast_04,122,1.22,53.06807396053465,59.85881391536704,43.38404045183376,39.79940938972816,0.46,0.92,130.43478260869566,12.0267902225286,30.434782608695656,0.0479531478695541,1,0.08160903634310346
35,json_l_fast_05,121,1.21,38.3791037838715,46.89564523980232,39.7935477772206,21.53752974119159,0.7,1.4,85.71428571428572,19.97435713018979,,0.0512249191047312,-1,-0.006706688802419647
35,json_l_fast_06,117,1.17,47.40833535153254,49.86341936836172,44.70447183113721,29.676923494307445,0.41,0.82,146.34146341463415,5.047886766099544,61.88340807174888,0.0858331985648078,1,0.017366608141914763
35,json_l_fast_07,119,1.19,34.01554054013445,54.002638274839455,42.44984198336656,16.92007274259069,0.69,1.38,86.95652173913044,45.41584023618707,,0.0422586259345801,-1,-0.021937324728119822
35,json_l_fast_08,119,1.19,48.437856475111545,53.25374077169461,42.37988889519673,43.80217731293513,0.515,1.03,116.50485436893204,9.471548145506818,29.126213592233004,0.0599895929222847,1,0.07975249870407108
35,json_l_fast_09,119,1.19,47.964672443488425,56.07746865725905,46.04776084241608,33.47599519127444,0.38,0.76,157.89473684210526,15.59521195534554,,0.0481184825987189,1,0.05905351466209818
35,json_l_fast_10,118,1.18,62.9745432319064,54.07609699440347,52.1493555381485,37.27902552141306,0.6499999999999999,1.2999999999999998,92.30769230769232,15.204438387177296,21.538461538461544,0.4932436872413587,1,0.05474888736403816
35,json_l_slow_01,127,1.27,58.61809247534791,37.372919423304126,39.13168208642597,64.88571381965818,0.44,0.88,136.36363636363637,44.26492154176806,,0.8691419205263362,1,0.05183741044976764
35,json_l_slow_02,130,1.3,58.49107857698149,57.12657305370188,42.99524618096697,47.77267488463893,0.565,1.13,106.19469026548674,2.3603757800551914,90.26548672566372,0.0973250546494162,-1,-0.0031817076731969207
35,json_l_slow_03,129,1.29,30.56225465122833,60.215429499514215,36.52882546836997,33.30971897243691,0.32,0.64,187.5,65.33141955691393,28.57142857142857,0.1038492655158295,-1,-0.056648724578288734
35,json_l_slow_04,125,1.25,45.99524404682833,62.559903088754496,45.38738057871471,49.97825755599412,0.47,0.94,127.65957446808513,30.518422164243013,11.89189189189189,0.907971847531877,1,0.08080196309823923
35,json_l_slow_05,126,1.26,36.58455779316779,58.70258671252532,39.14244025290709,50.11779195623606,0.4549999999999999,0.91,131.86813186813188,46.423951591992655,54.94505494505494,0.914464867398376,1,0.025562687189248257
35,json_l_slow_06,128,1.28,27.00657580837745,55.03628395501616,38.23318982541953,19.479919015831072,0.38,0.76,157.89473684210526,68.32942739313233,36.8421052631579,0.0642521009151001,-1,-0.05003362518356813
35,json_l_slow_07,129,1.29,36.43292611198859,52.93227847649743,34.137019964505086,26.04034366537488,0.48,0.96,125.0,36.92567468621819,14.525139664804456,0.8876186978591497,1,0.04023337851133968
35,json_l_slow_08,129,1.29,42.9567467981602,51.70084255141228,34.937875260174366,27.876200919113856,0.385,0.77,155.84415584415584,18.475213267813007,13.33333333333332,0.8278255226011676,1,0.035823304202971085
35,json_l_slow_09,126,1.26,33.72256557188365,58.761962841091005,35.60125318140378,40.18698652252907,0.455,0.91,131.86813186813183,54.14829420418946,41.75824175824177,0.8461973086135165,1,0.01863651091130497
35,json_l_slow_10,126,1.26,40.47662056505473,57.32138757373042,39.34793300655271,32.265290170927415,0.45,0.9,133.33333333333334,34.44807788880787,65.47085201793722,0.0485838866091946,1,0.002767622349943488
35,json_l_slow_11,127,1.27,39.03640514012616,58.21046922288181,28.925036619665505,43.16751870189209,0.37,0.74,162.16216216216216,39.43378994615652,12.987012987012998,0.0533576883654862,1,0.027562257878494145
35,json_r_comf_01,123,1.23,58.059962748868585,37.6927899648941,79.17626737833507,78.5480975985213,0.4,0.8,150.0,42.54117444510205,15.0,1.855009728834127,1,0.06746383039211706
35,json_r_comf_02,120,1.2,60.24885410758124,65.5292618508967,89.04005650255054,74.25749653772601,0.425,0.8500000000000001,141.17647058823528,8.396385496915283,39.99999999999999,0.910982438352144,1,0.08462264069640046
35,json_r_comf_03,121,1.21,60.438826448962914,41.23184089403685,83.26713662536062,93.6364504752672,0.38,0.76,157.89473684210526,37.782747092883135,26.315789473684205,0.9042845015970424,1,0.049735853179816825
35,json_r_comf_04,121,1.21,59.76797072658951,34.95265335268206,74.52228694249554,83.66893827438713,0.415,0.8300000000000001,144.57831325301203,52.39686206699723,7.2289156626505955,0.87772273180334,1,0.05658337070285513
35,json_r_comf_05,123,1.23,58.43712660046042,57.735445490356895,100.70290028714123,91.621914005976,0.535,1.07,112.14953271028035,1.2079978905089337,5.607476635514024,1.7204570313250516,1,0.09585805390605323
35,json_r_comf_06,122,1.22,60.32683915664417,59.8914034543689,86.15772453578309,87.68283575371582,0.425,0.8500000000000001,141.17647058823528,0.7244086967469628,44.70588235294117,0.8998695787265817,1,0.0865482711663399
35,json_r_comf_07,122,1.22,60.0550185553147,61.88545991306215,95.03579564282455,93.70676826191152,0.585,1.17,102.56410256410255,3.0021882491171947,11.96581196581196,1.7660702752006792,1,0.09619153374340988
35,json_r_comf_08,121,1.21,59.69964237065986,30.015263608452983,88.90420812692048,83.31342883445271,0.53,1.06,113.20754716981132,66.17490914858207,0.0,0.8833923107868281,1,0.038747803794067004
35,json_r_comf_09,122,1.22,57.41115667344378,41.64671977986089,87.73769231862379,88.95218739832035,0.53,1.06,113.20754716981132,31.828739839813068,15.0943396226415,0.8534222908888094,1,0.0884511712641558
35,json_r_comf_10,124,1.24,59.70475288535189,36.51102473820154,80.35880650570759,81.0915781068765,0.47,0.94,127.65957446808513,48.211901873092735,4.255319148936162,1.8152598473634072,1,0.08055218228221461
35,json_r_fast_01,120,1.2,53.59333351760274,60.35371406081157,90.67483530704976,81.27195732662857,0.6100000000000001,1.2200000000000002,98.3606557377049,11.865828359539671,16.39344262295081,0.890978587957844,1,0.0948527958074305
35,json_r_fast_02,117,1.17,55.36138380877891,30.724619993583303,59.267293248141726,71.6108605595575,0.445,0.89,134.8314606741573,57.23755948006863,24.719101123595504,1.834577360126029,1,0.06409248196024941
35,json_r_fast_03,118,1.18,53.76247490024417,32.327449573966874,72.58783283266595,79.95499193861784,0.58,1.16,103.44827586206895,49.796826881172,0.0,0.0573549501093404,1,0.04384220773276787
35,json_r_fast_04,117,1.17,57.70413089140082,60.55440784377132,97.26780112854895,83.36514487260104,0.5449999999999999,1.09,110.09174311926608,4.820416323177129,9.174311926605494,0.8635691980880604,1,0.09682602746759755
35,json_r_fast_05,117,1.17,55.427315369791245,63.6775611064234,87.46758967872786,80.05153932379702,0.5900000000000001,1.1800000000000002,101.69491525423727,13.853749704832168,10.169491525423718,0.8557803599827566,1,0.09316503902691975
35,json_r_fast_06,119,1.19,55.965886092065446,62.217478231797045,99.74655652216856,76.89121374094844,0.5549999999999999,1.11,108.10810810810813,10.579479058660263,9.009009009008995,0.8892376266511536,1,0.09228978685990974
35,json_r_fast_07,117,1.17,56.27324666362136,31.3826691430547,60.70447728467295,64.0469534467478,0.54,1.08,111.1111111111111,56.7915520395965,0.0,0.8308310489418868,1,0.056419469498283914
35,json_r_fast_08,118,1.18,54.17454729739062,31.410598582228943,66.0402009772194,58.58118291541888,0.45,0.9,133.33333333333334,53.19602714045841,0.0,0.0928659305939227,1,0.04940706781893772
35,json_r_fast_09,119,1.19,56.268556353491846,34.03131544166456,77.7095226435772,68.00761105490469,0.34,0.68,176.47058823529412,49.25198778193629,66.66666666666667,0.9384271770623388,-1,-0.022729332831199822
35,json_r_fast_10,118,1.18,54.87904622933635,38.68383318713211,82.72552542371835,61.84841659181018,0.52,1.04,115.3846153846154,34.618885487942016,0.0,0.0779305990042149,1,0.06880954167044656
35,json_r_slow_01,130,1.3,60.51049220433018,52.4652705518447,92.19473251159113,46.48339229745679,0.5700000000000001,1.14,105.26315789473684,14.242385191678212,24.561403508771928,1.7202933727109806,1,0.09023300285675251
35,json_r_slow_02,121,1.21,56.41651389163796,54.97022836096947,79.77073809489406,74.7558198706524,0.61,1.22,98.36065573770492,2.59687194619364,26.229508196721294,1.733600606780792,1,0.10634816933081792
35,json_r_slow_03,126,1.26,61.20354377658529,52.983477824274914,72.08044237987053,49.06406295218802,0.45,0.9,133.33333333333334,14.397548577882258,0.0,0.0749984119740367,1,0.08703160848386549
35,json_r_slow_04,127,1.27,59.77113071395655,57.56763156735934,84.57606344289195,49.73776387903518,0.3399999999999999,0.6799999999999999,176.47058823529414,3.755790676084331,23.52941176470589,0.8843816563319523,1,0.05967740901916557
35,json_r_slow_05,122,1.22,61.95958187660588,60.22558328752157,93.26167117346364,53.28224088677264,0.585,1.17,102.56410256410255,2.838312796410404,18.803418803418804,0.913974015715563,1,0.08983426894916952
35,json_r_slow_06,128,1.28,60.6176381201213,57.76757617937582,88.10174518563655,53.33326609023927,0.53,1.06,113.20754716981132,4.814895099205954,0.0,0.1215960942722836,1,0.08625566958353603
35,json_r_slow_07,128,1.28,54.44090615743491,58.04451407324856,88.88076423311946,61.8436840951796,0.35,0.7,171.42857142857144,6.40724443829863,4.195804195804199,0.8797678376838591,1,0.06176643232726542
35,json_r_slow_08,124,1.24,62.33859153968773,57.736607967959145,92.35858833760668,55.78970256282808,0.42,0.8400000000000001,142.85714285714283,7.665169144999854,14.285714285714285,0.8916433419742521,1,0.09097031568886788
35,json_r_slow_09,124,1.24,60.69743270464548,57.510768546723966,86.50165625554199,54.61329300143467,0.37,0.74,162.16216216216216,5.391612636326442,,0.875722240115548,1,0.09072103628045147
35,json_r_slow_10,126,1.26,58.41288679822578,58.33675281889612,63.93152327459245,51.79215986598582,0.35,0.7,171.42857142857144,0.1304226369851732,17.142857142857142,0.8538673152621894,1,0.06928744557612287
35,json_r_slow_11,127,1.27,58.66283736056559,55.41566242188398,86.37835122568833,50.27910777330008,0.31,0.62,193.5483870967742,5.692878053049523,60.67415730337078,0.1267511731626021,-1,-0.02749108365131514
35,json_r_slow_12,131,1.31,58.098397005516205,53.0582406743187,74.22069983301697,47.51460977271195,0.455,0.91,131.86813186813183,9.068565650059872,37.36263736263737,0.1044809931250479,1,0.0916241861898291
34,json_l_comf_01,116,1.16,33.83607829712966,15.807798144834948,26.345837572388547,26.549148849228047,0.5,1.0,120.0,72.6304287432928,4.000000000000004,0.8624058957040346,-1,-0.030088247762754317
34,json_l_comf_02,117,1.17,50.49875921190002,50.1406211966642,44.03645210720637,41.22842724405429,0.36,0.72,166.66666666666669,0.711725397715876,57.286432160804026,3.1889009284289043,1,0.028751907186657766
34,json_l_comf_03,115,1.15,30.60065617481493,39.218717188369936,24.719008686979198,26.977539883739723,0.475,0.95,126.31578947368422,24.686732631431017,14.73684210526316,3.78956796693594,1,0.017968998081674348
34,json_l_comf_04,115,1.15,31.112786743527774,14.185780383504891,24.947567342557747,22.93518347554425,0.61,1.22,98.36065573770492,74.73528384486765,6.557377049180333,3.2979518822211458,-1,-0.05207880247262575
34,json_l_comf_05,117,1.17,32.05870204148289,41.40792780503273,22.93711857539259,24.06618875238232,0.485,0.97,123.71134020618555,25.451625542323026,22.68041237113403,1.812622645195216,1,0.008587406157837874
34,json_l_comf_06,119,1.19,21.90863923923567,35.792472020304274,22.149542545947654,28.780536859146977,0.51,1.02,117.6470588235294,48.123276928304,23.52941176470587,1.7207756528155105,-1,-0.008297569792482418
34,json_l_comf_07,115,1.15,34.040193372291384,29.02246774726609,22.37376081689028,27.295080272495326,0.46,0.92,130.43478260869566,15.913459838024998,,1.6993484082578052,1,0.0037934352732007515
34,json_l_comf_08,116,1.16,40.594499273358906,20.169806740032985,24.33478453940549,24.907904872442884,0.67,1.34,89.55223880597015,67.22595508232912,2.985074626865674,0.8877502775695991,-1,-0.06732540656681629
34,json_l_comf_09,116,1.16,33.2797218404632,40.068734813582125,22.406784720681728,19.594967733571337,0.455,0.91,131.86813186813183,18.511672318178217,24.17582417582417,1.829319943941256,1,0.0009057387015222185
34,json_l_comf_10,116,1.16,32.99699970800384,34.34604208914584,22.834870184347125,30.597577877263788,0.66,1.32,90.9090909090909,4.006478903063441,,1.7191850251344352,-1,-0.008195698685995234
34,json_l_fast_01,110,1.1,40.7386559455544,46.93520377870769,42.72941775751883,34.24789044566745,0.33,0.66,181.8181818181818,14.13545121120865,,0.8641290000980488,1,0.006883116395568933
34,json_l_fast_02,110,1.1,29.491769475739236,57.12970661318548,33.35450370544059,34.25489210104308,0.5,1.0,120.0,63.81312899603194,,0.0560988587491843,1,0.022915573443706594
34,json_l_fast_03,111,1.11,29.970990084552028,49.88324147644147,34.38480018821137,33.44444057773356,0.78,1.56,76.92307692307692,49.87149961284207,,0.0357401642307841,-1,-0.07082800834256031
34,json_l_fast_04,112,1.12,33.43445925412297,51.57636265194199,33.39083673427662,37.704340814319096,0.345,0.69,173.91304347826087,42.68139747634817,,0.0500565869340228,-1,-0.0026118008077377075
34,json_l_fast_05,109,1.09,42.55142737719865,42.46336197133735,30.447508769656423,35.2014451493353,0.66,1.32,90.9090909090909,0.2071766725204899,,1.7688001957220951,1,0.02511503609257726
34,json_l_fast_06,109,1.09,33.25037087761044,51.343426202846445,36.960661854390125,28.794359489584707,0.77,1.54,77.92207792207792,42.77631682149877,,1.6400445033777178,-1,-0.04903288436192821
34,json_l_fast_07,110,1.1,29.052559437244724,54.997953904547614,31.53772431938367,31.767852878523115,,,,61.7376228549507,,1.8157274750664316,1,0.03007914583265786
34,json_l_fast_08,112,1.12,26.824533888087984,52.900867619792535,33.810210275017695,34.30217511776627,,,,65.41537135846727,,3.735037442713821,1,0.030023140302438578
34,json_l_fast_09,111,1.11,45.17768977730046,50.126020625426975,36.53420800300361,34.78055012823661,0.615,1.23,97.5609756097561,10.384340393917975,21.138211382113823,3.26651025023216,1,0.06417685049330252
34,json_l_fast_10,113,1.13,29.28296663006944,53.36644218467272,32.24300601450305,34.054158411060286,,,,58.27863961758312,,2.5410382042382054,1,0.03719242270867823
34,json_l_slow_01,118,1.18,37.85708238839328,12.811940429505851,28.79362978558423,19.86003710999853,0.615,1.23,97.5609756097561,98.85780528627082,27.642276422764212,0.1093813029466699,-1,-0.09539262266893533
34,json_l_slow_02,118,1.18,27.15947730584793,31.02744912217932,27.684142017605296,29.62419312538954,0.405,0.81,148.14814814814815,13.294985845714926,7.4074074074074,0.845071303501137,-1,-0.017523744167427524
34,json_l_slow_03,121,1.21,42.774241441457065,42.5608781963501,33.44178815559833,33.10505266178005,0.32,0.64,187.5,0.5000596378432506,14.492753623188404,0.1439728551227324,-1,-0.029553317815539826
34,json_l_slow_04,121,1.21,25.19525362418827,45.53141056336355,37.89280268586516,36.38057826112242,0.355,0.71,169.01408450704227,57.50633703082105,8.450704225352105,1.7527339717142072,-1,-0.014491064193921654
34,json_l_slow_05,118,1.18,36.85155070860765,49.037967202947215,28.55243370127552,32.709652754206616,0.305,0.61,196.72131147540983,28.376958657256846,3.2786885245901667,0.0505275345591428,-1,-0.061257454157130575
34,json_l_slow_06,117,1.17,58.7091741772984,19.3123303032522,46.64192871948336,34.578389602087825,0.37,0.74,162.16216216216216,100.98970568778805,65.36585365853661,0.027707227161269,-1,-0.07517717781625011
34,json_l_slow_07,119,1.19,32.84376780471922,31.52887002420144,18.939160846791097,21.326847401959327,0.37,0.74,162.16216216216216,4.0852692226542215,10.81081081081082,1.766014873724962,-1,-0.038034874469339064
34,json_l_slow_08,116,1.16,44.26685213418543,15.30863570795202,28.359896733992954,24.5692812281676,0.7,1.4,85.71428571428572,97.21520536421492,0.0,0.0460345743287031,-1,-0.09592951402089889
34,json_l_slow_09,121,1.21,26.426770150551675,28.80787765002529,18.655989453122785,18.013623072897545,0.66,1.32,90.9090909090909,8.621789381442358,,1.7933867462580702,-1,-0.045973301222246965
34,json_l_slow_10,122,1.22,44.72705432142405,36.73285972378133,31.71772718511211,21.08511247177009,0.735,1.47,81.63265306122449,19.62730918966209,9.523809523809533,0.0311202166112648,-1,-0.04172772668643021
34,json_r_comf_01,115,1.15,55.78654843980033,47.57217695327429,71.10679780324978,57.23320861417865,0.49,0.98,122.44897959183672,15.894877680208747,4.166666666666671,2.385755549741875,1,0.10915028443373187
34,json_r_comf_02,117,1.17,52.67996790351656,27.222805052582142,70.11160242146599,45.19910556418428,0.495,0.99,121.21212121212122,63.72034889182492,2.020202020202022,2.589010031907958,1,0.04448632178517403
34,json_r_comf_03,115,1.15,56.76481308207131,44.875377273962016,82.44199447509449,80.49559923276543,0.42,0.84,142.85714285714286,23.39514667664836,,1.7435936781135974,1,0.0901168907236094
34,json_r_comf_04,118,1.18,56.74429052376031,27.723453616109595,42.05577390490838,48.6927990297224,0.61,1.22,98.36065573770492,68.71460153971958,3.2786885245901667,3.434518896491086,1,0.02320982148374634
34,json_r_comf_05,115,1.15,63.67995798567257,33.41526397601467,74.63632679937743,51.63208389414564,,,,62.34023342899413,,1.773575115620066,1,0.07218164020431367
34,json_r_comf_06,116,1.16,55.50402902866446,40.65771755918985,44.04171273294864,45.95332083649801,0.595,1.19,100.8403361344538,30.87779079784263,11.764705882352937,0.9286053667101632,1,0.061304663564833994
34,json_r_comf_07,116,1.16,60.0862391830983,30.657889033621444,55.66859555634696,48.0615600869278,,,,64.86006472880443,,0.8658305003309662,1,0.06134795947962124
34,json_r_comf_08,116,1.16,55.337948546158685,34.76553262056598,69.3648499149528,48.55941506821347,0.35,0.7,171.42857142857144,45.66397581804004,0.0,1.3023358132955205,1,0.015776588744805753
34,json_r_comf_09,114,1.14,54.69094137000225,34.846402655515845,80.31753993017998,44.81377367797448,0.62,1.24,96.7741935483871,44.32684245990304,3.2258064516129057,1.2893647825421657,1,0.044602820261950116
34,json_r_comf_10,116,1.16,53.04757965262425,33.752837732963144,58.07836781469386,45.75725948387971,,,,44.45771691154302,,0.9001062661991812,1,0.0709847245115301
34,json_r_fast_01,109,1.09,53.68843739000047,30.499286613466523,76.64926178063769,46.5003892425548,0.5700000000000001,1.14,105.26315789473684,55.089149994312656,7.017543859649108,1.62270800322634,1,0.05354540191127416
34,json_r_fast_02,110,1.1,57.5816837772784,30.43431213093743,67.5473617396874,46.59407553887482,0.475,0.95,126.31578947368422,61.68735890837521,,1.8058325499008745,1,0.06422654761982627
34,json_r_fast_03,110,1.1,56.82234661127444,25.603527472020744,58.01329440297103,44.4111895578701,0.58,1.16,103.44827586206895,75.75004690324697,0.0,0.8996083870828585,1,0.011830482582870117
34,json_r_fast_04,112,1.12,57.96547689417129,33.40520211727957,82.80418768351213,43.5501777037764,0.63,1.26,95.23809523809524,53.75964158877215,0.0,1.309518671961078,1,0.023127543494592784
34,json_r_fast_05,111,1.11,56.614050345245374,39.01811668768599,58.56247939766692,44.82110390635829,0.59,1.18,101.69491525423727,36.79919467160071,19.178082191780817,1.7990189797121023,1,0.06809811863891208
34,json_r_fast_06,110,1.1,58.259704936053424,44.00774234989564,79.6166816466493,51.40741216364901,0.495,0.99,121.21212121212122,27.87194354486625,30.303030303030297,0.9332895059609494,1,0.09735316733870736
34,json_r_fast_07,113,1.13,56.465780570569706,28.66205524361041,74.64654327041283,49.23848722737752,0.41,0.82,146.34146341463415,65.32228867570461,66.66666666666666,1.6658771040742644,-1,-0.007477134182132361
34,json_r_fast_08,109,1.09,53.749260542645686,32.85142645378926,59.908255615466,45.39347998464204,0.53,1.06,113.20754716981132,48.262513413356,22.641509433962263,0.8624101599942603,1,0.06633025509461465
34,json_r_fast_09,113,1.13,55.027952204425134,44.41809439413623,91.51679859826363,56.302347239484895,0.55,1.1,109.09090909090908,21.33791774170415,14.545454545454536,0.8994093981451953,1,0.0837218070584757
34,json_r_fast_10,112,1.12,54.57067076088677,46.12982804729796,81.57078129433083,55.19261085644881,0.47,0.94,127.65957446808513,16.76425204142634,46.80851063829787,0.8727386125807106,1,0.09206811079285226
34,json_r_slow_01,122,1.22,53.10697424598584,36.2851320549193,68.47855662593045,52.441294049397726,0.67,1.34,89.55223880597015,37.636079710309296,0.0,1.9129080276951824,1,0.03322393706149296
34,json_r_slow_02,121,1.21,47.6539361997034,27.30543287911968,60.32182423833872,45.26796147384286,,,,54.2920880222094,,0.9121830482925736,1,0.055108562654734405
34,json_r_slow_03,125,1.25,52.27817146198181,35.48307175299564,65.81376169773964,48.84757030969325,,,,38.27452550517174,,0.8900210549454858,1,0.07955532562250633
34,json_r_slow_04,120,1.2,51.4000399195796,43.69563833632262,82.30667517540766,64.14905350734347,,,,16.203473647928472,,1.652692712431747,1,0.11028588399831851
34,json_r_slow_05,119,1.19,50.13450594952892,44.501782321424486,83.02168766138952,65.49057261821251,0.54,1.08,111.1111111111111,11.903940298202237,25.925925925925924,0.8758251913589141,1,0.0890523750609391
34,json_r_slow_06,129,1.29,48.88862294653892,41.247756736705526,63.07432450336562,54.55699479922686,,,,16.954011769021072,,1.8186426100464643,1,0.10289030220689993
34,json_r_slow_07,128,1.28,51.01138720055209,42.63711084055504,81.20746029125904,56.45817847231047,0.355,0.71,169.01408450704227,17.88448621209313,0.0,1.7871189544969397,1,0.042216810838704155
34,json_r_slow_08,127,1.27,45.142721280111886,35.60365152555747,67.16532770868957,55.30868338674654,,,,23.627240266288872,,1.8717133418478011,1,0.0930066163037499
34,json_r_slow_09,129,1.29,45.00266780646604,42.42647732021385,72.65424353676646,53.95427348505506,0.495,0.99,121.21212121212122,5.893207539704141,58.5858585858586,0.8715670662183828,1,0.05240879589354647
34,json_r_slow_10,123,1.23,48.075719361570776,34.958574219656185,61.593078328383285,66.21851524734515,0.635,1.27,94.48818897637796,31.59452456612509,11.023622047244103,1.6788114651928892,1,0.06044776635796767
33,json_l_comf_01,114,1.14,76.00124131685062,92.37389264849098,41.9966705475281,68.28035290769158,0.74,1.48,81.08108108108108,19.447825752002675,,5.3312662764444205,-1,-0.025420968948674183
33,json_l_comf_02,110,1.1,79.77815760863557,94.85323439461582,45.743376674050495,73.3148202814406,,,,17.26502504853146,,4.629693173140923,1,0.05869248893049267
33,json_l_comf_03,111,1.11,70.60756352314638,89.15063357262068,36.843337922287134,68.97159952305515,0.73,1.46,82.19178082191782,23.213920019839296,21.917808219178088,3.606081443478919,-1,-0.015754303536985925
33,json_l_comf_04,112,1.12,59.02706025086215,77.58764956591625,23.46054679375959,65.1137174732256,,,,27.17216812149547,,3.612415698476124,1,0.05635554761704675
33,json_l_comf_05,112,1.12,58.538073678455774,69.87614682924533,24.37718520845378,56.41944528780951,0.78,1.56,76.92307692307692,17.658594361221237,12.820512820512816,5.464236525146977,-1,-0.03452322811969877
33,json_l_comf_06,112,1.12,57.36473241246932,63.52929932803316,31.58928353945967,53.86566479247018,0.63,1.26,95.23809523809524,10.198298173719616,15.873015873015886,3.9880564538069616,1,0.07011271276882824
33,json_l_comf_07,112,1.12,65.59479896621569,77.70961804363301,27.45792771227605,65.37179064785636,,,,16.90780972450378,,5.532676103481998,1,0.0643736099162387
33,json_l_comf_08,111,1.11,69.60734033094639,83.28357467504034,32.41063391628505,67.76739596541739,0.68,1.36,88.23529411764706,17.890185749177363,,6.151821905173367,1,0.022240175794167427
33,json_l_comf_09,113,1.13,67.0820354928201,83.65514300416594,28.54980863846899,70.4543599944356,0.36,0.72,166.66666666666669,21.989409217550424,12.987012987012998,7.086284687973943,1,0.021096146575922736
33,json_l_comf_10,110,1.1,65.19207858921958,92.72833410933826,44.21294321013261,75.96297536694912,0.6599999999999999,1.3199999999999998,90.90909090909092,34.87358606728129,9.090909090909085,5.312033186094944,1,0.019128076861218812
33,json_l_fast_01,104,1.04,34.9259856459756,57.28674931668161,23.58079820612106,44.14514122399751,,,,48.49821161851733,,5.698132621229323,1,0.04284855799131915
33,json_l_fast_02,104,1.04,43.3545542882392,47.59347776715228,21.799420883865054,25.5973259342678,0.53,1.06,113.20754716981132,9.32163870534633,,5.367832832634753,1,0.028728385663104594
33,json_l_fast_03,104,1.04,40.2486209510493,53.180076993651,24.519179673562192,40.02342543287732,0.52,1.04,115.3846153846154,27.68197850783647,,7.005417057683959,1,0.040110524383450474
33,json_l_fast_04,103,1.03,37.13109081308619,56.64984472699699,21.84676883345304,29.98462756203733,0.36,0.72,166.66666666666669,41.62627254996456,,6.229234919869327,-1,-0.016492336408352903
33,json_l_fast_05,104,1.04,43.33852007025291,63.58367562061237,27.89904873580346,68.32951137531722,0.3349999999999999,0.6699999999999999,179.10447761194033,37.86894838727872,8.955223880597007,7.129187519192682,-1,-0.0010398474895642051
33,json_l_fast_06,106,1.06,40.37764544777477,57.92923864533098,26.62666288191457,32.447293396482735,0.425,0.8500000000000001,141.17647058823528,35.707760162417976,44.70588235294117,7.082287282447773,1,0.013642875119738773
33,json_l_fast_07,106,1.06,40.87797151918557,53.92774742702194,26.804812191430145,38.38369626960066,,,,27.52951204397444,,7.058632967730574,1,0.05547831745523535
33,json_l_fast_08,103,1.03,46.00555529662708,55.31778153985793,32.10841333429342,45.68201746255552,0.55,1.1,109.09090909090908,18.38120720058572,32.72727272727272,3.7467277463529896,1,0.06825791498911121
33,json_l_fast_09,104,1.04,47.919603139694416,61.6831679587747,32.75495560074215,43.019932624774185,0.565,1.13,106.19469026548674,25.115359185060843,1.7699115044247606,5.45314494853376,1,0.04222526818589384
33,json_l_fast_10,104,1.04,44.884170886149946,65.31348425415807,31.38896958897999,51.858667947388966,0.31,0.62,193.5483870967742,37.07758271625057,,5.511855747370385,-1,-0.03239306285436261
33,json_l_slow_01,133,1.33,48.97098479096224,53.6510143032241,31.889610515606197,67.68186885995998,0.31,0.62,193.5483870967742,9.12090887640289,22.85714285714286,3.604945976522305,-1,-0.008211627284602674
33,json_l_slow_02,132,1.32,52.31819815379913,55.23751416506639,34.18647354839766,64.95085482750052,0.39,0.78,153.84615384615384,5.428472274187525,6.622516556291397,5.221440073051146,1,0.0604907622174502
33,json_l_slow_03,134,1.34,26.479912946523257,26.630990440509493,20.68038579957971,20.389769891135813,0.6799999999999999,1.36,88.23529411764707,0.568913290309884,8.823529411764698,5.792007047096112,-1,-0.05210331543046576
33,json_l_slow_04,140,1.4,41.27839340863315,33.421641751284085,29.447598052435723,26.309976262446128,0.405,0.81,148.14814814814815,21.03546977060826,4.819277108433739,5.496935349244528,-1,-0.004550085632331502
33,json_l_slow_05,132,1.32,42.70743906382731,51.9739916135498,29.47583759148492,37.33057399927766,0.76,1.52,78.94736842105263,19.57417095079154,2.6315789473684235,6.579386373995721,-1,-0.0390037342403754
33,json_l_slow_06,129,1.29,36.40998285454776,26.395783685215804,26.86090746977172,24.229649852964783,0.69,1.38,86.95652173913044,31.88942583159708,5.797101449275352,5.368730520880926,-1,-0.03201299554160897
33,json_l_slow_07,132,1.32,31.351303047566404,49.209420592703566,24.926370921828337,28.494635380440272,0.39,0.78,153.84615384615384,44.33455097766874,1.2738853503184724,5.375478754474488,-1,-0.011639632508969822
33,json_l_slow_08,136,1.36,28.546937158183937,50.79255420256126,27.935871357330186,35.194509407228765,0.55,1.1,109.09090909090908,56.0770346843534,14.545454545454536,5.404191965161716,1,0.019967917921243028
33,json_l_slow_09,134,1.34,34.18249285658544,48.13775604559763,26.10207821788288,32.67293041151622,0.495,0.99,121.21212121212122,33.90481291084168,18.181818181818187,6.879518641514649,1,0.03916190826274235
33,json_l_slow_10,125,1.25,36.23329244132981,53.42078743234784,26.367901343860822,32.060922445777805,0.74,1.48,81.08108108108108,38.34180221409926,8.108108108108116,5.713627055251613,-1,-0.03428750106733236
33,json_r_comf_01,116,1.16,67.63901089665767,70.65007891980886,106.7652861365672,67.43850789537002,0.5349999999999999,1.0699999999999998,112.1495327102804,4.354744148142711,16.82242990654205,4.8831194056925735,1,0.08501628426783903
33,json_r_comf_02,114,1.14,59.222254113668384,58.76784776066556,98.32248998053667,79.79254164109821,0.475,0.95,126.31578947368422,0.7702448693311447,6.315789473684205,5.365468927870843,1,0.0956512391372013
33,json_r_comf_03,114,1.14,65.38118967093102,74.16213836559201,90.20962357960022,91.13742133109396,0.42,0.84,142.85714285714286,12.5852648323863,33.333333333333336,5.3598449375218085,1,0.08179741199249674
33,json_r_comf_04,112,1.12,58.06495637078348,48.36450521588439,81.63295227294968,66.82497987780435,0.56,1.12,107.14285714285714,18.228883262741665,22.831050228310502,6.604711279939812,1,0.10103991461895356
33,json_r_comf_05,113,1.13,62.99169184217504,47.8564040598144,73.98264463234194,56.96480932402422,0.515,1.03,116.50485436893204,27.30816016134926,5.825242718446607,7.384639029835148,1,0.09133328084889819
33,json_r_comf_06,114,1.14,62.01156215783014,49.233426396641335,96.29744060091228,71.18723166958667,0.5,1.0,120.0,22.97296431458025,12.00000000000001,6.035695614083195,1,0.0982909992102356
33,json_r_comf_07,113,1.13,57.84955586737419,54.91350052769792,85.66472054011054,58.78285813549057,0.4649999999999999,0.93,129.03225806451613,5.207477401800156,15.053763440860218,6.148465610683602,1,0.11345663306591502
33,json_r_comf_08,113,1.13,59.44750145824752,48.84857545920103,79.22046062836361,59.96602745066304,0.39,0.78,153.84615384615384,19.573979595079493,,6.679194287410174,1,0.08966819383222141
33,json_r_comf_09,112,1.12,58.51407440778475,55.23195654885125,81.71467730737928,66.75495396361777,0.58,1.16,103.44827586206895,5.770958039291521,3.448275862068969,5.428368110341568,1,0.10610075213493059
33,json_r_comf_10,111,1.11,59.1816349521209,53.11009579178605,57.66074509760111,59.24855083156223,0.605,1.21,99.17355371900828,10.813866916312174,11.570247933884309,6.322028711593437,1,0.09308181721299597
33,json_r_fast_01,99,0.99,60.16155235660728,36.3794424669488,65.55814842460728,45.88871813407634,0.49,0.98,122.44897959183672,49.26841686917364,17.80104712041885,2.70917669268353,1,0.07300283558277054
33,json_r_fast_02,104,1.04,57.94514878142756,56.18346184454944,59.60988134842471,70.43941179600425,0.395,0.79,151.89873417721518,3.0871959751644265,17.72151898734177,5.39713140365374,1,0.0982200613802739
33,json_r_fast_03,101,1.01,57.08487517129396,56.15817685924863,53.94970267789465,65.17486543090484,0.54,1.08,111.1111111111111,1.6366537203454985,22.43902439024389,3.606635113652041,1,0.11551741636050777
33,json_r_fast_04,102,1.02,58.12583765624109,53.50715902312501,59.81798266879419,68.4715948120208,0.51,1.02,117.6470588235294,8.274755261442836,15.686274509803935,3.6365687424376008,1,0.12148666964237825
33,json_r_fast_05,103,1.03,58.07059659308625,54.51032314441407,70.8724462733101,68.73671981195088,0.435,0.87,137.93103448275863,6.3248256577997415,16.091954022988496,4.571845872645019,1,0.11487813806237535
33,json_r_fast_06,103,1.03,59.76507944381503,35.98670457427107,46.59668881712203,55.60826349220227,0.37,0.74,162.16216216216216,49.6666983563514,,1.80676147690956,1,0.048738992875988374
33,json_r_fast_07,102,1.02,59.59714043916748,32.86835263106306,60.40207831599244,67.67649790718558,0.36,0.72,166.66666666666669,57.81354085854068,,1.8060882318061824,1,0.033444633141909874
33,json_r_fast_08,104,1.04,54.32730684383752,34.47029863508811,53.63783129323606,63.53593565356899,0.565,1.13,106.19469026548674,44.72419746377525,15.929203539823003,3.637229319876636,1,0.07374689037250942
33,json_r_fast_09,104,1.04,60.47980484241579,71.40244782827888,86.10795152187495,74.23814632228954,0.49,0.98,122.44897959183672,16.564234784700783,12.244897959183673,5.77754313002581,1,0.11229048032105499
33,json_r_fast_10,104,1.04,56.51350585058952,46.9596303957409,87.71782580874577,79.85186359283323,0.5449999999999999,1.09,110.09174311926608,18.4663880915032,9.174311926605494,5.309922444135081,1,0.10248717524512602
33,json_r_slow_01,132,1.32,59.74954394986456,82.67179298475648,47.87980488094301,64.80817063648645,0.345,0.69,173.91304347826087,32.189346804705885,0.0,5.499747204786655,1,0.01574231112974822
33,json_r_slow_02,133,1.33,60.39962543048699,77.33342662121564,57.721168998265725,64.5487503394519,0.57,1.14,105.26315789473684,24.58930654404142,0.0,5.493746717982515,1,0.0643169987562473
33,json_r_slow_03,136,1.36,61.94860961210733,82.84484074424853,50.68220260643768,63.6092883815514,0.72,1.44,83.33333333333334,28.863503260282563,11.111111111111107,6.817273046508489,1,0.007269933662237105
33,json_r_slow_04,135,1.35,55.5208453985742,34.911883470302826,28.057405273061164,40.23323608951402,,,,45.57854702837364,,5.366476188411739,1,0.047846590417089996
33,json_r_slow_05,128,1.28,55.47346075620709,68.36738426138815,81.71313826946465,63.66308905822454,0.38,0.76,157.89473684210526,20.823377785171125,,6.934832288683128,1,0.08206651875849141
33,json_r_slow_06,131,1.31,59.77299483456484,13.778190698431928,54.93657958742955,36.184578460431,0.7,1.4,85.71428571428572,125.068831461591,0.0,1.9315580581891212,-1,-0.0944041903701327
33,json_r_slow_07,139,1.39,56.58214027525865,44.14338587812057,60.43538094150426,62.73065242318562,0.42,0.84,142.85714285714286,24.69831605187555,66.66666666666666,5.344773461127143,1,0.029358696605029544
33,json_r_slow_08,130,1.3,52.37940623971407,54.06693997553751,38.5020827204482,33.365737579591595,0.5900000000000001,1.1800000000000002,101.69491525423727,3.170674796880247,23.72881355932203,3.9969478301978487,1,0.0692091083404448
33,json_r_slow_09,134,1.34,58.62262163365757,31.88490471246388,82.19838989373969,56.29450596142799,0.67,1.34,89.55223880597015,59.08396351247642,,4.606494999050973,1,0.028378078746701674
33,json_r_slow_10,138,1.38,54.16066729330707,34.54817168595534,67.4772526487031,41.5402519347186,0.645,1.29,93.02325581395348,44.21768074754439,41.86046511627907,5.370637051095388,1,0.013108221536233644
33,json_r_slow_11,134,1.34,59.67842207870528,42.82274783496189,82.14296110599992,49.74729553110088,0.41,0.82,146.34146341463415,32.888745090305385,0.0,5.1872134845957065,1,0.059542168421987895
32,json_l_comf_01,116,1.16,56.14324494479638,60.73559937017679,35.01915567610095,47.80765007485965,0.44,0.8800000000000001,136.36363636363637,7.858315937834931,54.54545454545456,3.4716871879027638,1,0.0565651731413746
32,json_l_comf_02,117,1.17,52.77288285468157,48.76053449510688,40.7106275264188,55.36421471832419,0.44,0.8800000000000001,136.36363636363637,7.903503032409354,45.45454545454545,1.91262526688466,1,0.07724343188021898
32,json_l_comf_03,117,1.17,60.414223174273374,49.756201191370494,35.62032036163686,33.614677267898244,0.55,1.1,109.09090909090908,19.348245310429316,61.818181818181806,3.5117112382130244,1,0.028269352212940524
32,json_l_comf_04,116,1.16,59.25653726267285,49.78889193713832,34.92415588984748,37.212703820377456,0.56,1.12,107.14285714285714,17.364589043317604,60.7142857142857,1.968409898155787,1,0.032062648143163286
32,json_l_comf_05,117,1.17,56.99294914470475,57.91575690512859,41.761893784918456,58.671430170314025,0.43,0.8600000000000001,139.53488372093022,1.6061581269980278,46.51162790697674,3.5524481459361485,1,0.08243784530617976
32,json_l_comf_06,117,1.17,58.08465368064937,51.67367196966661,38.00352771845222,59.2879993501512,0.645,1.29,93.02325581395348,11.681996191173305,32.558139534883715,3.663291618059651,1,0.0640545334229129
32,json_l_comf_07,117,1.17,59.84285446593162,54.98480858670716,39.16284664657161,40.11927452773614,0.685,1.37,87.5912408759124,8.461455628505579,24.817518248175187,1.9899656543067064,1,0.04834762237669066
32,json_l_comf_08,111,1.11,59.73930640568281,61.512695246726565,34.8329623816565,50.8926399565959,0.5,1.0,120.0,2.925129180345396,,4.245114790954031,1,0.09169711043833362
32,json_l_comf_09,117,1.17,57.856054660081966,55.50237048413459,64.60333087030791,66.2981464026471,0.42,0.8400000000000001,142.85714285714283,4.152640922724501,,3.4874270070562448,1,0.10803558627257065
32,json_l_comf_10,117,1.17,57.50437392681836,53.479181627986335,39.84541780333656,40.82431268981871,0.53,1.06,113.20754716981132,7.253673354958155,79.24528301886792,1.8454010467286688,1,0.02158883398020972
32,json_l_comf_11,117,1.17,57.79283601986012,57.81690286221041,59.16518901157539,58.35266871354368,,,,0.0416346279872556,,2.691988379662105,1,0.12608311664658423
32,json_l_fast_01,111,1.11,58.32056426256664,58.937737420217786,33.12362747511678,48.00911000657439,0.36,0.72,166.66666666666669,1.0526728577747493,12.987012987012998,1.9831404772498096,1,0.049024237064522025
32,json_l_fast_02,111,1.11,55.6078966185389,44.179879181304486,37.39103845296815,25.214098402501563,0.6200000000000001,1.2400000000000002,96.77419354838707,22.904644072149672,19.354838709677416,9.088173275298631,1,0.02471688017301532
32,json_l_fast_03,112,1.12,28.43318540800675,46.24048526249948,37.24467715183901,23.13180221538748,0.565,1.13,106.19469026548674,47.69365077301887,90.26548672566372,9.066674890739062,-1,-0.07446414554145697
32,json_l_fast_04,105,1.05,28.431062669972533,50.12533609513417,36.42160655926993,36.91594166837575,0.585,1.17,102.56410256410255,55.2323522111297,29.059829059829067,8.816610540514636,-1,-0.004023502601483875
32,json_l_fast_05,113,1.13,54.80860320331493,53.68933732931377,44.41941396376738,31.644519713547822,0.675,1.35,88.88888888888889,2.063202063572,19.25925925925926,7.585437200461221,1,0.03405961153918796
32,json_l_fast_06,111,1.11,52.440457056813614,54.669651618895216,38.08664025075534,32.41691612677482,0.405,0.81,148.14814814814815,4.162435440768355,41.9753086419753,6.1179490229130895,1,0.045818688815186914
32,json_l_fast_07,110,1.1,39.85961439013931,46.70810324530984,31.733063801445127,26.342165793650025,0.345,0.69,173.91304347826087,15.822269645621567,4.255319148936175,9.10459223663415,-1,-0.03170206951558108
32,json_l_fast_08,111,1.11,54.835699288721145,52.968941294371405,43.10022001250268,39.40303719701254,0.6950000000000001,1.39,86.33093525179855,3.463223817180485,12.949640287769778,5.143399762722575,1,0.048810407979832604
32,json_l_fast_09,111,1.11,57.00784454465367,58.4563131132459,44.00386246697556,42.927701787418926,0.4,0.8,150.0,2.5089492669817,41.34078212290504,4.358681986878438,1,0.0726641823638412
32,json_l_fast_10,110,1.1,54.55787904992189,47.77310724759289,42.00038088462756,42.75341774267436,0.34,0.68,176.47058823529412,13.260444461276103,35.8974358974359,4.1612801347825386,1,0.035085099608894166
32,json_l_fast_11,111,1.11,60.85548525021241,59.03940512074172,54.039646470425865,80.85190858737342,0.6000000000000001,1.2000000000000002,100.0,3.029453755454881,16.66666666666666,3.429639268634212,1,0.10246765233236116
32,json_l_slow_01,118,1.18,55.695229008858064,31.10727170216461,37.10682836937377,51.96876649498466,0.53,1.06,113.20754716981132,56.65264734376745,22.641509433962263,4.246837388600714,1,0.050236265701959326
32,json_l_slow_02,120,1.2,52.15962312488783,17.62444205927258,40.517052002926135,34.60925132312602,0.61,1.22,98.36065573770492,98.9772693077618,13.114754098360669,4.695665577577682,-1,-0.02626766398659297
32,json_l_slow_03,120,1.2,54.32352421839728,48.68636108438608,42.824353977163085,49.51878909411627,0.5800000000000001,1.16,103.44827586206895,10.944897409489467,6.896551724137917,3.4467694910234146,1,0.09049902844028573
32,json_l_slow_04,123,1.23,56.90310973298766,44.91234451872725,38.34249855147901,49.44723242105253,0.55,1.1,109.09090909090908,23.55391979024332,25.454545454545457,3.7228405432311553,1,0.07453343514515748
32,json_l_slow_05,121,1.21,53.5156438956316,21.279137709164644,31.93325079329801,30.8399353699792,0.665,1.33,90.22556390977444,86.19988051251902,34.58646616541353,3.734013910548952,-1,-0.04860684930645287
32,json_l_slow_06,120,1.2,51.88650313458761,58.62642724112118,37.21807095649878,53.54856884007053,0.45,0.9,133.33333333333334,12.197530340784498,2.1978021978022,2.6072666196131906,1,0.08686233117849523
32,json_l_slow_07,119,1.19,56.51991171518142,41.13458158823187,35.44021888771408,34.12586599924222,0.475,0.95,126.31578947368422,31.509722914945065,27.368421052631597,2.651260118303569,1,0.06210754897739873
32,json_l_slow_08,119,1.19,53.41585168670534,54.73090911244988,48.03509234670864,56.00488118945725,0.5449999999999999,1.09,110.09174311926608,2.4319867114407625,16.513761467889903,1.803358612288616,1,0.10482923933013338
32,json_l_slow_09,122,1.22,29.78998458841937,52.68621545798902,28.15067970715411,27.456465920601858,0.4599999999999999,0.92,130.43478260869566,55.52203146286131,13.043478260869565,1.8554584852271727,1,0.013591045588088047
32,json_l_slow_10,122,1.22,34.38810917004949,44.82264160707362,26.772905803393183,38.72041141076538,0.54,1.08,111.1111111111111,26.34625308977057,59.259259259259245,2.6375834454124347,1,0.007343773809936949
32,json_r_comf_01,124,1.24,53.66950621072118,45.85559841215566,84.60557647839342,91.57277684735944,,,,15.702385499968456,,4.217894411912733,1,0.11868275491352553
32,json_r_comf_02,121,1.21,60.44467050033602,54.86646567348117,94.04268833744646,75.69121186028929,0.525,1.05,114.28571428571428,9.67504962997918,9.52380952380953,3.568354229312999,1,0.11019348263536388
32,json_r_comf_03,120,1.2,55.3455246847747,54.28584525775956,90.68034502611266,103.82123878231306,0.315,0.63,190.47619047619048,1.93316826665688,3.174603174603177,4.428956173312677,1,0.0076169652344398875
32,json_r_comf_04,119,1.19,57.60774642938054,56.69404610240814,93.1496069782024,90.77345757664632,0.34,0.68,176.47058823529412,1.5987506525206812,,3.633923584088939,1,0.07326006876906838
32,json_r_comf_05,118,1.18,60.73747362389615,49.67095636769358,78.20372803159412,91.85049807299492,0.62,1.24,96.7741935483871,20.046507783953736,9.677419354838715,3.571242821038135,1,0.0985883532773924
32,json_r_comf_06,119,1.19,60.37783148794109,53.52203626356048,75.80676785162369,92.91520415083868,0.33,0.66,181.8181818181818,12.03828478420728,1.5267175572519098,2.6157298104415294,1,0.04947385573119578
32,json_r_comf_07,118,1.18,56.763191484599886,46.91652219480365,79.69152354701964,93.12103865028035,0.32,0.64,187.5,18.994399078384657,,3.834582631539261,1,0.03958343214116483
32,json_r_comf_08,117,1.17,58.33541090685013,50.26150623199072,77.48579738123289,90.4528598080288,0.605,1.21,99.17355371900828,14.869491487565789,4.958677685950417,3.572493982598751,1,0.10059688508335857
32,json_r_comf_09,117,1.17,60.33333551837288,53.41726407875822,85.11325503966265,88.91085447436322,0.44,0.88,136.36363636363637,12.160061510197234,,3.5265405150511704,1,0.11681779599994918
32,json_r_comf_10,116,1.16,58.08960402523549,49.83808240148792,77.7824448766738,82.11548433197926,0.49,0.98,122.44897959183672,15.290833885056667,,2.6731870090869423,1,0.12689844114256432
32,json_r_comf_11,115,1.15,52.82237403196106,51.17326002159449,69.9564770585839,92.48573597912802,0.31,0.62,193.5483870967742,3.171506237497077,,2.590821049905387,1,0.020197265420133836
32,json_r_comf_12,118,1.18,53.63120854848859,52.03696841889878,92.91394422826636,65.32476937397139,0.5249999999999999,1.0499999999999998,114.2857142857143,3.0174460757127304,20.952380952380956,3.9200003988175096,1,0.11149324614759865
32,json_r_fast_01,112,1.12,58.246939329286064,52.70859179872628,87.68081687640097,81.67467505439768,0.4499999999999999,0.8999999999999999,133.33333333333334,9.98300395528737,62.22222222222222,3.666560452478262,1,0.07514506776640911
32,json_r_fast_02,109,1.09,58.01035190365391,56.00485220900973,97.07624675959718,95.42078906966546,0.43,0.86,139.53488372093022,3.5179513298287133,27.906976744186046,2.6349987384963858,1,0.09383455217753717
32,json_r_fast_03,111,1.11,55.02692699073161,61.72475128466169,95.34003225795104,88.37915903509841,0.45,0.9,133.33333333333334,11.473624007581778,22.22222222222221,2.891510687233986,1,0.10947844754221381
32,json_r_fast_04,110,1.1,57.39143836888495,54.44844536241712,91.94168379324712,89.677360786345,0.51,1.02,117.6470588235294,5.262868501434497,,2.2793012040291223,1,0.11883800561136365
32,json_r_fast_05,111,1.11,59.81223650452732,53.60431630719165,98.57172827231416,93.04492877970196,0.42,0.8400000000000001,142.85714285714283,10.9471149376958,19.04761904761905,1.8642233471954095,1,0.0906507375700904
32,json_r_fast_06,111,1.11,62.38320406901414,31.266211299307628,73.24151396738071,65.06925059453073,0.43,0.86,139.53488372093022,66.45421681987835,61.61137440758293,1.7545572330415595,1,0.0058576398213840974
32,json_r_fast_07,111,1.11,55.643718856142726,54.59776288499043,71.4856772434257,57.65655485803113,0.535,1.07,112.14953271028035,1.8975724103716032,9.345794392523372,1.8113616665897627,1,0.11262598800386886
32,json_r_fast_08,111,1.11,60.4625074944916,52.71602844103174,87.28015562833292,84.16854843055482,0.56,1.12,107.14285714285714,13.688954340022486,14.285714285714276,1.7453833789764457,1,0.11337210431724548
32,json_r_fast_09,110,1.1,60.73379620899864,55.68001010664457,79.59788126865955,83.04015069307067,,,,8.682451441629324,,4.500746709808524,1,0.13104525984221693
32,json_r_fast_10,110,1.1,60.74519722845433,40.18484605057236,76.4886250917191,74.50328325730274,0.48,0.96,125.0,40.74178611227133,4.166666666666671,3.510314467695299,1,0.08816146802865954
32,json_r_slow_01,122,1.22,54.8583200130882,45.04939977042511,101.63814797306522,86.47621227536693,0.35,0.7,171.42857142857144,19.63596059226997,54.94505494505495,1.7835500659207444,1,0.010854382875109647
32,json_r_slow_02,123,1.23,54.62603522958081,51.26803080152212,98.432071666421,88.3521470047955,0.31,0.62,193.5483870967742,6.342195656312579,,3.371338161256552,1,0.008237473500261605
32,json_r_slow_03,121,1.21,53.5535468826143,54.90815567393507,99.15536026564118,94.16052498543569,0.31,0.62,193.5483870967742,2.4978564034886146,,1.8192801240485916,1,0.00438335864153061
32,json_r_slow_04,122,1.22,51.94385510345762,52.015446777865975,95.1896533315335,95.84828730468854,0.67,1.34,89.55223880597015,0.1377301946295859,,2.5830124199188207,1,0.06569712881498774
32,json_r_slow_05,142,1.42,53.185863163915954,45.59916537139969,67.2702348801709,59.71189232761144,0.59,1.18,101.69491525423727,15.360015388979754,,1.7324167811671134,1,0.09694607939847416
32,json_r_slow_06,121,1.21,51.48725264978314,55.827573865921664,97.02304656824607,84.01212083848188,0.54,1.08,111.1111111111111,8.08894978831903,0.0,2.6276917319285964,1,0.0873611718751584
32,json_r_slow_07,121,1.21,56.88111510585642,53.81539352969429,100.8102523600006,88.95887507760959,0.535,1.07,112.14953271028035,5.5389670621961455,1.8691588785046744,3.471425832630381,1,0.08840887470095837
32,json_r_slow_08,120,1.2,57.220519228431485,50.73325530766715,92.61116902031247,102.16097725201568,0.635,1.27,94.48818897637796,12.01859582704088,26.77165354330707,2.576573117943236,1,0.07599590692950514
32,json_r_slow_09,121,1.21,52.9765849625024,51.23197776278019,86.65990913401858,83.94241564710002,0.575,1.15,104.34782608695652,3.348299130315022,22.608695652173918,1.802079447270356,1,0.10827035800357021
32,json_r_slow_10,120,1.2,55.166564559612496,52.67392492652896,93.25423205289547,84.76438527551495,0.63,1.26,95.23809523809524,4.622827001177271,,1.9262900351136476,1,0.09489744667430827
32,json_r_slow_11,125,1.25,55.047866933914406,52.62942272185893,82.34021354116142,85.39290077599196,0.46,0.92,130.43478260869566,4.492022820757927,,3.402905627897271,1,0.12363848675651135
31,json_l_comf_01,120,1.2,52.48383188592375,58.86674782140079,47.15124792880137,51.25544113640731,0.525,1.05,114.28571428571428,11.464540107925782,78.09523809523809,2.4216471974379927,1,0.03241793026911988
31,json_l_comf_02,122,1.22,29.137468890578877,57.59531497597968,41.78011505361144,54.84907268826382,0.645,1.29,93.02325581395348,65.62189017058233,38.75968992248062,3.9909196741100894,-1,-0.00571142538187952
31,json_l_comf_03,118,1.18,41.164087761807394,41.5354571932686,39.29309469565838,50.71413964696848,0.56,1.12,107.14285714285714,0.8981172306641815,39.285714285714285,4.810313258610072,1,0.044897121732336565
31,json_l_comf_04,118,1.18,49.02189960769087,55.90083289466092,39.53103815224402,64.48267390468978,0.64,1.28,93.75,13.112379220234024,43.75000000000001,4.623618356969615,1,0.04905700554438858
31,json_l_comf_05,120,1.2,48.53762727310689,51.287794054792215,31.93042361843301,57.627044315121495,0.45,0.9,133.33333333333334,5.509952765742465,3.2786885245901543,3.649999408746869,1,0.0739166729406559
31,json_l_comf_06,119,1.19,33.066280373618724,41.74035384856526,29.15318361068448,17.617938135326952,0.72,1.44,83.33333333333334,23.190652981882813,,3.5071245407229177,-1,-0.026763832414726907
31,json_l_comf_07,119,1.19,48.52157156992246,49.97549071791687,30.63068484673032,40.38112743666113,0.36,0.72,166.66666666666669,2.952208145549771,20.000000000000018,3.48851107503398,1,0.04204419066641352
31,json_l_comf_08,119,1.19,54.01766654493329,45.68273648208,35.534449136345486,68.1379015301505,0.59,1.18,101.69491525423727,16.71995259757372,44.06779661016949,3.5986086179867085,1,0.04623005364744853
31,json_l_comf_09,118,1.18,33.686377733238885,47.45833015128352,23.967992667426078,32.087015839240124,0.5,1.0,120.0,33.94417892943455,52.0,1.872831814069198,1,0.014394391162980635
31,json_l_comf_10,121,1.21,28.90073180716942,46.95967555672576,25.004686099557844,26.703130030365827,0.415,0.8300000000000001,144.57831325301203,47.61098543257036,40.96385542168674,1.940211305160118,-1,-0.0174677798854459
31,json_l_fast_01,112,1.12,43.01418094174696,45.58469216948487,31.99694141385673,24.24700983108896,0.62,1.24,96.7741935483871,5.802582216843212,12.903225806451625,8.188170870947848,1,0.019933924504467626
31,json_l_fast_02,113,1.13,57.957060906329644,40.251086508993325,36.85487813402554,42.16183042626945,0.65,1.3,92.3076923076923,36.05805600314936,27.692307692307683,5.352614091334181,1,0.03563437621975246
31,json_l_fast_03,112,1.12,48.16113275166154,61.23544989681574,31.844271196450705,46.2405474355551,0.59,1.18,101.69491525423727,23.902606148431055,,4.583887440429141,1,0.058204134398947616
31,json_l_fast_04,113,1.13,49.458445154621685,37.54404760690008,34.685982351192905,37.01235981577902,0.715,1.43,83.91608391608392,27.388634898955303,4.195804195804199,1.8965411642350247,-1,-0.0022273942351944687
31,json_l_fast_05,114,1.14,55.091795512501946,48.249966912523405,39.11067933945779,48.069892267818034,0.655,1.31,91.6030534351145,13.241168796482064,29.00763358778625,1.8226290821943087,1,0.05401231409868923
31,json_l_fast_06,114,1.14,53.32159365591312,60.18505996136027,43.46432662542047,71.1739802412174,0.3299999999999999,0.6599999999999999,181.81818181818184,12.09350480649298,,2.9640105865514434,1,0.04961393674403908
31,json_l_fast_07,113,1.13,57.67802841693626,52.35669039437748,39.41024612030971,48.41762013698727,0.535,1.07,112.14953271028035,9.67210727676552,9.345794392523372,2.29637554133991,1,0.0915680818910537
31,json_l_fast_08,111,1.11,53.98022089657593,49.94996327895117,36.27629236391881,55.1524489017024,0.6100000000000001,1.2200000000000002,98.3606557377049,7.755701867742437,16.39344262295081,1.6340594941225175,1,0.08382999410461583
31,json_l_fast_09,112,1.12,50.264178497636536,48.05372422266552,38.48801336846532,50.48412348441165,0.565,1.13,106.19469026548674,4.4965448078350185,47.78761061946902,2.7219569936779697,1,0.062291383155379576
31,json_l_fast_10,112,1.12,56.68965433592054,58.1884704690892,47.512507644150745,59.490291232639294,0.56,1.12,107.14285714285714,2.6094021567860723,67.85714285714285,3.1155968268641967,1,0.0403686331052599
31,json_l_slow_01,124,1.24,41.88166880880635,66.09073564842087,34.96306168476663,36.335686886146746,0.525,1.05,114.28571428571428,44.84306330179918,43.80952380952382,10.558637015750705,-1,-0.0075399016377798445
31,json_l_slow_02,126,1.26,33.84968086755674,62.28051215922305,29.429932279649563,24.457917074756864,0.315,0.63,190.47619047619048,59.15067971151602,3.174603174603177,8.850867805287141,-1,-0.09381121005072102
31,json_l_slow_03,124,1.24,48.34002893531195,37.09402335028318,33.12252625959222,71.56940198318084,0.32,0.64,187.5,26.326752118545908,52.63157894736843,5.222448969500752,-1,-0.03115785739757182
31,json_l_slow_04,124,1.24,38.47972809198268,23.366190136676494,27.994257556891952,23.881028061102825,0.635,1.27,94.48818897637796,48.874811428711645,7.8740157480315025,8.877842348366668,-1,-0.024032039086855805
31,json_l_slow_05,127,1.27,39.41348229660778,56.874932158551886,34.533027062070815,43.795602439108535,0.36,0.72,166.66666666666669,36.26905679306972,53.76344086021506,8.28547898100365,-1,-0.011098399058927955
31,json_l_slow_06,128,1.28,48.48132812351727,40.740441650116594,49.0181043497966,48.55568160738464,0.585,1.17,102.56410256410255,17.352012839557474,18.803418803418804,3.731788917842787,1,0.08319894022948271
31,json_l_slow_07,124,1.24,47.17803110413041,44.34850071530704,37.63278274384608,60.866631636529846,0.395,0.79,151.89873417721518,6.182973029952535,4.938271604938276,6.150423532959023,1,0.04007456202558468
31,json_l_slow_08,124,1.24,43.158731988669615,56.51525616835829,31.98642927734056,62.342249857898125,0.35,0.7,171.42857142857144,26.800420905495635,,3.9069575006241184,1,0.050524395783729414
31,json_l_slow_09,125,1.25,46.66812431440991,56.51024277157467,33.22355803138653,31.8671025762618,0.75,1.5,80.0,19.077872106587503,5.3333333333333375,5.324484564399048,-1,-0.02561302734587345
31,json_l_slow_10,124,1.24,32.9610909735263,56.288508005689664,29.19901548759003,36.13091384949479,0.38,0.76,157.89473684210526,52.27455876321808,42.69662921348316,5.871817438414476,-1,-0.0035676822454167034
31,json_r_comf_01,120,1.2,61.76827713511368,17.278580413423015,81.32191710252994,48.43490098674056,0.565,1.13,106.19469026548674,112.565377300098,15.929203539823003,8.16908965147972,-1,-0.03337043627267655
31,json_r_comf_02,120,1.2,61.63235607924823,42.76391966302987,87.57224103436053,51.37719629282018,0.55,1.1,109.09090909090908,36.14771941251747,0.0,5.097820044315,1,0.06291059649132924
31,json_r_comf_03,119,1.19,61.54376421808712,44.1940206872635,86.403416167281,52.90835686273367,0.36,0.72,166.66666666666669,32.81654433437195,,4.7135110373092095,1,0.06161619287742359
31,json_r_comf_04,120,1.2,57.84265305741003,55.20671477374995,100.01726692225748,97.35488464424192,0.36,0.72,166.66666666666669,4.663340157013304,56.68449197860963,4.851679814904476,1,0.02733601921320683
31,json_r_comf_05,119,1.19,58.6780204977875,42.82936100436325,99.91507599348768,53.0283204743344,0.32,0.64,187.5,31.22661477202709,1.5503875968992262,4.915421844403083,-1,-0.014487112959549853
31,json_r_comf_06,120,1.2,59.941093354017525,54.077348046237546,83.17499719624362,50.69057817670548,0.615,1.23,97.5609756097561,10.285608601148375,1.6260162601626031,4.935064178089587,1,0.08666489641215258
31,json_r_comf_07,120,1.2,57.36639061460761,48.12865305806292,101.03492245473043,54.24853656309492,0.49,0.98,122.44897959183672,17.51312144143471,8.163265306122456,3.2866339285084534,1,0.08835814697437122
31,json_r_comf_08,120,1.2,59.39735960692269,49.89213133515986,99.02405360927597,49.780935897619045,0.32,0.64,187.5,17.39458787817043,59.21787709497206,4.688641927401921,-1,-0.010211852253925735
31,json_r_comf_09,119,1.19,55.57022020781794,51.051362779262405,94.1698615523737,107.83809365812358,0.53,1.06,113.20754716981132,8.476440326538949,7.547169811320761,3.897463166626181,1,0.09436669703984807
31,json_r_comf_10,120,1.2,57.939504137941086,18.59893812275351,56.043410240976726,47.71888597287273,0.37,0.74,162.16216216216216,102.7994948765516,,3.71375124831073,-1,-0.019535418169591368
31,json_r_fast_01,109,1.09,58.15444381755916,50.5455456772153,79.91642590828859,69.38740088973653,0.66,1.32,90.9090909090909,13.99981393873021,30.30303030303029,3.034245448533063,1,0.07945560658037232
31,json_r_fast_02,111,1.11,59.75650854507492,49.68470650185108,79.33915878520475,74.42270235798088,0.61,1.22,98.36065573770492,18.40586663608453,,4.6345144601777175,1,0.10893653603155928
31,json_r_fast_03,112,1.12,57.304831882406845,53.720514716818286,96.26858535664655,67.86837468839732,0.52,1.04,115.3846153846154,6.456754741828609,42.30769230769232,3.016694055549245,1,0.0952732719311491
31,json_r_fast_04,113,1.13,58.65325753706934,52.840285591091,102.31275668523983,66.32223185251495,0.535,1.07,112.14953271028035,10.427459353940163,1.8691588785046744,4.166238829502095,1,0.08136308489701599
31,json_r_fast_05,112,1.12,57.88066090152698,50.19808935560695,86.96176135787938,85.45554127007875,0.42,0.8400000000000001,142.85714285714283,14.216618026470796,57.14285714285715,4.491759757106546,1,0.06858080835102814
31,json_r_fast_06,114,1.14,58.516864081542025,52.71000427626768,84.95867322527238,57.260818150663056,0.3299999999999999,0.6599999999999999,181.81818181818184,10.44146956757615,,3.189786629573645,1,0.0677072825741098
31,json_r_fast_07,112,1.12,56.2898901448836,42.03257644451787,69.20419808388355,57.39100080307597,0.32,0.64,187.5,29.0011310637778,7.518796992481193,1.8849112237068504,1,0.01378162730749044
31,json_r_fast_08,111,1.11,57.34492256520454,51.96540134778576,88.60609913889078,70.6574590945626,0.435,0.87,137.93103448275863,9.842659000262076,29.88505747126437,3.3489660630987026,1,0.1100106789301773
31,json_r_fast_09,114,1.14,60.197156220310745,52.61934724152432,93.34222170421964,73.08182698384155,0.315,0.63,190.47619047619048,13.433866050191734,,3.4912292067158903,1,0.029277844087789773
31,json_r_fast_10,113,1.13,58.68209809664002,48.82500552961814,89.92193387313962,77.501446594837,0.515,1.03,116.50485436893204,18.337565118095743,44.66019417475728,3.4898140565286764,1,0.0989558333697293
31,json_r_slow_01,122,1.22,59.87079236410412,44.6869013174323,97.89519910615869,57.16440621216972,0.4549999999999999,0.91,131.86813186813188,29.04404355535838,19.780219780219788,3.406821594741372,1,0.07610446616754063
31,json_r_slow_02,126,1.26,56.81309050505459,47.20491628581576,91.4634205013564,68.04022010139768,0.56,1.12,107.14285714285714,18.47405947425276,14.285714285714276,4.730829528274248,1,0.09944912637190556
31,json_r_slow_03,121,1.21,55.964280640120094,39.71449589998701,92.14122497529117,47.54668774449194,0.64,1.28,93.75,33.96737568717011,0.0,4.081417048779069,1,0.03809771971024717
31,json_r_slow_04,122,1.22,61.224683786330445,39.72082272011159,112.73060344515623,60.94803044366066,0.49,0.98,122.44897959183672,42.60489012425045,36.734693877551,4.242453567753169,1,0.03336974938781612
31,json_r_slow_05,119,1.19,61.41359998379672,20.03568375337025,74.44169811963656,51.286514561870575,0.45,0.9,133.33333333333334,101.60412549225371,,5.761506872891384,1,0.0015117660162042301
31,json_r_slow_06,121,1.21,60.645519955952665,18.1214689457305,79.93875339613703,46.14961409435017,0.71,1.42,84.50704225352113,107.97429634716804,0.0,5.892603808627616,-1,-0.06736219127004195
31,json_r_slow_07,125,1.25,56.30142763008372,47.516772409096745,88.58885075807194,50.9650170034264,0.64,1.28,93.75,16.92315069548825,9.375000000000009,4.919360109555815,1,0.08331785469602015
31,json_r_slow_08,120,1.2,60.95150387128511,17.268137688448547,61.66327480549187,41.89249606939785,,,,111.6941098470186,,7.175510015550215,-1,-0.012646023475315737
31,json_r_slow_09,123,1.23,60.0676893174492,29.477925083618544,72.66751020898242,50.19952787203708,0.71,1.42,84.50704225352113,68.32219408718669,0.0,6.423861272015483,-1,-0.02388857360197527
31,json_r_slow_10,120,1.2,58.67646812958596,27.015018630485173,66.64557478938274,53.19262429491236,0.35,0.7,171.42857142857144,73.89637103099902,66.66666666666669,5.75858779187065,-1,-0.047538703271685745
30,json_l_comf_01,93,0.93,48.70104373303762,64.90297348709855,41.27497471772693,59.75213437835073,0.36,0.72,166.66666666666669,28.52351554199996,2.739726027397263,1.6579762885094471,1,0.04472539990717672
30,json_l_comf_02,115,1.15,54.73254435703902,61.92131571340042,54.30801406538311,55.97515503352909,0.37,0.74,162.16216216216216,12.32496096060702,16.216216216216218,0.8726352700441312,1,0.08667266383415956
30,json_l_comf_03,116,1.16,56.82668074546805,61.0842275209734,53.07671283670919,50.06285082691456,0.36,0.72,166.66666666666669,7.221633414755205,,1.637681574602269,1,0.08284993753709857
30,json_l_comf_04,114,1.14,56.43023851857599,62.43523728265744,54.39225749184139,50.38877872281057,0.3349999999999999,0.6699999999999999,179.10447761194033,10.10385685768506,,0.8625688876114195,1,0.052003261699146486
30,json_l_comf_05,113,1.13,59.35907321731841,61.05112196246563,53.808400612880114,52.96665993162057,0.35,0.7,171.42857142857144,2.810474217105664,10.21897810218979,0.8610131819084221,1,0.0685516489125349
30,json_l_comf_06,114,1.14,56.0392871568401,62.016430840733165,46.83270242881562,47.632780680736985,0.475,0.95,126.31578947368422,10.12597066076194,2.105263157894739,0.8987834564307442,1,0.08499851706133094
30,json_l_comf_07,116,1.16,56.060427845535,65.09253348070484,55.71481986133509,50.12191568752061,0.505,1.01,118.81188118811882,14.910251530457025,13.861386138613874,0.8609125758271143,1,0.10598872161712858
30,json_l_comf_08,114,1.14,54.4269924303879,62.19168293035854,56.63794059035549,51.46543238611012,0.405,0.81,148.14814814814815,13.316375745053636,17.283950617283953,0.861065139178264,1,0.09164573656901992
30,json_l_comf_09,116,1.16,58.37906233901023,60.85254287801595,63.84379549688018,56.878913039927255,0.365,0.73,164.38356164383563,4.1490350389957,,1.7287117379007104,1,0.08695750051411283
30,json_l_comf_10,113,1.13,58.81985297476084,63.613430202229495,62.18189139039427,48.506672562150726,0.435,0.87,137.93103448275863,7.830513244570978,20.689655172413783,0.8916116314535485,1,0.09556194005030827
30,json_l_fast_01,108,1.08,50.75623418798739,52.50390806172626,46.5940935719582,72.4967400757639,0.37,0.74,162.16216216216216,3.3849921870386,9.15032679738563,2.223277719573836,1,0.07604575540167235
30,json_l_fast_02,110,1.1,40.117980966533565,57.46858837149459,48.33441967073189,63.36856256838604,0.33,0.66,181.8181818181818,35.55941667517915,10.68702290076335,1.948867810288,1,0.02816639347682781
30,json_l_fast_03,111,1.11,52.42345337878128,61.83278480063177,61.71532656485341,58.50997772978408,0.54,1.08,111.1111111111111,16.470578012686385,7.407407407407414,2.4655805834167945,1,0.10426124401885961
30,json_l_fast_04,109,1.09,53.94730935241554,66.65328762110965,50.4458536081233,72.9494877468336,0.585,1.17,102.56410256410255,21.07116977453003,42.735042735042725,1.749571544750772,1,0.06639281174082945
30,json_l_fast_05,111,1.11,52.55476748712434,62.62041953687947,63.59051761424848,66.26076686824382,0.44,0.88,136.36363636363637,17.478855142049536,18.181818181818173,1.7535639025527998,1,0.10825030388978041
30,json_l_fast_06,110,1.1,53.00645923438504,64.48354885924834,53.40390197552029,54.69278033819465,0.365,0.73,164.38356164383563,19.5371330908696,35.61643835616439,0.8590617547548227,1,0.06561534286277393
30,json_l_fast_07,109,1.09,54.00896549435686,66.8458170645614,59.6531030029356,58.03815807337912,0.48,0.96,125.0,21.24343165972172,0.0,0.8274640733358604,1,0.08844404343628626
30,json_l_fast_08,112,1.12,50.777707697270415,61.4546980337263,62.41915132041903,54.562183799374026,0.46,0.92,130.43478260869566,19.026573059561677,,0.8720195839477516,1,0.10258607901300587
30,json_l_fast_09,111,1.11,54.13357562254291,63.80359440271744,44.79404155366454,51.6156236363246,0.39,0.78,153.84615384615384,16.398593892160306,20.000000000000004,0.9016212033576856,1,0.07843361544372496
30,json_l_fast_10,108,1.08,49.08003833643042,62.88062294504361,67.27712593156201,54.61921261715955,0.42,0.84,142.85714285714286,24.65256001644705,,1.6554604144174347,1,0.08766378107535439
30,json_l_slow_01,255,2.55,48.33901329402937,31.61398863034131,39.80288332104256,92.3901240722234,0.52,1.04,115.3846153846154,41.83713997257697,27.11864406779661,3.718150527759901,1,0.04849926471613769
30,json_l_slow_02,116,1.16,43.59138525629794,58.47958666631237,41.62453879300244,54.034975084621806,0.42,0.84,142.85714285714286,29.17225363799336,,2.541223360722038,1,0.07649065986784814
30,json_l_slow_03,117,1.17,80.93784266056045,65.61795703060727,55.97125645336527,77.73229981853295,0.445,0.89,134.8314606741573,20.90655663199447,29.21348314606741,2.6357484893482783,1,0.08918529684391008
30,json_l_slow_04,118,1.18,35.43225451415992,51.97183243162398,30.339231879301607,43.91748010047792,0.715,1.43,83.91608391608392,37.84623464512234,4.195804195804199,5.470115156995135,-1,-0.00424627433769309
30,json_l_slow_05,116,1.16,33.42178434137969,36.78904408474767,35.823899554082416,47.58680093490871,0.4,0.8,150.0,9.591853048453512,4.99999999999999,4.97068478975525,1,0.027347117989864
30,json_l_slow_06,119,1.19,51.610428429069216,59.28661989390959,43.90106710959476,51.84785387554881,0.38,0.76,157.89473684210526,13.84381564869802,33.70786516853933,1.6863891925920829,1,0.07380717379941565
30,json_l_slow_07,124,1.24,33.79247919494557,40.64968221637994,30.961819279828205,49.18097617493795,0.355,0.71,169.01408450704227,18.42290146183512,9.395973154362425,1.8659525085921431,1,0.017465220791098635
30,json_l_slow_08,121,1.21,48.568561893088656,60.19195489298247,49.90163518437217,54.32818451753113,0.48,0.96,125.0,21.37428791876136,32.80423280423281,0.8589827407205762,1,0.09608832334779771
30,json_l_slow_09,120,1.2,49.68821897724867,60.09021809901576,45.511886871114925,64.68679107086231,0.35,0.7,171.42857142857144,18.950896731278284,30.67484662576687,1.8594638338484104,1,0.061539121439392774
30,json_l_slow_10,118,1.18,31.76078518869079,48.302789348914814,30.082274696688728,44.65366461004966,0.43,0.86,139.53488372093022,41.322172425499936,9.302325581395356,3.4991622997346887,1,0.03553009197921636
30,json_l_slow_11,117,1.17,30.957338852121865,49.33264921687919,32.05030245770028,43.73629193649137,0.52,1.04,115.3846153846154,45.77235794073259,11.538461538461547,1.8281813372043951,1,0.04445508960499128
30,json_l_slow_12,116,1.16,48.19097089142974,49.5074285881047,42.07634893573443,54.16947399836475,0.43,0.86,139.53488372093022,2.6949421969819,13.664596273291924,1.8478106224402933,1,0.08510146453081474
30,json_r_comf_01,115,1.15,58.13641363925143,53.43692461859664,84.06285946179545,79.53456255584733,0.535,1.07,112.14953271028035,8.424035874581772,9.345794392523372,1.8017792477324808,1,0.11582289143481972
30,json_r_comf_02,117,1.17,58.43469031528521,65.4989068618762,92.47208178134366,81.42342975198932,0.53,1.06,113.20754716981132,11.400002432742724,7.547169811320761,2.0991935232632346,1,0.10898088944691059
30,json_r_comf_03,116,1.16,58.97352320457776,59.3624339772129,85.8760872688159,57.545386939742514,0.3,0.6,200.0,0.6572994073774011,,5.497694885972503,-1,-0.0017915292822372475
30,json_r_comf_04,113,1.13,58.76053334739533,59.26619553738446,97.4495418828653,71.67603617994101,0.5700000000000001,1.14,105.26315789473684,0.856860466721528,7.017543859649108,2.677611743321926,1,0.09546344839891951
30,json_r_comf_05,117,1.17,57.56431161025069,62.68016216663395,88.92080218849156,89.8078593645022,0.36,0.72,166.66666666666669,8.509082198448139,45.81005586592181,1.792336080433664,1,0.06416896157692265
30,json_r_comf_06,115,1.15,57.40058625572536,50.325323794174494,85.5953700122511,83.38736666999732,0.585,1.17,102.56410256410255,13.13567452486319,1.7094017094017109,4.212004006218074,1,0.09712616700413768
30,json_r_comf_07,116,1.16,57.51915520164374,54.43188350818082,94.08925576667168,60.44062304921825,0.37,0.74,162.16216216216216,5.515396246505736,0.0,2.6913080921359107,1,0.06519879106890125
30,json_r_comf_08,116,1.16,58.94415921837621,56.059413606474806,84.88784017093204,84.59252469258567,0.34,0.68,176.47058823529412,5.016793028325893,2.985074626865674,1.882524154109837,1,0.0642614718252641
30,json_r_comf_09,118,1.18,57.93134407993803,32.38033757138126,55.2705291485368,86.53083244741458,0.3399999999999999,0.6799999999999999,176.47058823529414,56.58405655030456,0.0,1.7890728884484144,-1,-0.005618863520746364
30,json_r_comf_10,117,1.17,59.76669677348319,50.25451205059281,94.20560886144304,54.24900875606685,0.36,0.72,166.66666666666669,17.291547374470994,51.68539325842698,1.853699146151363,1,0.048646069811184245
30,json_r_fast_01,110,1.1,53.85550942172364,54.24595731073544,91.05008226905694,60.14129186136186,0.4549999999999999,0.91,131.86813186813188,0.7223729720117811,59.34065934065934,2.629758297708765,1,0.07385559609245329
30,json_r_fast_02,111,1.11,56.81573722267578,51.31558784640636,92.95525585938768,77.69742899720185,0.57,1.14,105.26315789473684,10.173091604593813,28.070175438596497,1.7069956459062816,1,0.09980267965201234
30,json_r_fast_03,111,1.11,58.35156179929474,46.97215376180432,55.53006360308589,67.71474006044338,0.61,1.22,98.36065573770492,21.60844398029073,23.85321100917432,1.845892955808046,1,0.09363609481925722
30,json_r_fast_04,109,1.09,52.91243955297105,46.16004429582003,62.989154418042176,75.25681732179694,0.56,1.12,107.14285714285714,13.631222302767403,28.57142857142857,1.8987187317960743,1,0.10006338927128738
30,json_r_fast_05,109,1.09,54.2565981134487,40.066181328690334,67.70260431780854,83.86016735905895,0.625,1.25,96.0,30.089055620892253,1.6000000000000014,1.89386981354858,1,0.0658208394940446
30,json_r_fast_06,109,1.09,53.5217426734181,53.31227817353633,68.68155631076904,98.79623791146078,0.47,0.94,127.6595744680851,0.3921307055958232,7.734806629834249,1.8971003580482515,1,0.10800019689532186
30,json_r_fast_07,107,1.07,57.17738473922032,54.30630591023905,73.57986674421514,66.61310091158768,0.39,0.78,153.84615384615384,5.150670581957796,,1.7668808680365138,1,0.1052069982265707
30,json_r_fast_08,110,1.1,58.09992578274773,51.354392022589295,67.09329124300918,80.64865692037783,0.64,1.28,93.75,12.325751775558594,0.0,1.7722320604032855,1,0.0790083138005993
30,json_r_fast_09,109,1.09,54.73169731458742,54.94123265847976,65.33940765072447,78.88765846590145,0.48,0.96,125.0,0.3821095031267925,3.174603174603165,1.9075574310346612,1,0.11068503266300167
30,json_r_fast_10,109,1.09,56.34951281927843,58.94265929842108,82.57597259219561,86.01921766763213,0.44,0.88,136.36363636363637,4.49839122901658,,1.8294528234401688,1,0.11784759789297128
30,json_r_fast_11,111,1.11,60.92608834910459,55.60196864732805,75.67523213199702,81.54966293425703,0.52,1.04,115.3846153846154,9.13791895103774,45.5813953488372,1.7912060769960851,1,0.10515379623714621
30,json_r_slow_01,119,1.19,60.76166553452818,65.0186920419297,96.54081280894856,86.41246425573306,0.61,1.22,98.36065573770492,6.7689845845982894,26.229508196721294,1.6199478668614509,1,0.08614484378402587
30,json_r_slow_02,118,1.18,58.98184073708683,53.81190588878793,88.51957055232015,69.98490846751343,0.33,0.66,181.8181818181818,9.167059350279471,5.970149253731333,2.580287802057965,1,0.0587438800077793
30,json_r_slow_03,121,1.21,63.22579350446759,58.379461294538174,64.63300664540999,64.68999897247483,0.39,0.78,153.84615384615384,7.97059669492019,36.36363636363637,2.6460640884372,1,0.09178751651176598
30,json_r_slow_04,122,1.22,66.81158419096231,58.62754749962903,64.5498798466118,68.36660909173935,0.35,0.7,171.42857142857144,13.04861821193095,5.714285714285704,2.092898735975741,1,0.07593036619263799
30,json_r_slow_05,123,1.23,56.639197864186016,36.15927170747676,65.73862511653039,61.06283642579112,0.37,0.74,162.16216216216216,44.13849980768016,0.0,1.8707344269292776,1,0.04226703058054615
30,json_r_slow_06,119,1.19,53.73224515548267,25.33162862156081,57.213588295810055,49.36570654727383,0.57,1.14,105.26315789473684,71.84220852626146,0.0,1.8169426809316604,1,0.026288282282655007
30,json_r_slow_07,122,1.22,60.382153045136334,28.184764591462027,87.62759349954551,83.1959112682471,,,,72.7074833648031,,1.7397215426841623,1,0.05293847974439442
30,json_r_slow_08,116,1.16,58.97758524697781,35.209735521295244,98.3368800938068,53.00296811873702,0.3399999999999999,0.6799999999999999,176.47058823529414,50.469319079917504,0.0,6.088548597072858,-1,-0.01886560438636342
30,json_r_slow_09,117,1.17,57.98021989772313,55.68926929551209,84.45626395576534,66.24810546705594,0.31,0.62,193.5483870967742,4.030898033361412,4.800000000000004,2.66171494486417,1,0.014943144980125278
30,json_r_slow_10,119,1.19,57.72951183415344,21.237415472868804,84.04953026579773,52.02236491436209,0.41,0.82,146.34146341463415,92.42374651201484,0.0,5.347788671173226,-1,-0.018727590843726438
29,json_l_comf_01,123,1.23,52.720546755487206,55.15203425941914,39.146166708969005,47.71358726295085,0.455,0.91,131.86813186813183,4.508073286196682,2.1978021978022,0.8635602210018107,1,0.07800354810000448
29,json_l_comf_02,123,1.23,54.54860545311662,59.85985799007823,40.44818727825832,44.11805755192634,0.5549999999999999,1.11,108.10810810810813,9.284719638942976,27.027027027027035,0.8539042363151731,1,0.08138572246217862
29,json_l_comf_03,120,1.2,52.069649699176495,60.71195641968311,41.23968992705844,49.67022232908906,0.4599999999999999,0.92,130.43478260869566,15.325737977873011,8.695652173913041,0.8981193091006109,1,0.08899028951050353
29,json_l_comf_04,124,1.24,51.35552407686232,44.51448610629663,44.31658417886627,36.56837292521374,0.35,0.7,171.42857142857144,14.271486896675906,0.0,1.7508500512776035,1,0.026457429215323514
29,json_l_comf_05,125,1.25,43.09187944499635,55.09619687969686,33.742693386644305,35.31916607145517,0.36,0.72,166.66666666666669,24.45168066029532,33.76623376623377,2.461402230788028,1,0.03364051399569867
29,json_l_comf_06,123,1.23,41.88387234497165,53.33326075234943,34.388532855806275,36.21371187440373,0.38,0.76,157.89473684210526,24.0490089019492,5.128205128205133,1.8374891801769928,1,0.0412623960469079
29,json_l_comf_07,121,1.21,46.71800203865121,51.06725893072744,35.525590959358254,30.961998684679813,0.38,0.76,157.89473684210526,8.89552648110883,21.118012422360252,0.877511002713904,1,0.04477091272819178
29,json_l_comf_08,124,1.24,45.17703333915455,54.74687650888865,33.92735496267706,35.502255625192674,0.4649999999999999,0.93,129.03225806451613,19.15426084565186,58.06451612903225,1.7781270296316185,1,0.04426968687673427
29,json_l_comf_09,124,1.24,49.68436036414374,56.61968730148776,27.338730147234717,38.25047419713215,0.55,1.1,109.09090909090908,13.048095702166254,80.0,1.7146400502414432,1,0.004191279117769786
29,json_l_comf_10,122,1.22,52.80735865059407,40.737809295159,27.72551783259871,27.79411384641197,0.3299999999999999,0.6599999999999999,181.81818181818184,25.804752122384805,11.42857142857144,1.790974230589402,-1,-0.009919266271954164
29,json_l_fast_01,116,1.16,53.58608556612103,56.52816209662461,39.55184977996959,46.57677826904926,0.41,0.8200000000000001,146.34146341463415,5.343680028608979,43.90243902439024,0.8725216126739535,1,0.06083638901154392
29,json_l_fast_02,116,1.16,54.25465976380136,61.6237420000415,33.3865152519831,36.56777175608063,0.37,0.74,162.16216216216216,12.71864665730917,39.54802259887006,0.9094948351731108,1,0.03881824148542312
29,json_l_fast_03,115,1.15,52.63869428833205,55.82121687416756,32.21477358617045,41.8496108695243,0.4,0.8,150.0,5.868569412835519,2.469135802469138,7.884660154932967,1,0.033578438754826134
29,json_l_fast_04,114,1.14,49.973310677605866,44.39728524820872,46.60247651741991,47.734394569929634,0.645,1.29,93.02325581395348,11.817294093979235,1.5503875968992262,9.673677949922828,1,0.026336596309403326
29,json_l_fast_05,115,1.15,54.380593713302176,52.3702328616253,51.44782565338357,46.97186877164087,0.32,0.64,187.5,3.766454867243251,68.08510638297874,9.630862965541144,-1,-0.03832533844975894
29,json_l_fast_06,117,1.17,52.23545448795443,46.056479945280245,42.93978527461695,36.75836522846379,0.34,0.68,176.47058823529412,12.572699028263168,,9.62286011077182,1,0.00905689292848083
29,json_l_fast_07,117,1.17,51.9489013274741,61.54224070301731,53.0866184628101,54.89486323358449,0.36,0.72,166.66666666666669,16.905882175308072,11.764705882352953,0.9345899326235384,1,0.07961443585413347
29,json_l_fast_08,115,1.15,53.80867142044559,56.895789089904994,49.95009733671398,47.01066158072801,0.42,0.84,142.85714285714286,5.577223637110385,40.81632653061224,1.8029362297989469,1,0.08230486361587935
29,json_l_fast_09,113,1.13,53.33294545166528,47.30257564537932,45.772600783615495,51.457751728746885,0.41,0.82,146.34146341463415,11.984575109360778,29.268292682926827,3.42020542618514,1,0.08865192008886774
29,json_l_fast_10,113,1.13,52.48831099293538,48.93056252092912,38.59785453418104,42.177623732990426,0.63,1.26,95.23809523809524,7.015949494883522,6.349206349206354,5.155039301026427,1,0.06217813850120629
29,json_l_fast_11,112,1.12,53.19956832572282,50.53811002367492,43.08306715049813,45.27208419301921,0.38,0.76,157.89473684210526,5.13113141607792,67.90697674418604,7.896200764439301,1,0.011524933472779442
29,json_l_slow_01,132,1.32,51.11581491634661,54.72293031418928,40.90300500115586,51.16750392684592,0.4,0.8,150.0,6.816247471539327,43.13725490196078,1.6893899084356303,1,0.07025122589588972
29,json_l_slow_02,136,1.36,51.21733374035532,54.6410213938222,32.813714043833016,53.12019070150743,0.44,0.88,136.36363636363637,6.468431611519554,15.706806282722512,0.9055042758510644,1,0.07509078764218735
29,json_l_slow_03,142,1.42,54.88018369576126,54.89184399031345,38.94352521137686,65.92011164820438,0.375,0.75,160.0,0.0212445643903604,20.408163265306143,1.6144803333606612,1,0.06631465103771583
29,json_l_slow_04,137,1.37,63.16469716578962,69.15221238630141,37.54435581918379,56.48067704985556,0.45,0.9,133.33333333333334,9.050264612104788,1.2335811384723962e-14,0.8924835473501426,1,0.06753493379121672
29,json_l_slow_05,142,1.42,49.34398132557013,50.06527152591457,33.3169515324675,59.59678438507716,0.33,0.66,181.8181818181818,1.4511530459282969,20.40816326530612,1.2931576212818203,1,0.020672138087770242
29,json_l_slow_06,141,1.41,52.94677603042804,52.99549657017938,36.07402838522442,62.81102594336389,0.325,0.65,184.6153846153846,0.0919756364581972,48.78048780487805,0.8782194564543506,-1,-0.0033544848766550173
29,json_l_slow_07,141,1.41,51.63037345121663,52.0338617505777,35.15577780282695,51.82393767231402,0.45,0.9,133.33333333333334,0.7784522763817936,46.706586826347305,1.689280211997287,1,0.06946309727309363
29,json_l_slow_08,142,1.42,52.15017022737791,45.83739879120637,36.55180590817415,63.18670529862156,0.46,0.92,130.43478260869566,12.884841412841393,7.909604519774005,1.7064241408156842,1,0.08374708983136853
29,json_l_slow_09,143,1.43,48.82455680730587,46.8497831021118,32.91652952281977,53.14720459564556,0.565,1.13,106.19469026548674,4.1281156620756185,,2.688497972182152,1,0.07746641432472617
29,json_l_slow_10,143,1.43,48.645958061856646,47.10671475921703,37.87100840274795,50.3807416726797,0.37,0.74,162.16216216216216,3.2150398673797764,22.222222222222225,0.9049719252858084,1,0.050292632179667895
29,json_r_comf_01,125,1.25,51.7667874314011,32.50373791676128,50.92805091812053,38.52469436991194,0.3399999999999999,0.6799999999999999,176.47058823529414,45.71716963921804,0.0,6.055666432666084,-1,-0.016949755268303668
29,json_r_comf_02,124,1.24,51.645229912643856,21.68186660458349,50.91445210239446,36.447080523084594,0.5249999999999999,1.0499999999999998,114.2857142857143,81.72521409195801,17.14285714285714,8.151194384260776,1,0.006984782335056783
29,json_r_comf_03,121,1.21,53.690959829403056,39.53566172375747,71.16223907861891,37.82332299178137,0.365,0.73,164.38356164383563,30.36750204998864,0.0,6.260904153921951,1,0.016052437663723718
29,json_r_comf_04,124,1.24,51.56598683297098,50.676065746497045,54.08979739218168,45.45090023966615,0.64,1.28,93.75,1.740812247058985,9.375000000000009,5.197928420871946,1,0.0803598635427214
29,json_r_comf_05,124,1.24,52.23921052249479,50.286623517857294,48.53568098627569,45.992101857583314,0.51,1.02,117.6470588235294,3.808965853170226,7.843137254901968,6.921303659305128,1,0.08534670989410903
29,json_r_comf_06,126,1.26,47.83947498540911,36.77376216991127,45.92804154162768,43.70949278126423,0.6799999999999999,1.36,88.23529411764707,26.15598501493344,2.9411764705882217,7.02463688790772,1,0.016252593029738416
29,json_r_comf_07,124,1.24,54.99006807094392,55.97802695016208,70.28648607363175,50.852164869765815,0.6399999999999999,1.2799999999999998,93.75,1.7806178956757734,21.875000000000007,4.397956034652384,1,0.09544036941948142
29,json_r_comf_08,123,1.23,52.69521400269336,56.54044066099857,76.55862066015865,52.80758238649886,0.6699999999999999,1.34,89.55223880597016,7.040240972864871,5.970149253731333,4.680629384573328,1,0.07722223612039192
29,json_r_comf_09,120,1.2,51.78281154252997,56.11555325477275,67.6411926806239,49.69521000959041,0.525,1.05,114.28571428571428,8.031153614574686,28.57142857142857,3.609609299745205,1,0.10859130880221707
29,json_r_comf_10,122,1.22,55.36747078337089,55.85435629251703,79.52167378657704,52.501058287407965,0.35,0.7,171.42857142857144,0.8755215085864875,4.255319148936175,5.341032194900938,1,0.06816378821304164
29,json_r_fast_01,115,1.15,52.73331633778599,54.50120123134623,59.59637669403726,57.63046547700069,0.585,1.17,102.56410256410255,3.2972310290303897,1.7094017094017109,1.9484108069592176,1,0.09344493788835523
29,json_r_fast_02,115,1.15,55.40639618694327,55.041207678721705,56.70149466648202,55.50233793766352,0.56,1.12,107.14285714285714,0.661288240649811,10.714285714285705,1.9057072162745643,1,0.10891888335970168
29,json_r_fast_03,113,1.13,56.758944860507285,53.50660977213528,66.58197431301018,50.301942590459184,0.5800000000000001,1.16,103.44827586206895,5.899095323480465,6.896551724137917,2.797075068692038,1,0.1057068740005328
29,json_r_fast_04,116,1.16,57.14729027016944,53.58448234025296,65.64396076551289,47.42372188377643,0.61,1.22,98.36065573770492,6.435023744180778,6.557377049180333,4.463105837796173,1,0.09573089049519035
29,json_r_fast_05,114,1.14,59.25328519116805,55.17366607793174,66.81386407734414,43.6669595471987,0.59,1.18,101.69491525423727,7.130521381526972,3.38983050847458,3.8891194622686935,1,0.09011191472211033
29,json_r_fast_06,113,1.13,57.08617380715796,53.95527439972172,71.79935876576539,49.14157079174986,0.585,1.17,102.56410256410255,5.639154492299332,1.7094017094017109,3.6845732280582895,1,0.09204574655004105
29,json_r_fast_07,114,1.14,59.15794163779333,57.67895961106288,58.14303372270875,42.54087399297656,0.61,1.22,98.36065573770492,2.531703615761425,6.557377049180333,3.5978860642583004,1,0.09069079918921441
29,json_r_fast_08,117,1.17,55.97800740105349,53.90433837578712,85.25382959066935,52.372247201896506,0.5900000000000001,1.1800000000000002,101.69491525423727,3.774344296358164,13.559322033898296,4.728694769866936,1,0.10552408043115402
29,json_r_fast_09,113,1.13,59.86023945873829,53.25280493300701,70.0548369724939,40.637002959696375,0.5800000000000001,1.16,103.44827586206895,11.682886905329324,6.896551724137917,4.667117709393066,1,0.09328979801710618
29,json_r_fast_10,116,1.16,56.10527248831588,54.39212710831546,65.46286247059825,46.29329758110242,0.585,1.17,102.56410256410255,3.1007885909609043,11.96581196581196,3.6797570901118286,1,0.10193630293301315
29,json_r_slow_01,137,1.37,53.384136293434935,51.31954041770145,88.64330204357356,63.81802756330321,0.49,0.98,122.44897959183672,3.943693174079141,49.122807017543856,1.95813692490234,1,0.09778648908590654
29,json_r_slow_02,141,1.41,54.50170243708615,54.57627771187306,80.04612945546319,63.87236118481088,0.585,1.17,102.56410256410255,0.1367375426003809,1.7094017094017109,2.8339664359365164,1,0.09709921506316699
29,json_r_slow_03,134,1.34,53.10297653721649,57.94246325369987,73.46410561520939,55.06222063901963,0.39,0.78,153.84615384615384,8.71622774531846,10.25641025641025,2.917208483594985,1,0.10159638067760418
29,json_r_slow_04,141,1.41,50.552491731593165,51.80634508939667,95.11144874133132,79.83951603388145,0.54,1.08,111.1111111111111,2.449917167379124,,2.861952278577589,1,0.10776200724585727
29,json_r_slow_05,144,1.44,55.71276698400321,48.66968061879288,68.87213220518304,54.10346792946541,0.46,0.92,130.43478260869566,13.494771442821897,23.809523809523807,1.885080485094456,1,0.1106093940810936
29,json_r_slow_06,144,1.44,49.20660399041887,54.15327573324589,73.0290273639816,55.38785297516082,0.49,0.98,122.44897959183672,9.5717443868009,40.90909090909092,3.9721733049986208,1,0.10153352684267902
29,json_r_slow_07,140,1.4,49.18515219245191,49.09611522624681,89.61647643462831,62.31133743751497,0.415,0.8300000000000001,144.57831325301203,0.1811880708167589,13.483146067415715,1.986214653096358,1,0.08884954428664976
29,json_r_slow_08,133,1.33,51.47356163421389,53.28329861595688,90.25843645959048,63.17452271517681,0.65,1.3,92.3076923076923,3.455118791115232,,2.712803181312514,1,0.08433768656892099
29,json_r_slow_09,139,1.39,53.18478210755896,54.755297173044426,67.93954608042542,51.97476691685138,0.41,0.82,146.34146341463415,2.909975749420604,25.531914893617035,2.0888872587775023,1,0.09927394666678224
29,json_r_slow_10,130,1.3,51.56584425443803,56.22203314784751,89.81365042891984,54.09058900352,0.31,0.62,193.5483870967742,8.639540930992947,66.66666666666666,2.9861004618940816,-1,-0.023568043621209678
28,json_l_comf_01,119,1.19,60.24561197202188,39.30437019708819,47.81983896707537,54.62339954855463,0.44,0.88,136.36363636363637,42.07181421561653,57.14285714285713,1.740632213204082,1,0.037676482848311266
28,json_l_comf_02,118,1.18,51.089935800167055,48.95586739592616,30.04595001442664,45.1882821282361,0.4,0.8,150.0,4.266182760426332,,3.2901936300562475,1,0.06419921932773137
28,json_l_comf_03,120,1.2,61.81624931816605,34.502501259228154,54.33098682614559,33.261764679181326,0.34,0.68,176.47058823529412,56.71532883307224,12.765957446808503,2.629211346110245,-1,-0.0035654432844274275
28,json_l_comf_04,120,1.2,37.29539797707241,39.17880583646203,28.19994412842621,40.680502028143394,0.38,0.76,157.89473684210526,4.925603054284546,17.93103448275862,2.0389221128404387,1,0.02457443407962634
28,json_l_comf_05,118,1.18,61.864972775718215,48.19947562051905,48.8431889838177,43.82060172568244,0.37,0.74,162.16216216216216,24.83180964302428,20.289855072463773,2.4099097496746573,1,0.0722460394951231
28,json_l_comf_06,119,1.19,61.2298743795361,45.61994757665949,48.69051372356466,49.34096522619403,0.36,0.72,166.66666666666669,29.21844232791721,22.222222222222225,0.8720683808430932,1,0.05409186131206928
28,json_l_comf_07,120,1.2,60.10685290265083,33.5518361418614,44.83738694201868,50.91521920786309,0.65,1.3,92.3076923076923,56.70593306760655,9.23076923076924,3.326763009932959,1,0.03712264479476696
28,json_l_comf_08,119,1.19,62.56987145299885,40.20114856354817,47.612305911067466,50.58563766963687,0.615,1.23,97.5609756097561,43.53118785013347,17.886178861788615,2.4849128954238724,1,0.06726970305493368
28,json_l_comf_09,121,1.21,59.24958042398461,47.075414027903065,50.04266358503511,70.03817011955041,0.36,0.72,166.66666666666669,22.89991447230291,26.506024096385534,1.677513794669116,1,0.06647434952382969
28,json_l_comf_10,120,1.2,60.26656999184567,63.7936726712927,27.29624604757514,60.630868243060064,0.425,0.8500000000000001,141.17647058823528,5.686112817019376,,9.597648232737868,1,0.03904353156749413
28,json_l_fast_01,113,1.13,57.75907302093808,53.67042144474701,41.1000318609165,48.93757720210196,0.39,0.78,153.84615384615384,7.338544603108069,63.11111111111111,3.44108505350908,1,0.03892317203283491
28,json_l_fast_02,114,1.14,49.382856410612845,47.47608041767741,36.8147679265459,38.950515334787326,0.6950000000000001,1.39,86.33093525179855,3.9372226360810334,27.338129496402885,7.3036480160691,1,0.022927224088311937
28,json_l_fast_03,114,1.14,42.48936473956985,49.03746560600801,29.18673126191152,37.582676219673246,0.39,0.78,153.84615384615384,14.308593101529892,,3.307976006034214,1,0.05426191976256328
28,json_l_fast_04,112,1.12,57.355056582588205,56.530022335424846,55.085590948290815,63.9579115280252,0.475,0.95,126.3157894736842,1.4488890994355963,31.57894736842105,1.6874369086444336,1,0.11566456227704325
28,json_l_fast_05,112,1.12,47.18917440299237,53.22204741592573,34.94552808251963,37.33482101095326,0.41,0.82,146.34146341463415,12.016332245838154,1.2269938650306624,5.148689447821834,1,0.05105124395611954
28,json_l_fast_06,112,1.12,57.64638318202243,54.19806986785101,49.170555039560526,62.11068539031325,0.565,1.13,106.19469026548674,6.166266131470579,33.62831858407081,1.6659764843367135,1,0.09622334723646864
28,json_l_fast_07,112,1.12,55.19303866861874,54.28906394117995,38.97276726879666,32.31256110757826,0.725,1.45,82.75862068965517,1.6513653024378203,6.896551724137938,10.595561447807292,-1,-0.011509366412042477
28,json_l_fast_08,112,1.12,44.2705466548193,64.58846987385526,39.20375608269998,39.62623755749559,0.4,0.8,150.0,37.32887521298526,,6.788193600475417,1,0.033221986713870666
28,json_l_fast_09,113,1.13,37.35843142070624,63.21305650498782,39.10584832414722,56.05927754744205,0.405,0.81,148.14814814814815,51.41541726693739,,4.089360929191927,1,0.041674389450771454
28,json_l_fast_10,112,1.12,40.09081316795866,67.24683994989672,33.28639608378451,50.74082578908354,0.38,0.76,157.89473684210526,50.59925570036658,42.10526315789475,5.362759411447806,1,0.007254755178498162
28,json_l_slow_01,126,1.26,43.439655124330045,49.3729890844624,25.84535599304786,30.86999393656751,0.6100000000000001,1.2200000000000002,98.3606557377049,12.785615603806436,16.39344262295081,4.097418735069504,1,0.04972040273626882
28,json_l_slow_02,127,1.27,56.10779415038505,36.85855289731589,38.96048052032296,33.19386905766373,0.58,1.16,103.44827586206895,41.41120279404416,0.0,1.6760440576392202,1,0.03307041816781142
28,json_l_slow_03,124,1.24,59.58444125918308,48.87707222774924,34.31356747926654,30.66568428849465,0.395,0.79,151.89873417721518,19.744089285134105,0.0,4.248006485584986,1,0.032322180332931605
28,json_l_slow_04,124,1.24,53.607393265223365,18.618458962012312,28.140160699866115,24.250228524348472,0.705,1.41,85.1063829787234,96.88756373030948,1.418439716312058,0.0587948343407353,-1,-0.09080345934509493
28,json_l_slow_05,129,1.29,38.95718938817748,40.35693077006536,21.37035068147945,36.23076080159237,0.375,0.75,160.0,3.529614598498217,18.666666666666654,3.608643112672526,-1,-0.002322008367582784
28,json_l_slow_06,126,1.26,40.63042160483778,34.77243938608552,19.747508193854745,41.97847042850504,0.64,1.28,93.75,15.53782480337826,,3.6599118980856056,1,0.018817814532997967
28,json_l_slow_07,131,1.31,36.75871988867826,37.77454606834803,27.410691683791583,38.78393860347444,0.74,1.48,81.08108108108108,2.7258329998727517,,3.710997247900277,-1,-0.02291269038251209
28,json_l_slow_08,127,1.27,58.519196945087245,39.67751521594471,49.06553368134901,52.45207230982754,0.745,1.49,80.53691275167785,38.37538205605952,12.080536912751688,1.767053155885393,1,0.0006141416169324065
28,json_l_slow_09,129,1.29,28.518656472986777,36.09408934975392,23.660864527334667,31.391147964901307,0.45,0.9,133.33333333333334,23.44872603789247,72.13114754098359,8.28666132848148,-1,-0.053301339712244045
28,json_l_slow_10,127,1.27,52.03784168588126,46.77625963348099,27.995210830487068,51.46549224091247,0.61,1.22,98.36065573770492,10.649455861355458,13.114754098360669,6.86706018535447,1,0.06208413067626811
28,json_r_comf_01,116,1.16,60.26798861834135,57.12877036533551,91.11086684977695,94.46406619574466,0.4499999999999999,0.8999999999999999,133.33333333333334,5.348049265043716,62.22222222222222,1.8794787975678096,1,0.0693467009640788
28,json_r_comf_02,116,1.16,56.45159392904404,39.13273375660114,82.5504600876615,81.69591705626837,0.63,1.26,95.23809523809524,36.23786575012723,20.087336244541483,1.7719997152631637,1,0.06734304659216311
28,json_r_comf_03,116,1.16,59.80442361708273,38.654400313647926,61.48506035255268,48.125179058136695,,,,42.96216927863086,,5.154089792155643,1,0.08362204285951313
28,json_r_comf_04,116,1.16,57.0672710946948,36.68072700167789,75.74387886423199,60.46111224400618,0.45,0.9,133.33333333333334,43.49222278231391,8.092485549132942,7.154117030224407,1,0.06618168703938376
28,json_r_comf_05,120,1.2,58.04792117440431,36.221386946316414,73.32173906297169,48.72469431914867,0.52,1.04,115.3846153846154,46.30676656741123,0.0,6.596167729067896,1,0.05295612817870632
28,json_r_comf_06,117,1.17,59.05820367561594,47.59292589732644,58.267120234212456,86.37165356465806,0.42,0.84,142.85714285714286,21.50052760659793,0.0,2.6789709972348748,1,0.07940278262251949
28,json_r_comf_07,115,1.15,59.62229669814869,42.45725034535821,77.40615376429362,88.40627190658984,0.44,0.88,136.36363636363637,33.6307259386146,4.651162790697665,3.4886343560153046,1,0.07924245279304037
28,json_r_comf_08,117,1.17,58.94040712265135,52.895984629212975,72.77070213872774,104.34889986205016,0.52,1.04,115.3846153846154,10.809401839160488,35.51401869158878,1.7922021393289678,1,0.09423167931205162
28,json_r_comf_09,119,1.19,56.873710784442224,48.26827680332545,82.32906340271158,87.23892019265364,0.48,0.96,125.0,16.369167405996308,0.0,2.60717284639797,1,0.10493862683134025
28,json_r_comf_10,118,1.18,56.45892236339611,52.61967667582383,77.65181873266937,77.32625826688141,0.595,1.19,100.8403361344538,7.039411436136726,1.6806722689075646,4.290162206604844,1,0.09535628994151557
28,json_r_fast_01,112,1.12,57.02207074542741,48.12575028335971,97.98242450827784,83.30259524358209,0.5249999999999999,1.0499999999999998,114.2857142857143,16.921549823903803,62.85714285714285,4.365777744627173,1,0.05211781442587504
28,json_r_fast_02,112,1.12,58.00926287637269,55.55403567631555,76.14790337354282,97.21845196829472,0.6,1.2,100.0,4.323980073400251,,1.7297785005526851,1,0.10568355483707081
28,json_r_fast_03,113,1.13,54.2928435721269,48.8507551828269,82.36471269645445,88.64323167503741,0.31,0.62,193.5483870967742,10.552450088985523,46.913580246913575,2.691649959205129,-1,-0.0001857061206823607
28,json_r_fast_04,112,1.12,58.47913997731253,52.89966849058483,70.36611198387997,79.062108885188,0.5,1.0,120.0,10.018910353733702,8.333333333333341,0.9283909597948744,1,0.11872933958068022
28,json_r_fast_05,113,1.13,58.45852745420241,51.63613175788255,80.5046005273936,82.79090292695713,0.48,0.96,125.0,12.3936905661832,64.34782608695653,2.564542158407332,1,0.07487026990916457
28,json_r_fast_06,111,1.11,57.22255448005059,48.78447675573824,83.59028851960242,100.99614887222018,0.5549999999999999,1.11,108.10810810810813,15.91984536486781,52.25225225225225,3.7437989906217153,1,0.06562084170573135
28,json_r_fast_07,112,1.12,55.7722904701976,51.26214047700752,80.59258043781794,74.31796387446124,0.765,1.53,78.43137254901961,8.427475071857431,35.294117647058826,2.602998316325691,-1,-0.0030967551882116195
28,json_r_fast_08,113,1.13,56.37249441924557,56.40589993137189,83.36352193373773,71.60454423107973,0.515,1.03,116.50485436893204,0.0592409784137683,,1.8027245108957863,1,0.12236246498061076
28,json_r_fast_09,113,1.13,56.72168543205552,53.19282619363567,80.81546322611382,90.02246885504417,0.505,1.01,118.81188118811882,6.421097971916979,69.30693069306932,3.4841604470789966,1,0.06234816366628759
28,json_r_fast_10,114,1.14,56.44883314089664,48.42551353642152,79.30279903132377,82.08602127414534,0.45,0.9,133.33333333333334,15.300824002578269,37.49999999999999,4.374652006700587,1,0.10633307678618137
28,json_r_slow_01,126,1.26,56.47520351655436,66.21672322572974,72.23301494507919,55.98305802618326,0.37,0.74,162.16216216216216,15.87964256138476,32.432432432432435,3.3234488325244627,1,0.08215000211839096
28,json_r_slow_02,127,1.27,53.28564154359623,48.48860223016058,63.66513386774102,83.20346643890412,0.75,1.5,80.0,9.426823792666877,0.0,3.2805882981660948,1,0.005958660539180982
28,json_r_slow_03,123,1.23,57.26832192493259,55.424379112163805,64.28927834257793,93.06433227901408,0.495,0.99,121.21212121212122,3.272515071161166,14.141414141414144,1.7155010863860702,1,0.12036521622534047
28,json_r_slow_04,131,1.31,59.06284702155905,73.5684164718262,74.58696673400112,90.33428174972946,0.435,0.87,137.93103448275863,21.8735297669702,2.2988505747126458,3.4324000372254333,1,0.09480114680968271
28,json_r_slow_05,128,1.28,53.948922390481954,60.81361631335659,71.51311874263898,64.68545999075477,0.51,1.02,117.6470588235294,11.96330091754066,11.764705882352953,3.389110924178754,1,0.12199037680655261
28,json_r_slow_06,126,1.26,57.72539481998224,70.26667198601358,66.23864753592515,85.51010436186354,0.505,1.01,118.81188118811882,19.59696015385203,1.980198019801982,2.624347613679823,1,0.1068610864502782
28,json_r_slow_07,128,1.28,56.71184076749347,75.15425013344779,69.31873681959098,58.009702537466815,0.31,0.62,193.5483870967742,27.971420461395773,0.0,1.893539360211716,-1,-0.009161058165361613
28,json_r_slow_08,128,1.28,61.59761618855528,76.60631526231968,54.5270372023104,74.0171649814489,0.54,1.08,111.1111111111111,21.7196412811155,0.0,1.843262475942017,1,0.08335523691273478
28,json_r_slow_09,130,1.3,59.03315203457983,75.1596301049098,69.61755236713913,81.06228800984984,0.46,0.92,130.43478260869566,24.034792055457864,39.1304347826087,3.657779435683696,1,0.0944602772270865
28,json_r_slow_10,128,1.28,59.20030402214209,59.57640778004583,73.5145306049151,84.59347034718267,0.4,0.8,150.0,0.6332954536241119,0.0,2.645224877533274,1,0.09216135420817473
27,json_l_comf_01,107,1.07,62.88730166380819,68.7020405751911,30.315384150514305,54.40613705533728,,,,8.837704957627787,,10.22909348534053,1,0.055616096409660476
27,json_l_comf_02,106,1.06,62.03676529248419,58.685957053881296,35.81867529807553,64.74974358106175,0.52,1.04,115.3846153846154,5.551246978988914,38.46153846153847,3.644916114443232,1,0.07825736543499895
27,json_l_comf_03,104,1.04,59.5303772173593,56.58260891900342,49.51203103255133,89.9994047308804,0.7,1.4,85.71428571428572,5.077413640699986,0.0,3.479799304853016,1,0.04271983592149009
27,json_l_comf_04,104,1.04,52.99699411761249,52.9270559120468,30.66661486691821,56.70889561693656,0.5,1.0,120.0,0.1320534959645295,39.99999999999999,1.828036482532477,1,0.07769445912029865
27,json_l_comf_05,105,1.05,56.67008984412267,59.10035184089088,40.08312631454325,64.55081335886683,0.485,0.97,123.71134020618555,4.198415349196695,47.42268041237113,2.6738254963820767,1,0.0852887800954013
27,json_l_comf_06,106,1.06,57.00051621832331,56.40495407743754,47.83510432452783,69.79989306286893,0.56,1.12,107.14285714285714,1.050323479692033,,1.858725459682712,1,0.10338803132858737
27,json_l_comf_07,105,1.05,54.61812367426053,53.73967459780796,39.76250299539427,80.53779082556576,,,,1.6213859832163224,,1.8060528516849272,1,0.10358000872615925
27,json_l_comf_08,105,1.05,46.43003361359942,51.43209533919287,38.00202950461957,55.969086135321774,0.415,0.8300000000000001,144.57831325301203,10.222670974195532,,2.8041173107669053,1,0.07824938546742821
27,json_l_comf_09,104,1.04,51.29662429234695,43.67167423219672,36.42979991916347,86.41214526397123,0.39,0.78,153.84615384615384,16.057884954482212,,7.594101036734273,1,0.04355936157745066
27,json_l_comf_10,106,1.06,52.38861402042204,40.9211448205968,64.65299401296338,82.10697653565371,0.37,0.74,162.16216216216216,24.57935663377615,65.32663316582916,1.8844622001922715,1,0.024207589455236378
27,json_l_fast_01,104,1.04,53.01253030436574,56.25756454311765,55.86672675657583,72.42243548237415,0.42,0.8400000000000001,142.85714285714283,5.939473637835228,52.38095238095239,1.882636664265774,1,0.0816298558228013
27,json_l_fast_02,104,1.04,55.32757334669286,58.58937425355765,78.20014061201502,93.1540435331408,0.78,1.56,76.92307692307692,5.726629751897635,,1.7774363128051234,-1,-0.007956521508171277
27,json_l_fast_03,103,1.03,52.19068133447291,54.08692059502893,42.73251705523985,65.60587802575701,0.39,0.78,153.84615384615384,3.5684645233411763,26.41509433962265,1.8740251293355048,1,0.08638993979190052
27,json_l_fast_04,103,1.03,51.21670353373895,56.179563212397085,58.79461838430633,71.8428205386515,0.36,0.72,166.66666666666669,9.24214561459454,,1.7971968212940947,1,0.08582143858060393
27,json_l_fast_05,104,1.04,51.971041017850695,55.36077366594722,70.72155791423448,69.26907655947304,0.365,0.73,164.38356164383563,6.316361384707338,0.0,1.8009754667321802,1,0.07391180801291353
27,json_l_fast_06,103,1.03,50.96788870345671,52.89608146706867,55.43559742293962,49.42958241339112,0.55,1.1,109.09090909090908,3.7129194280677416,,3.5541885974698597,1,0.110794578832139
27,json_l_fast_07,105,1.05,51.200408531538,50.06447295097395,54.00293012317952,49.30120611788928,0.525,1.05,114.28571428571428,2.243493625695347,24.761904761904752,2.7209614757987017,1,0.10763825279379668
27,json_l_fast_08,104,1.04,56.91436882076916,50.36006289069452,61.010727400568825,55.3700612445713,0.31,0.62,193.5483870967742,12.219698255225936,34.01360544217687,3.556196951944723,1,0.005908241688736826
27,json_l_fast_09,104,1.04,53.82065756301667,52.56162841753141,70.46941912597863,80.98994617951293,0.435,0.87,137.93103448275863,2.3669902068385147,,1.7874383698280836,1,0.11333154599743867
27,json_l_fast_10,104,1.04,52.58870261446657,53.483810423461705,54.48715425764596,63.38520180441349,0.5900000000000001,1.1800000000000002,101.69491525423727,1.6877281085535742,23.72881355932203,1.8787239392768875,1,0.0996522892053085
27,json_l_slow_01,107,1.07,52.0294492898861,53.82817054547803,51.477096600597775,69.62806663765733,0.4,0.8,150.0,3.398378422619748,,2.650949548219706,1,0.10178041809861083
27,json_l_slow_02,107,1.07,50.30454031676079,58.42195961803493,40.13320382685032,60.732541884763904,0.5449999999999999,1.09,110.09174311926608,14.931813874524114,23.85321100917432,2.702740042883362,1,0.09330688085999284
27,json_l_slow_03,106,1.06,35.448416434992566,41.47516489225652,41.98441861407997,33.488785564851995,0.53,1.06,113.20754716981132,15.66944324036317,18.867924528301884,1.8242091114449903,1,0.057887389371738596
27,json_l_slow_04,107,1.07,41.20804568069002,44.28344092268157,32.47684865406765,36.96145075721239,0.32,0.64,187.5,7.194623381061331,6.250000000000005,2.170461130503703,-1,-0.023795510510175144
27,json_l_slow_05,105,1.05,59.03897309302444,60.10305049712787,57.67721911881574,77.41327465446032,0.33,0.66,181.8181818181818,1.7862335589730247,70.64676616915423,1.814535806540973,1,0.011866404803146546
27,json_l_slow_06,106,1.06,59.524050282996015,58.921869507373785,63.01699197925808,90.574994702246,0.37,0.74,162.16216216216216,1.0168029032793922,9.15032679738563,2.061383034716536,1,0.08435362438143001
27,json_l_slow_07,107,1.07,60.50414199537566,89.13539944820687,60.19147112505762,100.77516190433992,0.61,1.22,98.36065573770492,38.26696764320925,,1.8161218496814917,1,0.05542232052237395
27,json_l_slow_08,108,1.08,60.575918519704985,89.77022021152233,39.776194003211245,71.92121158508424,0.55,1.1,109.09090909090908,38.83611769239752,,1.8469172990307972,1,0.04546492207367703
27,json_l_slow_09,106,1.06,51.72512787264881,83.68995888863596,40.417750498491216,77.22561421310954,0.59,1.18,101.69491525423727,47.21014737794474,,2.6981580251279143,1,0.04415801069298758
27,json_l_slow_10,106,1.06,56.01597196309345,73.84860134971535,55.08880692295092,89.04798126814185,0.56,1.12,107.14285714285714,27.463424291500804,,1.857015661317656,1,0.09094756228198025
27,json_r_comf_01,109,1.09,53.8082735097376,31.62263978544516,87.31527222814196,98.08003278378348,0.505,1.01,118.81188118811882,51.93818693623504,57.42574257425744,4.91020323010705,1,0.02280547553048129
27,json_r_comf_02,105,1.05,54.98810937773135,31.89578352821522,87.22904734133043,85.618895653857,0.445,0.89,134.8314606741573,53.15674764829886,33.70786516853933,10.295741556860634,1,0.019799971929709836
27,json_r_comf_03,109,1.09,53.36554358849598,49.669686796631154,44.0928600688468,62.24188210565076,0.49,0.98,122.44897959183672,7.173967152886212,,12.262050351621289,1,0.06597610138207594
27,json_r_comf_04,107,1.07,56.324310110920536,45.66379898713403,79.31231595222951,80.56367104434867,0.5,1.0,120.0,20.90540008646921,20.000000000000007,5.888234843437807,1,0.11504324081812439
27,json_r_comf_05,107,1.07,56.42872105223036,50.86367112793438,82.281163459548,91.25311513593192,0.4549999999999999,0.91,131.86813186813188,10.373615148688602,59.34065934065934,3.559825350668494,1,0.08115797443887107
27,json_r_comf_06,107,1.07,65.5033985240642,59.16275439152761,91.5844742825079,100.57198532339731,0.43,0.86,139.53488372093022,10.172198281966182,11.04294478527607,1.91512234879614,1,0.09538773728766126
27,json_r_comf_07,107,1.07,55.92451614636386,53.49193717456386,47.29926460693368,74.07753663725916,0.47,0.94,127.6595744680851,4.446459189579173,29.78723404255319,3.6083425342526754,1,0.10912244277255134
27,json_r_comf_08,106,1.06,59.70729934893677,36.54833605563795,68.71683751427977,84.67641989232628,0.47,0.94,127.65957446808513,48.11970373673967,42.553191489361694,7.275480041321949,1,0.05031839429562851
27,json_r_comf_09,106,1.06,57.574355219888574,38.36911708881669,75.71108335391858,79.61110676367268,0.5,1.0,120.0,40.03448628433542,27.999999999999996,5.538365871354557,1,0.08540365609951078
27,json_r_comf_10,107,1.07,54.09955022020645,55.84612010507949,91.50427960126054,73.91345633421545,0.535,1.07,112.14953271028035,3.177150823139515,28.037383177570085,2.8052555563367267,1,0.11124699122262005
27,json_r_fast_01,103,1.03,58.59740288629328,30.55466521144137,43.253066688757,66.55450312668587,0.41,0.8200000000000001,146.34146341463415,62.90989827428236,24.39024390243903,7.032828978287386,1,0.018642393666191748
27,json_r_fast_02,103,1.03,54.41705501277623,28.8042150406485,53.73090962258658,79.78277850231562,0.41,0.82,146.34146341463415,61.55359070027484,0.0,1.8787593824841788,1,0.028702913939822272
27,json_r_fast_03,102,1.02,55.53308111090716,51.68070162667918,57.74793468085406,83.50821343064004,0.45,0.9,133.33333333333334,7.186351205715715,35.555555555555564,2.8916657652225,1,0.1023024652104455
27,json_r_fast_04,102,1.02,53.89262895360005,56.6420970704516,63.42481572533089,86.63251764007225,0.33,0.66,181.8181818181818,4.974849471745701,41.9753086419753,1.377823333861571,1,0.03913476173870534
27,json_r_fast_05,103,1.03,58.98778689056002,67.04027797872988,68.37485443584818,90.5295470526596,0.435,0.87,137.93103448275863,12.778885554612788,19.999999999999996,0.9806990286913634,1,0.1030199451421861
27,json_r_fast_06,103,1.03,54.32828171667487,42.299115097855065,90.16883529960306,80.7250162271001,0.39,0.78,153.84615384615384,24.898045513756337,,1.976791358156776,1,0.07525470749764224
27,json_r_fast_07,104,1.04,59.55933200541179,55.97636833047476,85.0472878618841,78.57744826579398,0.475,0.95,126.3157894736842,6.202348996060275,31.57894736842105,1.021212496805064,1,0.11197361096593611
27,json_r_fast_08,103,1.03,56.670792700640646,63.383198338562494,57.12437487715056,79.79855308235136,0.39,0.78,153.84615384615384,11.182311524703811,41.34078212290504,0.9702296451191924,1,0.07640139775449667
27,json_r_fast_09,105,1.05,54.55258400111418,56.229563361532726,51.35395160675354,77.36288343883996,0.53,1.06,113.20754716981132,3.027526366552414,,1.8752930417540563,1,0.11752493494573518
27,json_r_fast_10,104,1.04,59.35122089904378,57.68844109247512,77.46660859182394,92.03753508451751,0.705,1.41,85.1063829787234,2.841395435146003,4.255319148936175,1.8674740079901035,1,0.047286078169337886
27,json_r_slow_01,103,1.03,52.60175826354741,56.270145945488366,63.6231880450038,78.68840010779176,0.62,1.24,96.7741935483871,6.738906072401552,41.63265306122449,1.8202380815228856,1,0.07826716747511842
27,json_r_slow_02,108,1.08,52.46165694679127,58.81303316231512,63.64878395626708,79.52234555524791,0.54,1.08,111.1111111111111,11.415670911860088,25.925925925925924,5.793725357818564,1,0.10683133042502951
27,json_r_slow_03,107,1.07,54.186965937727024,57.84667106265955,72.53011686357026,88.58423586976642,0.45,0.9,133.33333333333334,6.533225597094382,30.303030303030287,2.9873055296028714,1,0.11566394722730511
27,json_r_slow_04,108,1.08,54.86390035923408,58.37957793932482,87.44957019051712,85.82748079778042,0.43,0.86,139.53488372093022,6.209059687873395,16.470588235294116,3.766963259709048,1,0.11359867979532262
27,json_r_slow_05,108,1.08,55.81379372863742,54.173880431998754,75.79250192198631,83.5981022048467,0.38,0.76,157.89473684210526,2.981994681046871,,2.9042024524564094,1,0.10057807716784173
27,json_r_slow_06,108,1.08,55.31792130883271,32.116342221857366,59.02688727757614,82.04498566596206,0.44,0.88,136.36363636363637,53.07205241988781,13.333333333333334,5.785473044945633,1,0.056038275968800955
27,json_r_slow_07,106,1.06,55.48060708808356,57.48881945549162,64.07637269426736,82.08732457105675,0.655,1.31,91.6030534351145,3.555320105362215,29.00763358778625,1.923178020742403,1,0.0767323999931091
27,json_r_slow_08,105,1.05,52.03407130672621,40.340344669093554,48.89218629612338,68.95311649008153,0.5,1.0,120.0,25.31810678119716,32.0,8.866681275828798,1,0.06497097719952744
27,json_r_slow_09,106,1.06,55.66316560285303,59.62797198844825,83.89831678142335,88.32948536278825,0.46,0.92,130.43478260869566,6.877903138834792,0.0,1.946756366761664,1,0.10669158003749485
27,json_r_slow_10,107,1.07,54.64763587669757,54.8988084551346,72.78136671323155,74.64285982834815,,,,0.4585681990301705,,1.9414613768846507,1,0.12854036337408603
27,json_r_slow_11,105,1.05,53.21516066358741,57.23779614957279,62.76836367930882,74.57944699820652,0.545,1.09,110.09174311926604,7.283889181509153,5.504587155963307,1.897475130496452,1,0.11138698341378606
26,json_l_comf_01,128,1.28,61.29265239962676,57.40119994409369,50.69318296915692,40.55834190648626,0.7,1.4,85.71428571428572,6.557125543897555,2.85714285714286,1.535059811319489,1,0.04028575728721234
26,json_l_comf_02,129,1.29,60.227529517801926,58.24525774972798,49.20481599622646,40.29307987627743,0.665,1.33,90.22556390977444,3.346374832218079,7.518796992481193,0.8048420041613218,1,0.05384499922809527
26,json_l_comf_03,129,1.29,58.16112374069517,60.04075918580631,50.33110184072376,38.642159469544296,0.35,0.7,171.42857142857144,3.180381561738574,45.81005586592181,1.531819744532084,1,0.044126578160530006
26,json_l_comf_04,127,1.27,56.832621810613375,60.470327821356,49.137446287623504,40.04197167899568,0.31,0.62,193.5483870967742,6.202241328382096,57.309941520467845,0.8297672827739561,-1,-0.027205004215675843
26,json_l_comf_05,128,1.28,60.55477921115558,58.420569420693,51.74664138101218,37.5639081501203,0.61,1.22,98.36065573770492,3.587650408264943,9.8360655737705,1.553204462835743,1,0.08534090134509542
26,json_l_comf_06,129,1.29,59.87641427981053,59.399991430693774,52.82752449051266,45.21634223883669,0.595,1.19,100.8403361344538,0.7988551403419787,11.764705882352937,1.553814924774929,1,0.08904539307407877
26,json_l_comf_07,130,1.3,53.64279511289254,57.84089492337324,51.37805210744315,40.35767312994754,0.595,1.19,100.8403361344538,7.53132554029213,5.042016806722694,1.5575663604013628,1,0.08252515273590899
26,json_l_comf_08,128,1.28,56.26736530816781,59.32250823924488,57.11227651976452,39.38035046055784,0.31,0.62,193.5483870967742,5.286177477863426,63.68715083798882,0.8376402555267546,-1,-0.025534719955798035
26,json_l_comf_09,130,1.3,57.28233905579552,56.575088622015954,47.90301100845507,38.42484557068828,0.59,1.18,101.69491525423727,1.242343952791395,3.38983050847458,0.7897475031235881,1,0.07015752359412986
26,json_l_comf_10,131,1.31,56.88853831535676,59.79454217187278,48.59471068260669,35.48738098424383,0.625,1.25,96.0,4.981020117709479,20.799999999999983,0.798574751706737,1,0.0705202578875384
26,json_l_fast_02,123,1.23,56.71405022016134,61.350835788539214,53.01101210139571,48.62330954804871,0.49,0.98,122.44897959183672,7.854639470089651,8.163265306122456,0.8217672989724247,1,0.09854623837775456
26,json_l_fast_03,119,1.19,57.67974436794989,58.738348682324016,56.85014512672396,52.333588749891376,0.565,1.13,106.19469026548674,1.8186250721646424,15.929203539823003,0.8089387927288866,1,0.10626343175255532
26,json_l_fast_04,120,1.2,58.84499527925941,60.29389858394762,54.58250549338841,53.65967191097656,0.5700000000000001,1.14,105.26315789473684,2.4322926925136947,28.070175438596497,1.5504803786280792,1,0.10372387890921692
26,json_l_fast_05,120,1.2,58.530673633523946,60.059055728534105,49.8616097705234,64.1261009604735,0.5549999999999999,1.11,108.10810810810813,2.5775960586670394,30.63063063063064,0.8156356582339453,1,0.0941021153558465
26,json_l_fast_06,123,1.23,55.41618812228762,61.675151853383255,49.45648679068789,39.67673683367028,0.6000000000000001,1.2000000000000002,100.0,10.690737218305154,16.66666666666666,0.783395057809144,1,0.08009821883120011
26,json_l_fast_07,126,1.26,57.26008592001578,56.111611855686974,52.21602936848093,34.52233993617308,0.5800000000000001,1.16,103.44827586206895,2.026033105018816,6.896551724137917,0.8272590003370255,1,0.08316299685933864
26,json_l_fast_08,125,1.25,59.39798132334696,62.03828229495669,51.87503489479562,40.94672201920659,0.525,1.05,114.28571428571428,4.348455548515032,9.52380952380953,0.8156434308741359,1,0.09496147776784103
26,json_l_fast_09,125,1.25,55.94554832335783,59.45078990183012,52.56492510172805,47.59411227551773,0.53,1.06,113.20754716981132,6.075134848095541,0.0,0.8400547936091648,1,0.0907476238313058
26,json_l_fast_10,121,1.21,55.88290493182522,59.97663799268413,52.82079727586843,41.11951083763633,0.53,1.06,113.20754716981132,7.066717091273637,15.0943396226415,0.8276923676204575,1,0.10117435474504155
26,json_l_fast_11,123,1.23,56.725021852554406,60.17567462403792,53.24479802131296,47.99067926408068,0.5900000000000001,1.1800000000000002,101.69491525423727,5.903562383265119,27.11864406779661,0.907005888739418,1,0.08675280420963927
26,json_l_slow_01,136,1.36,58.16768101970227,57.68349288222694,49.24487912912096,40.15753182273306,0.665,1.33,90.22556390977444,0.8358795533400557,22.55639097744361,1.5741437775135858,1,0.063346728293882
26,json_l_slow_02,134,1.34,57.29684872388657,57.36463814768861,47.68139355699249,41.47856799540517,0.665,1.33,90.22556390977444,0.1182427084308901,31.578947368421044,0.8093064547550388,1,0.043831838618218766
26,json_l_slow_03,135,1.35,57.43649037613574,59.06533672764627,50.41008982731685,36.90970039832537,0.66,1.32,90.9090909090909,2.7962588948232123,30.30303030303029,1.5630278643630164,1,0.055335782284529844
26,json_l_slow_04,134,1.34,55.97429958044928,57.63904166695109,48.61519248803853,41.2617614435282,0.6799999999999999,1.36,88.23529411764707,2.9305397908802284,41.17647058823529,1.5784605972758827,1,0.03479529686125943
26,json_l_slow_05,134,1.34,59.28221876753421,57.84955422969699,47.81516422788981,37.27507080662245,0.6,1.2,100.0,2.446244091039377,10.000000000000009,1.5992925133228433,1,0.0818357606320721
26,json_l_slow_06,135,1.35,58.32407701552127,58.88106425756884,49.94022454890767,43.53884191341163,0.655,1.31,91.6030534351145,0.9504484803269484,29.00763358778625,0.8589712872403105,1,0.055750108905396556
26,json_l_slow_07,133,1.33,57.73457592915915,59.12417256062821,49.19026485719928,36.55804901559807,0.62,1.24,96.7741935483871,2.37825006587419,35.48387096774193,0.845104111346734,1,0.06081448189277683
26,json_l_slow_08,133,1.33,58.1311080987518,55.59801119454393,46.2656497653024,44.02727608862713,0.68,1.36,88.23529411764706,4.45461447331755,35.29411764705882,0.8134693695807292,1,0.03662957145703932
26,json_l_slow_09,136,1.36,54.21219217085928,57.46562821199646,50.85080160124628,43.39469484797712,0.6000000000000001,1.2000000000000002,100.0,5.826467654873089,16.66666666666666,0.8352712875141,1,0.08852188664819083
26,json_l_slow_10,134,1.34,55.90380735194381,54.65059384809071,48.42692892548254,40.956732802057545,0.645,1.29,93.02325581395348,2.2671435786361305,29.457364341085263,1.5919749344815797,1,0.06591499541686152
26,json_r_comf_01,131,1.31,54.97820475910672,59.15791423342955,66.96548202038102,69.5548609221207,0.43,0.8600000000000001,139.53488372093022,7.3240784971778465,55.81395348837209,2.379148998852185,1,0.07945334869436504
26,json_r_comf_02,128,1.28,57.42310309537605,58.98465565613196,53.86654236914221,70.20220909348612,0.49,0.98,122.44897959183672,2.6829011699972862,60.86956521739131,2.465322445411058,1,0.0814262254064726
26,json_r_comf_03,125,1.25,53.63398546227275,60.00357463752722,58.72105213540462,86.41050231518756,0.66,1.32,90.9090909090909,11.210358915943829,,1.6687442885860613,1,0.08164295290812984
26,json_r_comf_04,125,1.25,52.111285194422734,58.57953396345306,69.0513045311634,61.73348379544031,0.62,1.24,96.7741935483871,11.687055562945666,32.258064516129025,4.1059811582041545,1,0.09307244032189044
26,json_r_comf_05,130,1.3,49.379648518718,55.8591458330433,69.01225729317969,60.906815641193546,0.52,1.04,115.3846153846154,12.313894993261783,38.13953488372093,4.011506480358998,1,0.09992803399121708
26,json_r_comf_06,126,1.26,55.95873461918464,58.38168302925632,69.07355449902194,68.77418895849254,0.61,1.22,98.36065573770492,4.238131117417201,,1.685816168188967,1,0.10688253231907119
26,json_r_comf_07,129,1.29,56.66501834782051,60.67262144057756,50.17438023034185,52.67435575551637,0.76,1.52,78.94736842105263,6.830890922953964,7.89473684210527,2.4668565719918343,1,0.011611906735634336
26,json_r_comf_08,125,1.25,52.63407280517461,61.15368950386444,85.97171617591563,82.66499871141707,0.65,1.3,92.3076923076923,14.974574639320506,,1.5716162343284454,1,0.08352522823178765
26,json_r_comf_09,130,1.3,52.19712589138256,57.09670244590022,65.24731407621128,59.98912419782175,0.675,1.35,88.88888888888889,8.96587964582498,28.14814814814816,2.621396851011077,1,0.06565014470364966
26,json_r_comf_10,130,1.3,54.17820449123568,55.81879137517005,44.73811701026155,50.78777291187065,0.68,1.36,88.23529411764706,2.982966709248881,,2.4205535545790084,1,0.06906189104834398
26,json_r_fast_01,120,1.2,51.89652631830613,53.07649431893088,71.33873753056494,77.09753454625294,0.5,1.0,120.0,2.248135746617136,36.734693877551,2.4120982934000725,1,0.11160516547703286
26,json_r_fast_02,119,1.19,52.66777515460399,55.9001787830869,75.34486007506715,58.35428809222599,0.68,1.36,88.23529411764706,5.954618303552167,,2.369419902632314,1,0.08068392317750811
26,json_r_fast_03,123,1.23,53.83950018123184,58.50927641613025,70.36182150053642,61.59913636046995,0.415,0.8300000000000001,144.57831325301203,8.312998817306305,,2.555535351149095,1,0.1076391150540918
26,json_r_fast_04,122,1.22,55.26251385773354,54.106472550676656,63.16189792930163,65.18944436004615,0.59,1.18,101.69491525423727,2.1140203361489407,33.183856502242165,4.084718622497382,1,0.091511886925353
26,json_r_fast_05,123,1.23,57.41087804000115,57.59842483680716,69.74161702891905,61.50744385541319,0.435,0.8700000000000001,137.9310344827586,0.3261419591541973,,3.186871782087584,1,0.11308083183712647
26,json_r_fast_06,121,1.21,55.58477669351802,53.90875776699225,53.961025220525,49.4889906862518,0.4499999999999999,0.8999999999999999,133.33333333333334,3.0614025472531265,,2.545088000979243,1,0.1116287579159701
26,json_r_fast_07,125,1.25,53.04620547702943,59.06198688649843,59.26660335306804,66.7994658119519,0.49,0.98,122.44897959183672,10.732099559614545,,2.4641453627511902,1,0.12382374389844042
26,json_r_fast_08,123,1.23,52.1151594211852,50.54319440470951,61.02106155579818,41.743374335396254,0.665,1.33,90.22556390977444,3.0625174822921664,4.5112781954887256,4.012894480818291,1,0.06373660647258561
26,json_r_fast_09,123,1.23,53.04474896611478,54.4011572264335,65.5991185793069,59.607772624654494,0.6,1.2,100.0,2.5248207370282985,,3.383633608738652,1,0.10352002645100206
26,json_r_fast_10,125,1.25,56.26130772172559,57.24324676933088,61.83184255425303,60.22876893936004,0.41,0.8200000000000001,146.34146341463415,1.7302196409795447,,3.274694247844966,1,0.10744790696507694
26,json_r_slow_01,144,1.44,53.784261765173554,52.0307072305056,42.69757150416376,46.64066565633787,0.77,1.54,77.92207792207792,3.3143789603899245,,3.431796933381884,-1,-0.00013083956979531575
26,json_r_slow_02,137,1.37,54.76062186329999,52.54667345793453,39.46317681618579,46.81449599018458,0.71,1.42,84.50704225352113,4.126370716432268,,4.189404807261821,1,0.05307084637900927
26,json_r_slow_03,134,1.34,53.79912661802573,56.05180993602032,54.330550684285456,52.69498574807695,0.68,1.36,88.23529411764706,4.101345675621596,,3.2273824805456464,1,0.08001245963311016
26,json_r_slow_04,134,1.34,52.11644080818766,58.182505901663845,45.31598610483813,49.89134147644084,0.57,1.14,105.26315789473684,10.999316447569276,61.59695817490495,4.009808342827544,1,0.04099833289640581
26,json_r_slow_05,145,1.45,51.24464685747803,53.899403781291824,36.18812082210759,41.59637056713471,0.79,1.58,75.94936708860759,5.049752045285769,,3.386679586722832,-1,-0.02140689198387913
26,json_r_slow_06,141,1.41,51.17155318568392,55.54967750893444,43.59070576684907,48.60218048901561,0.79,1.58,75.94936708860759,8.204786048201548,,3.438124507551434,-1,-0.012747737559459904
26,json_r_slow_07,139,1.39,51.592479898443486,56.461750731889154,46.219605825084926,55.98350205296967,0.4599999999999999,0.92,130.43478260869566,9.012642642570963,,4.072128791516809,1,0.10707219118120892
26,json_r_slow_08,136,1.36,51.52378018909742,56.37212224130052,50.04694131804115,56.54675361054626,0.52,1.04,115.3846153846154,8.987073545875736,,2.616217048809274,1,0.11504168384134217
26,json_r_slow_09,142,1.42,50.69121888938196,58.21959506861759,41.73335752573455,50.60669284584145,0.78,1.56,76.92307692307692,13.824846047223344,,4.040047798039216,-1,-0.009842911199202664
26,json_r_slow_10,136,1.36,52.75703066806591,54.70588410278325,51.42148150751064,56.71426040426799,0.74,1.48,81.08108108108108,3.6270250790666063,48.648648648648646,3.9827935731285096,1,0.002366305103459365
25,json_l_comf_01,117,1.17,55.409329466751416,58.14844776181292,45.272219169797225,79.7603551041027,0.5549999999999999,1.11,108.10810810810813,4.824184414156539,12.612612612612606,1.5457401371453667,1,0.10166784761195935
25,json_l_comf_02,116,1.16,57.51986972944368,56.20718132112957,59.94555564823444,89.68925615978424,0.565,1.13,106.19469026548674,2.3084893104814217,15.929203539823003,0.8250834490929191,1,0.10374261087509135
25,json_l_comf_03,117,1.17,55.53234253468892,56.21662536728314,55.48981585559431,90.5560372420488,0.55,1.1,109.09090909090908,1.224678572771221,7.272727272727258,0.8649687911308556,1,0.09939737754520306
25,json_l_comf_04,117,1.17,56.42671311218024,57.07941683296683,63.82537234108336,83.96541645860316,0.605,1.21,99.17355371900828,1.15007660132896,8.264462809917363,0.8340900429735197,1,0.09121420732888108
25,json_l_comf_05,118,1.18,55.60684609054727,56.29679024034584,47.50517900894367,88.58562179159449,0.56,1.12,107.14285714285714,1.2331040749354194,3.5714285714285547,0.8669502771658051,1,0.08271937921358985
25,json_l_comf_06,116,1.16,55.53026680181591,54.52814505646072,46.12992389689512,87.09318243065255,0.56,1.12,107.14285714285714,1.8210725167389104,7.142857142857128,0.8326442659658206,1,0.08795349592497853
25,json_l_comf_07,118,1.18,56.50898491564082,57.425662947828,46.15926316080865,81.14780515748274,0.5449999999999999,1.09,110.09174311926608,1.609129530615937,9.174311926605494,0.8360648233923934,1,0.09495656561668081
25,json_l_comf_08,114,1.14,58.41959211279962,56.32007046565416,50.27225374670371,87.48695284943896,0.565,1.13,106.19469026548674,3.6596266713088994,5.309734513274321,1.5608753912204212,1,0.10222776607735273
25,json_l_comf_09,117,1.17,56.199447780375706,57.57125683407959,46.62316096370593,77.62513300647062,0.555,1.11,108.1081081081081,2.411533018719808,1.8018018018018032,0.8275987368412762,1,0.08586125258111904
25,json_l_comf_10,117,1.17,55.40635529525602,58.57225587315433,36.49408448016423,89.14977073047172,0.535,1.07,112.14953271028035,5.555253824282,5.607476635514024,0.8526812579700261,1,0.08000291889699912
25,json_l_comf_11,117,1.17,54.652154561175976,57.48394672583906,52.69050325612999,89.65608270742861,0.565,1.13,106.19469026548674,5.050634242071686,1.7699115044247606,0.8546942010598838,1,0.08719960827224726
25,json_l_fast_01,117,1.17,59.26239154083311,57.093551701906,50.0804344985072,73.67697307314269,0.56,1.12,107.14285714285714,3.727939937545827,7.142857142857128,1.6073542611633964,1,0.1064246892985527
25,json_l_fast_02,116,1.16,57.1567394819626,57.36566023711522,54.46896328015075,78.49268753637237,0.495,0.99,121.21212121212122,0.3648557062462871,26.26262626262628,1.6207438954117004,1,0.11855162072013176
25,json_l_fast_03,115,1.15,57.64392354686208,58.52550195056929,55.70048450971629,82.54592812071301,0.55,1.1,109.09090909090908,1.5177459988845374,3.636363636363639,1.594025614310463,1,0.10773718897776308
25,json_l_fast_04,117,1.17,57.57685721579955,58.0530138426134,45.43618258974222,85.18883393093743,0.56,1.12,107.14285714285714,0.8235875772503556,3.5714285714285547,0.8714255764194202,1,0.08374212845309109
25,json_l_fast_05,116,1.16,57.84442490120338,59.80314839992688,52.76578843623312,81.35949978659983,0.54,1.08,111.1111111111111,3.3298153863487854,0.0,1.2372886951539166,1,0.09985584777703954
25,json_l_fast_06,115,1.15,58.816800479697264,55.63662107383533,50.903004239662046,66.76271760372452,0.55,1.1,109.09090909090908,5.557159170421986,3.636363636363639,1.49271915521108,1,0.10595506391660592
25,json_l_fast_07,113,1.13,58.95422943617781,55.9125436124566,51.02120039965823,57.13817623871377,0.54,1.08,111.1111111111111,5.296023807395311,3.703703703703707,1.650595794292662,1,0.10617309939927039
25,json_l_fast_08,115,1.15,59.27413126660662,58.895393724065656,60.15114799297625,66.09650646387959,0.5549999999999999,1.11,108.10810810810813,0.6410071337273403,5.405405405405391,1.5609146808469037,1,0.11019900842760616
25,json_l_fast_09,115,1.15,57.75335480110365,54.80057453721662,53.99937450406298,72.28423036658204,0.54,1.08,111.1111111111111,5.246871932851708,0.0,1.5827204119038638,1,0.10089394514985689
25,json_l_fast_10,117,1.17,56.76618044557142,57.619787493353016,53.5952854492919,87.61832283916063,0.56,1.12,107.14285714285714,1.4925030808628057,7.142857142857128,0.861852817065266,1,0.09785824188717074
25,json_l_slow_01,121,1.21,51.66536346970483,50.128160654474,46.664240857157694,65.74911477753724,0.61,1.22,98.36065573770492,3.0202369521180543,13.114754098360669,2.391593482733624,1,0.094702773003774
25,json_l_slow_02,133,1.33,53.64181400228021,58.96726430896801,49.70327336280333,85.00769417059354,,,,9.458296589495935,,1.586900593022894,1,0.11903944653583781
25,json_l_slow_03,122,1.22,53.0102220531862,59.35097257112179,50.59162021767898,80.37827058112737,0.605,1.21,99.17355371900828,11.286370777983604,8.264462809917363,0.8638960472827415,1,0.08786714631758014
25,json_l_slow_04,124,1.24,52.86575024675817,57.91820252427184,42.73874539654911,72.30452160917432,0.62,1.24,96.7741935483871,9.12127099843811,9.677419354838715,0.8323357611669974,1,0.07463769251550273
25,json_l_slow_05,125,1.25,49.60013160644581,51.929262996036144,38.81314125518632,60.35390701677703,0.5900000000000001,1.1800000000000002,101.69491525423727,4.588092736511585,10.169491525423718,0.8867456348844358,1,0.07213337460515096
25,json_l_slow_06,127,1.27,55.96931418045622,53.31424859764368,40.14488823055322,68.61158869770492,0.585,1.17,102.56410256410255,4.859039210139308,25.64102564102565,1.7569863198285784,1,0.09007307643688484
25,json_l_slow_07,122,1.22,55.32119917534318,58.902446679269005,57.076679412923966,83.39855070420495,0.6,1.2,100.0,6.270588680883395,0.0,0.869612942052201,1,0.08139660709585039
25,json_l_slow_08,122,1.22,54.380442597512186,55.87029361924468,51.28884363134438,78.24232643601158,0.63,1.26,95.23809523809524,2.702659542886664,9.52380952380953,0.8495162332293515,1,0.08092226457553092
25,json_l_slow_09,153,1.53,55.348173294141176,51.07136263277077,51.15609191070527,75.62813465561895,0.505,1.01,118.81188118811882,8.03764200645957,45.54455445544554,0.8592267151526713,1,0.0918707527975145
25,json_l_slow_10,128,1.28,52.56357973491457,56.37075319360241,43.442602745717465,83.32077160070199,,,,6.989850410496606,,1.5852691226789175,1,0.10817428611928537
25,json_l_slow_11,123,1.23,52.61804423346783,60.66431005940345,47.98808647212722,68.3646626857443,0.625,1.25,96.0,14.205682564000105,8.000000000000007,0.838764201714905,1,0.0783792592687792
25,json_l_slow_12,122,1.22,54.41021545337736,60.61537852126303,44.066819460846034,58.144068026034944,0.565,1.13,106.19469026548674,10.789186742654357,1.7699115044247606,0.8664668082736656,1,0.07872095152523328
25,json_l_slow_13,124,1.24,51.4761199654884,61.04440566072408,41.24948441998792,70.22736686040423,0.61,1.22,98.36065573770492,17.007182719748485,13.114754098360669,0.8414013673382168,1,0.07746250944362565
25,json_l_slow_14,123,1.23,52.62858747647299,59.51831840767224,41.67643971449552,77.68887932997521,0.61,1.22,98.36065573770492,12.286974619374298,3.2786885245901667,0.8412452901897475,1,0.0703808352242315
25,json_l_slow_15,123,1.23,56.01166025230416,61.37447600795643,65.43883637313107,77.45913366548739,0.6,1.2,100.0,9.137051318840934,6.666666666666673,0.8356878607850962,1,0.09357517415261446
25,json_r_comf_01,113,1.13,55.49693726375618,55.80070507169468,51.21864053122656,55.55988662015629,0.54,1.08,111.1111111111111,0.5458656653713173,40.74074074074075,3.3845770870007605,1,0.09367598391960053
25,json_r_comf_02,117,1.17,55.82905257715646,55.55399621767488,86.65493717186045,62.96588826523895,0.62,1.24,96.7741935483871,0.4938926747969309,9.677419354838715,3.2734370066469403,1,0.1003449298174226
25,json_r_comf_03,118,1.18,54.32325985845634,54.19093362968242,94.55607789556704,70.33738392226405,0.5900000000000001,1.1800000000000002,101.69491525423727,0.2438874114442619,23.72881355932203,3.366647392075352,1,0.09531229365333999
25,json_r_comf_04,117,1.17,55.40921282741628,52.37573638256177,36.80058656268264,43.59539686769196,0.51,1.02,117.6470588235294,5.628757014942665,7.843137254901968,3.618932453051638,1,0.08645985831464159
25,json_r_comf_05,117,1.17,55.82857139165259,57.05196755667157,91.49384146406426,66.68874082964305,0.565,1.13,106.19469026548674,2.167594478936788,15.929203539823003,3.377867385235526,1,0.11300419547984109
25,json_r_comf_06,87,0.87,44.22739930438726,60.430656392419095,55.12903048355115,52.34381510096462,0.345,0.69,173.91304347826087,30.964185184124872,14.492753623188404,4.122923870942756,1,0.05812273997042183
25,json_r_comf_07,116,1.16,56.259738603473664,58.59289084344438,87.55067834881504,53.51112658242506,0.5700000000000001,1.14,105.26315789473684,4.062862559100641,21.052631578947363,4.105186318310118,1,0.11004080937177946
25,json_r_comf_08,118,1.18,56.07229148596818,56.34745395867172,98.46038564123512,63.71426088102423,0.5549999999999999,1.11,108.10810810810813,0.4895269449601152,27.027027027027035,3.748004963393425,1,0.09590006133445683
25,json_r_comf_09,117,1.17,57.99310290009146,55.496913003211205,96.18860895854225,78.09438163902172,0.5800000000000001,1.16,103.44827586206895,4.398959462666904,10.344827586206886,4.201368070625716,1,0.10403170226217423
25,json_r_comf_10,117,1.17,57.83053929979903,47.97287126425543,85.29105183799115,57.64971674014259,0.655,1.31,91.6030534351145,18.63393246586444,7.633587786259549,3.200594751819084,1,0.07284727910945493
25,json_r_comf_11,119,1.19,57.64848073003249,54.76353460011103,83.47057839409655,97.27879879701597,0.64,1.28,93.75,5.132807416446799,6.250000000000005,3.3881982997632782,1,0.08989714704040125
25,json_r_comf_12,116,1.16,54.0843532865612,55.52860787258021,85.80292146384842,93.68621912222896,0.5449999999999999,1.09,110.09174311926608,2.6351894351657466,23.85321100917432,3.987386208597369,1,0.112055330873231
25,json_r_comf_13,115,1.15,55.142114723501805,53.316728220150566,77.43899853306743,87.97558651452098,0.575,1.15,104.34782608695652,3.366044582090154,8.695652173913032,3.991794818884797,1,0.1109702530500633
25,json_r_comf_14,116,1.16,55.949066872434685,54.87129904324675,85.03401234532167,73.95329235804859,0.5449999999999999,1.09,110.09174311926608,1.9450717749984008,20.18348623853211,3.401413168419034,1,0.11756147380952303
25,json_r_fast_01,112,1.12,54.13740051518453,58.854417162565895,88.31275885455267,67.17882294276498,0.5449999999999999,1.09,110.09174311926608,8.349306603481986,23.85321100917432,5.215295885825132,1,0.11023294317939403
25,json_r_fast_02,115,1.15,56.9615268340032,58.232194916202445,90.38475921781108,64.76537040614556,0.565,1.13,106.19469026548674,2.2061412078596763,19.469026548672566,5.901945961264195,1,0.10732981443751877
25,json_r_fast_03,114,1.14,57.45598297701777,55.86946970351636,103.45080967821067,88.38308081752814,0.52,1.04,115.3846153846154,2.799923999375164,38.46153846153847,5.182246157181558,1,0.07841062095098428
25,json_r_fast_04,113,1.13,57.46069130997029,57.35165976252975,92.75301843604794,59.63262423941667,0.5349999999999999,1.0699999999999998,112.1495327102804,0.189929996942032,13.084112149532704,5.304422824117986,1,0.10527936535789661
25,json_r_fast_05,113,1.13,58.1001825010982,55.18639401692624,73.55101095671438,70.11217944223603,0.525,1.05,114.28571428571428,5.144101929337341,32.38095238095238,5.960637291757887,1,0.10691700137872762
25,json_r_fast_06,113,1.13,57.57239486521483,58.33804340151923,99.07052221581247,74.76609831553738,0.495,0.99,121.21212121212122,1.321103686179635,38.38383838383837,5.583615561043299,1,0.08659985961156252
25,json_r_fast_07,114,1.14,56.30723336372233,56.220336260794426,76.63565728833753,79.24170876869101,0.585,1.17,102.56410256410255,0.15444588951466,11.96581196581196,6.226289633321448,1,0.10715260653173253
25,json_r_fast_08,114,1.14,55.90390430888307,55.88846645265917,100.28654049217268,67.14846948730303,0.525,1.05,114.28571428571428,0.0276188010303978,36.19047619047619,5.929537507772941,1,0.0793488676163347
25,json_r_fast_09,114,1.14,55.72191452095287,55.2289752767513,100.78816311857165,73.65876789833317,0.5249999999999999,1.0499999999999998,114.2857142857143,0.8885719530511877,17.14285714285714,5.669064552668448,1,0.09403270362897254
25,json_r_fast_10,115,1.15,57.10017562206568,55.65637710729472,90.64230361132364,70.11396080009762,0.54,1.08,111.1111111111111,2.5609128335740863,25.925925925925924,5.897748713251351,1,0.10454745250238096
25,json_r_slow_01,127,1.27,51.64951317985374,49.554692365630174,93.44433680341314,68.7966283852522,0.72,1.44,83.33333333333334,4.139790047128225,,3.377677644930562,1,0.04966961991462637
25,json_r_slow_02,146,1.46,49.8907731462852,53.50348285994863,47.78637078877529,50.31905298713531,,,,6.98822130592171,,2.867736742716115,1,0.11212411014981322
25,json_r_slow_03,128,1.28,52.70295152454607,48.81251574646862,78.60523148374048,48.80726917855225,0.64,1.28,93.75,7.664715304301746,,3.311550353672419,1,0.08876517664147554
25,json_r_slow_04,139,1.39,51.82401263949336,50.278393466083,63.59171913646591,37.43263357573935,,,,3.0275861899124115,,4.030655683817535,1,0.10603210693125115
25,json_r_slow_05,126,1.26,54.89560323455304,51.16013064061024,96.9310788198316,87.94136737517948,0.71,1.42,84.50704225352113,7.0443576362213,5.633802816901413,3.3772699625022,1,0.04299026850438592
25,json_r_slow_06,124,1.24,52.04360239107025,50.00763675757972,64.20904330272926,39.30243632698421,0.53,1.06,113.20754716981132,3.990085079760578,37.735849056603776,4.199367500952889,1,0.08139021103175592
25,json_r_slow_07,138,1.38,50.63257355845562,49.31433435448293,86.98667261903,39.17045260286997,0.67,1.34,89.55223880597015,2.63787891291441,,4.274881390442266,1,0.06368947549599041
25,json_r_slow_08,124,1.24,53.22026609695455,51.60698682052622,87.70281935556505,60.89083973962831,0.71,1.42,84.50704225352113,3.0779768266908434,,4.986870720828148,1,0.06411187120919276
25,json_r_slow_09,166,1.66,53.68873140090987,55.96098869301892,83.16842318440246,66.34810849548676,0.42,0.84,142.85714285714286,4.144574724244753,,6.595644448441137,1,0.09793149473781648
25,json_r_slow_10,120,1.2,55.82800022515645,54.73878308744388,63.78238854926646,61.94813245021447,0.655,1.31,91.6030534351145,1.97024297004838,19.84732824427481,3.4425854072471864,1,0.08778972761149778
25,json_r_slow_11,123,1.23,54.01339597434706,52.76469333488555,79.61481553130326,55.224587791355546,0.665,1.33,90.22556390977444,2.338874290670686,1.503759398496242,3.4778920432610017,1,0.06891480593633098
25,json_r_slow_12,123,1.23,53.43837712307476,51.351668180069495,79.14731378971858,51.17624589898272,0.69,1.38,86.95652173913044,3.9826472771696575,5.797101449275352,3.5026798186219934,1,0.06416614348056332
25,json_r_slow_13,121,1.21,54.77898389719253,54.98076906943562,79.99864773784581,60.21756682445342,0.615,1.23,97.5609756097561,0.3676851792923469,8.130081300813014,3.5480679102281933,1,0.10139376991007121
25,json_r_slow_14,124,1.24,53.60221920236269,54.59625247156272,81.83753278503255,51.46742643814808,0.69,1.38,86.95652173913044,1.8374257118819943,,4.250676790955101,1,0.07153853983586755
25,json_r_slow_15,125,1.25,51.79301039628123,50.79295558539508,42.66121070815628,40.98423391023182,0.52,1.04,115.3846153846154,1.9496912688130903,5.940594059405946,4.076167258663523,1,0.08731341840520923
25,json_r_slow_16,136,1.36,53.9580193268699,53.80774318275384,80.62832139941011,38.06793614943098,,,,0.2788940394731451,,4.208810698785129,1,0.10891899921516796
25,json_r_slow_17,124,1.24,55.26666632311405,53.6041300751815,89.27393173377011,56.342478508692096,0.725,1.45,82.75862068965517,3.054145469553263,1.3793103448275874,2.6543229019795445,1,0.028031277780862063
24,json_l_comf_01,113,1.13,50.57212347929215,51.63004421681174,55.12464498487853,63.071346327601255,0.635,1.27,94.48818897637796,2.070251074645112,1.5748031496063006,15.255228828374475,1,0.023549903114647663
24,json_l_comf_02,113,1.13,57.38518566933581,38.86899362636265,69.03266979870943,52.97075870838203,0.38,0.76,157.89473684210526,38.47353367606063,64.1509433962264,13.625952302001265,-1,-0.023960539756809895
24,json_l_comf_03,114,1.14,60.24929763694779,41.64060341789758,65.76441896335997,58.710034456785394,0.38,0.76,157.89473684210526,36.52706308750561,1.3071895424836613,13.666426904995747,1,0.0093026003309859
24,json_l_comf_04,113,1.13,60.60091000944979,47.20442969915538,70.67374661565027,69.95884888726118,0.54,1.08,111.1111111111111,24.85309233569454,14.814814814814806,10.518209133984694,1,0.08127338014315189
24,json_l_comf_05,114,1.14,58.68177446707011,45.27048187650794,59.385354138734655,55.624623325878304,0.47,0.94,127.65957446808513,25.8027926709658,,13.670344598823608,1,0.06011209388894906
24,json_l_comf_06,116,1.16,62.18539129836442,52.76906125879249,82.62600757474195,71.95586723075796,0.36,0.72,166.66666666666669,16.382714771122075,11.764705882352953,2.555145772176972,1,0.08552230887030177
24,json_l_comf_07,116,1.16,64.25374964880123,48.15512594704954,78.76752910393948,76.02425991464338,0.355,0.71,169.01408450704227,28.642976128738933,72.00000000000001,2.3005313651889683,1,0.02151582326599777
24,json_l_comf_08,115,1.15,58.297126361179465,39.96682805842525,74.78593582245655,74.49005138695335,0.44,0.88,136.36363636363637,37.30828544611701,13.173652694610777,12.380756928807166,1,0.05190752036888663
24,json_l_comf_09,115,1.15,59.06361919737505,45.07136428496239,82.46769018147442,68.82237461519624,0.3349999999999999,0.6699999999999999,179.10447761194033,26.873303177286083,21.62162162162164,3.235581860831658,1,0.049294915114725
24,json_l_comf_10,115,1.15,64.62269549956348,46.38695127242704,80.37097056806604,66.50602110388492,0.33,0.66,181.8181818181818,32.85434150527826,17.93103448275862,10.64766132796653,1,0.013914923002709467
24,json_l_fast_01,105,1.05,69.91243423336759,65.18311533760355,88.9274267257546,83.13539061483706,0.595,1.19,100.8403361344538,7.001442920633794,1.6806722689075646,1.5891797012621682,1,0.08215537207641105
24,json_l_fast_02,106,1.06,60.94544300410797,66.80951918898165,79.28412180136931,90.82678522449255,0.53,1.06,113.20754716981132,9.180193213960148,18.867924528301884,1.6236534552255455,1,0.11591504765801663
24,json_l_fast_03,107,1.07,56.0456104056295,60.34039634187504,76.11813906839433,84.57082008274608,0.535,1.07,112.14953271028035,7.380244509226823,31.77570093457944,1.598231144184791,1,0.11053760522937067
24,json_l_fast_04,105,1.05,50.63899618380057,58.1936707892574,69.58000139479944,86.3588033657862,0.41,0.82,146.34146341463415,13.883101123171077,7.058823529411782,2.3719177875397617,1,0.10495352103242528
24,json_l_fast_05,108,1.08,60.25388009078191,72.4440587225574,80.56001730861938,72.10508922341796,0.46,0.92,130.43478260869566,18.37282287997392,39.285714285714285,0.8483208339664388,1,0.09587051678489966
24,json_l_fast_06,103,1.03,73.81821114100153,83.00967720379992,93.94552472335856,73.76267387187255,0.41,0.82,146.34146341463415,11.72172393546492,1.2121212121212266,3.2150072305362167,1,0.06685794425381136
24,json_l_fast_07,103,1.03,64.16915400721248,70.9391332584616,86.7982450712675,67.15187956207829,0.45,0.9,133.33333333333334,10.0215603176684,50.90909090909089,1.574632689047078,1,0.0884790925833352
24,json_l_fast_08,104,1.04,58.79140045155549,59.43238937939215,67.3882242846902,78.09176540286444,0.565,1.13,106.19469026548674,1.0843653866167406,33.62831858407081,3.6169439871214655,1,0.10097848703019419
24,json_l_fast_09,106,1.06,71.37084786883342,65.32497863683326,73.07135552866228,91.63253356392686,0.39,0.78,153.84615384615384,8.845726144754725,35.8974358974359,5.2396648172616525,1,0.07981050505578774
24,json_l_fast_10,105,1.05,73.39233168511562,69.39907407612644,89.618833498056,90.23751060470636,0.39,0.78,153.84615384615384,5.59313438746616,48.42105263157895,4.875950173228315,1,0.06825097127821367
24,json_l_slow_01,120,1.2,64.69973967125635,57.06679772941479,53.81594194667768,59.8278614143602,0.49,0.98,122.44897959183672,12.537010749883564,36.26943005181346,2.4307705861289177,1,0.10988135814725808
24,json_l_slow_02,121,1.21,58.73850423084292,59.07692002496079,78.90232528142134,78.04496734174205,0.33,0.66,181.8181818181818,0.5744847013971408,7.518796992481193,2.426633890057965,1,0.062452132603456334
24,json_l_slow_03,121,1.21,63.542374419176696,53.35353731676463,66.88393118058724,79.75577718060666,0.48,0.96,125.0,17.43232410972224,30.927835051546392,2.4837565100900725,1,0.11352006381295654
24,json_l_slow_04,124,1.24,63.657042493402585,60.3698828032628,76.90538904434264,63.72189877673456,0.53,1.06,113.20754716981132,5.300719472448564,3.773584905660381,2.4190145721993077,1,0.11244728286202771
24,json_l_slow_05,122,1.22,59.59063593064967,58.57469595191469,86.59016432506587,62.53737973113158,0.5449999999999999,1.09,110.09174311926608,1.7195229134457868,16.513761467889903,1.6414854318486634,1,0.11469508746180607
24,json_l_slow_06,125,1.25,60.13175399642158,58.52751706448258,61.71911715136412,53.110273845691424,0.51,1.02,117.6470588235294,2.7039386262799363,39.99999999999999,2.406887185669773,1,0.10021494335184655
24,json_l_slow_07,121,1.21,63.75495576510218,61.23090747685234,80.72789608929584,61.68459426354336,0.42,0.84,142.85714285714286,4.038934040666107,1.1976047904191494,1.6863332359334808,1,0.089989309487088
24,json_l_slow_08,124,1.24,60.93692863752395,58.82552993175321,62.60834297240958,55.84575808369945,0.55,1.1,109.09090909090908,3.525977557565572,3.636363636363639,1.6670472777869114,1,0.10737887114601963
24,json_l_slow_09,121,1.21,62.61652900873263,59.27775756105072,63.95259434888477,45.39791106150143,0.47,0.94,127.65957446808513,5.478142645792494,17.021276595744688,1.5194650739764854,1,0.10817686956357131
24,json_l_slow_10,120,1.2,62.63444144091771,59.41148399319398,84.22720795756433,67.86413958049633,0.39,0.78,153.84615384615384,5.281548624027913,21.17647058823529,1.6198926052532996,1,0.09878155118784815
24,json_r_comf_01,117,1.17,87.5303141707466,52.1278697351008,86.40843002600327,92.5458977423927,0.325,0.65,184.6153846153846,50.69870371436718,,12.36093435534235,-1,-0.008701292815517458
24,json_r_comf_02,116,1.16,57.8869269749553,55.47023539597919,96.11570696453416,87.79504450732247,0.64,1.28,93.75,4.263853343590345,,4.12872256829247,1,0.09255463196929797
24,json_r_comf_03,114,1.14,57.6058339304691,53.52367581016794,101.50694609018396,93.45099459212892,0.6000000000000001,1.2000000000000002,100.0,7.346668098920668,16.66666666666666,1.7487486319029415,1,0.08777924139090398
24,json_r_comf_04,114,1.14,58.30861942003682,53.83770392588245,88.45852041698589,68.94521887340969,0.38,0.76,157.89473684210526,7.973360803570302,38.202247191011246,3.654633184197099,1,0.08578685484086285
24,json_r_comf_05,116,1.16,55.53265113515103,54.30750674876276,83.03255861945897,79.66472607845168,,,,2.2307768123987546,,2.535568304797607,1,0.12926739657090186
24,json_r_comf_06,113,1.13,60.18685118884935,56.26737102314978,86.72381673475104,75.55859786766412,,,,6.731366353663587,,3.2506298020141577,1,0.12719945211936073
24,json_r_comf_07,115,1.15,58.69094620266752,57.18046688337903,92.64256590369142,76.04452005630205,0.485,0.97,123.71134020618555,2.6071647510966405,,3.4498534294266787,1,0.11820474096765965
24,json_r_comf_08,114,1.14,55.38122975939673,54.19768400159906,78.45341426508945,80.83560809720609,0.59,1.18,101.69491525423727,2.160170633520101,6.779661016949159,4.481737380413392,1,0.10670244924237898
24,json_r_comf_09,115,1.15,57.803994620602,47.88278853135344,87.07359404205104,84.24104573813219,0.53,1.06,113.20754716981132,18.77473378101393,22.641509433962263,3.273829724140138,1,0.11437617992462873
24,json_r_comf_10,114,1.14,52.90835931505384,54.90314524647131,80.16695295257918,91.21473822216322,0.45,0.9,133.33333333333334,3.7005066194565472,35.53299492385785,3.514171561674019,1,0.1071901620549322
24,json_r_fast_01,105,1.05,58.31727009661678,59.38425467902724,101.2519074528116,79.83405121760995,0.42,0.84,142.85714285714286,1.8130344266045515,30.4635761589404,1.6168365409922956,1,0.08181412699689333
24,json_r_fast_02,107,1.07,57.88198470031787,62.27726319635562,92.32212761686934,91.04310623577123,0.33,0.66,181.8181818181818,7.315755670869885,,3.4088813635166497,1,0.06371066814851722
24,json_r_fast_03,105,1.05,54.588644617454136,60.51298907792848,92.2971125742489,82.97563799011957,0.37,0.74,162.16216216216216,10.294110118633364,48.42105263157895,3.406791626180436,1,0.07354485787677156
24,json_r_fast_04,106,1.06,59.45203256133529,62.05800479984895,86.7929151327684,92.32125438216758,0.4499999999999999,0.8999999999999999,133.33333333333334,4.289311887490412,1.104972375690609,1.7613425205688058,1,0.10526163862750104
24,json_r_fast_05,103,1.03,60.530979580384766,60.41134501168227,93.05219846408272,91.46462072794291,0.48,0.96,125.0,0.1978373891952489,15.730337078651674,1.6786128326388987,1,0.11268580874418327
24,json_r_fast_06,104,1.04,57.57159114883218,60.16826300277732,93.03059300855982,91.67974228236544,0.42,0.8400000000000001,142.85714285714283,4.410863038103471,1.18343195266271,1.7544347285947397,1,0.08879888220341575
24,json_r_fast_07,104,1.04,60.98798388024349,59.3661474855296,98.2629619892904,79.95773750378825,0.39,0.78,153.84615384615384,2.6951071414157064,15.384615384615383,0.8854393120876194,1,0.07822096460345807
24,json_r_fast_08,105,1.05,59.80431686836786,61.612817273256354,83.68235590209073,94.09683979061772,0.55,1.1,109.09090909090908,2.9789871383045616,25.454545454545457,0.9010924437487507,1,0.10287095913516142
24,json_r_fast_09,104,1.04,60.08788209143991,58.08986997603418,103.2386527300476,91.74377013363564,0.55,1.1,109.09090909090908,3.3813676101487444,32.72727272727272,0.8733948025068113,1,0.07894246966880475
24,json_r_fast_10,105,1.05,56.57628505373967,59.16912748433626,98.12736623349852,79.39249847992173,0.38,0.76,157.89473684210526,4.480250877750583,37.2093023255814,1.7502403115960274,1,0.06549476962483325
24,json_r_slow_01,119,1.19,60.6439963173214,50.72443724393296,90.33991442068628,91.83874026390906,0.74,1.48,81.08108108108108,17.81395096651428,30.3501945525292,3.412774311437218,1,0.01722765296647527
24,json_r_slow_02,123,1.23,62.64732308340504,56.95880632543363,94.3724530872976,78.07920274092513,0.37,0.74,162.16216216216216,9.512082342413873,66.66666666666669,2.412384033476048,1,0.048778991733293586
24,json_r_slow_03,122,1.22,61.88134613916378,54.08910383448723,93.60329357759063,88.79949698296812,0.375,0.75,160.0,13.43832382550379,50.505050505050505,2.508668215965521,1,0.06451182360138119
24,json_r_slow_04,123,1.23,61.28382369760725,60.13937697607963,93.50126733395533,85.99772045377742,0.55,1.1,109.09090909090908,1.8850544462309224,,1.659684451415507,1,0.11008787509208617
24,json_r_slow_05,122,1.22,61.44580418938924,57.83229860987576,95.9006037590076,85.10793688253142,0.59,1.18,101.69491525423727,6.058958844432154,,1.7136893302917588,1,0.1003369522317416
24,json_r_slow_06,123,1.23,65.22580673603318,56.364833195513256,94.56199359384694,85.7088109232325,0.57,1.14,105.26315789473684,14.57509154571192,,1.7859487080303824,1,0.10624411458488531
24,json_r_slow_07,124,1.24,64.33404424470687,61.53829294852606,87.13209883340149,81.22506880186643,0.485,0.97,123.71134020618555,4.442201294616326,51.54639175257733,3.217860111783173,1,0.09702334501069382
24,json_r_slow_08,121,1.21,60.90761894377732,59.67263319536255,84.45532318249407,76.69922027931,0.56,1.12,107.14285714285714,2.048404654171229,10.714285714285705,2.620047770158547,1,0.11316999657225169
24,json_r_slow_09,121,1.21,65.18779274172438,60.192656176436856,89.66984743200906,96.42830498267388,0.37,0.74,162.16216216216216,7.967967268242861,36.585365853658544,3.1888226983195733,1,0.08012968646610752
24,json_r_slow_10,120,1.2,61.83467482158,54.98997141724689,87.24166228146387,74.42871409271658,0.575,1.15,104.34782608695652,11.717909918323816,5.217391304347812,2.421026129395617,1,0.1063505456074364
23,json_l_comf_01,118,1.18,91.67634972489502,76.38367562953547,80.02607043008197,69.01451530291386,,,,18.19906198765356,,15.65097934955776,1,0.06412106160906555
23,json_l_comf_02,119,1.19,97.4818125761951,98.23409691239426,109.01975314065108,82.87115570578247,0.4,0.8,150.0,0.7687513377577792,12.865497076023376,3.635888354686024,1,0.030996882613266663
23,json_l_comf_03,123,1.23,93.15866736484324,88.09935314299976,122.93841827505528,119.03805091416076,0.31,0.62,193.5483870967742,5.582444525950839,,7.094224048155836,-1,-0.0488910157395166
23,json_l_comf_04,122,1.22,93.33966249878236,91.93025810093027,92.64707434569594,111.40327923846964,0.38,0.76,157.89473684210526,1.521460573081547,42.10526315789475,15.312321603483124,-1,-0.014557178871046461
23,json_l_comf_05,123,1.23,92.50091024030483,91.85932456300267,110.1541449786128,115.52426450406304,0.37,0.74,162.16216216216216,0.6960130832841072,14.012738853503183,13.560018872247069,-1,-0.011699182818500353
23,json_l_comf_06,122,1.22,92.2742222988106,84.56612386921705,110.40388632130887,104.30783028634934,0.48,0.96,125.0,8.717578987624876,,15.801788609949114,1,0.029694807857532424
23,json_l_comf_07,124,1.24,90.6322992460934,86.0835282133572,85.61549917617904,78.30153319509117,0.42,0.84,142.85714285714286,5.148119552313419,,15.856058111932375,1,0.03373211065680315
23,json_l_comf_08,120,1.2,87.36147749554289,81.31078432767137,84.92769822946268,75.8588356971128,0.69,1.38,86.95652173913044,7.174496983046636,,15.821035181706865,-1,-0.001715148905388264
23,json_l_comf_09,122,1.22,88.672514805159,81.52026402170179,84.00132072824199,75.08207440567674,,,,8.404881608676568,,15.820694614572703,1,0.057352388979271696
23,json_l_comf_10,122,1.22,87.93252354684026,78.26640728354431,93.29953623762844,76.78405595363333,,,,11.631983689667374,,15.788162205182015,1,0.06190720688581186
23,json_l_fast_01,115,1.15,106.99506424778414,103.07522814900018,77.07438986827313,114.75039347053792,0.495,0.99,121.21212121212122,3.731928064707129,22.222222222222232,16.16877527993966,1,0.015611922850306659
23,json_l_fast_02,118,1.18,103.72634202400155,103.00373678048096,86.47971911630607,121.97032610080102,0.39,0.78,153.84615384615384,0.6990808959193624,1.2903225806451624,19.518036244706536,-1,-0.04129929789162767
23,json_l_fast_03,117,1.17,96.25070027959424,103.48132972656992,84.79534969476778,99.18060258370572,0.58,1.16,103.44827586206895,7.240330403443584,,20.617083169314487,-1,-0.020615289822700444
23,json_l_fast_04,119,1.19,101.40735462271816,100.19348454605084,94.82954019077484,105.77404150052794,0.7,1.4,85.71428571428572,1.2042311745053011,25.71428571428572,19.51909040094572,-1,-0.07202727800873565
23,json_l_fast_05,121,1.21,101.02756561123606,94.50430996038568,120.673106809886,150.38717042340008,0.48,0.96,125.0,6.672319417772855,13.333333333333334,7.738829427578745,-1,-0.009680006878788783
23,json_l_fast_06,120,1.2,98.85953123613288,99.63343224308404,93.00676639312144,120.47765355011973,0.38,0.76,157.89473684210526,0.7797767672829456,37.9746835443038,16.19555610067483,-1,-0.03404536415737869
23,json_l_fast_07,105,1.05,111.28207105964444,94.61070880243165,85.89160754134394,123.22824583639417,0.55,1.1,109.09090909090908,16.194217464430427,32.72727272727272,14.446465277281105,-1,-0.013655873982002076
23,json_l_fast_08,118,1.18,74.48115970892593,106.62074496746956,92.05030205252632,116.1681519996591,0.7050000000000001,1.41,85.1063829787234,35.49337078036005,9.92907801418439,12.293673286561493,-1,-0.05025621768183197
23,json_l_fast_09,118,1.18,82.5424291784161,102.23114466576943,98.956463760489,107.17379732340832,0.58,1.16,103.44827586206895,21.311181115061725,55.7377049180328,14.040264269873653,-1,-0.034154084435845
23,json_l_fast_10,116,1.16,114.119436496985,114.3153037710307,81.17892978340477,101.920866488566,0.415,0.8300000000000001,144.57831325301203,0.1714864156090313,5.847953216374249,14.041449307001614,-1,-0.028528712715792492
23,json_l_fast_11,115,1.15,115.8475204402567,113.04753087416174,116.77582310643766,106.87772280032976,0.57,1.14,105.26315789473684,2.446526956363769,29.126213592233015,7.115496230947509,-1,-0.014823753886845759
23,json_l_slow_01,128,1.28,96.51239085293658,96.81941264932703,97.7980554782173,138.87648647914318,0.43,0.86,139.53488372093022,0.3176112681190227,,7.373554542809559,1,0.020757547184635627
23,json_l_slow_02,131,1.31,88.21123664046922,83.60704344942133,107.14347630331618,112.17535621465154,0.32,0.64,187.5,5.35937525231787,,12.338807610635367,-1,-0.025955996358753675
23,json_l_slow_03,127,1.27,88.53642368715818,78.51418971254402,88.22141549229991,91.4931499982733,0.8,1.6,75.0,11.999038819012226,22.500000000000007,15.233375828656383,-1,-0.07874625046433059
23,json_l_slow_04,127,1.27,88.35754151535913,77.99679509136107,96.41607418562108,90.56778140401676,0.34,0.68,176.47058823529412,12.456238455017855,,15.246861319993164,1,0.008054097027610008
23,json_l_slow_05,127,1.27,88.9698147798905,79.28334621468852,100.64603294371086,99.09366189077454,0.35,0.7,171.42857142857144,11.514159386894452,38.96103896103895,15.603963912016075,-1,-0.01692541994961283
23,json_l_slow_06,128,1.28,87.76291308395903,81.61161857731051,97.5607729265727,118.34005990900732,0.36,0.72,166.66666666666669,7.263541273076922,52.84974093264248,13.7739209946713,-1,-0.026179050194744535
23,json_l_slow_07,130,1.3,86.25468757714597,81.23210672408544,94.90808725628604,86.7504984293208,,,,5.997584315844303,,14.016647693192098,1,0.06729461259803776
23,json_l_slow_08,127,1.27,89.31607976395237,83.5450260017724,97.12772883729988,116.21715265305848,0.345,0.69,173.91304347826087,6.67709920819478,28.205128205128226,8.36716200557452,1,0.012296830532717629
23,json_l_slow_09,127,1.27,88.94151575671366,82.01289841422596,95.16460533058302,92.31451228812944,0.35,0.7,171.42857142857144,8.105806891373604,1.4388489208633108,14.083604053481036,-1,-0.0019072619962159365
23,json_l_slow_10,127,1.27,88.39646905489799,81.97253136334709,84.52978691325258,87.17108946367962,0.3349999999999999,0.6699999999999999,179.10447761194033,7.541204885607762,,15.755562061186014,1,0.005500302840941884
23,json_r_comf_01,118,1.18,57.6692858184496,53.65638571860964,77.46419562115037,74.06379088026378,0.38,0.76,157.89473684210526,7.209298707897932,,5.718363552911315,1,0.09777788903667717
23,json_r_comf_02,118,1.18,74.87803679452325,69.17503846741882,91.07654919026392,88.98413278539549,0.5900000000000001,1.1800000000000002,101.69491525423727,7.917912639815938,10.169491525423718,6.339187175165936,1,0.08726508042333964
23,json_r_comf_03,119,1.19,69.3816121253598,65.43075574465743,91.03475069975262,93.44084118199837,0.76,1.52,78.94736842105263,5.861266949204068,5.263157894736847,6.166818936219166,-1,-0.009805457781234872
23,json_r_comf_04,119,1.19,75.47366321174012,67.52307185031138,87.2964933172248,104.48065446182169,0.36,0.72,166.66666666666669,11.11996208581781,14.193548387096785,5.826701424336838,1,0.05967242372282916
23,json_r_comf_05,120,1.2,75.16003972118644,71.12682901774802,91.53537087627788,110.76724608887368,0.655,1.31,91.6030534351145,5.51411174250525,38.167938931297705,4.434022253540977,1,0.03883053020135091
23,json_r_comf_06,119,1.19,76.88046228598725,73.42833150173861,86.75138320506596,93.56937957917076,0.565,1.13,106.19469026548674,4.593384987340025,19.469026548672566,4.751789625732137,1,0.09974274924213594
23,json_r_comf_07,120,1.2,64.45834001117544,72.51850281895324,94.03106785968971,107.82277742571624,0.345,0.69,173.91304347826087,11.76865029335445,17.21854304635763,4.630300989297063,1,0.049371586580811144
23,json_r_comf_08,120,1.2,89.88507899912344,63.5182695201822,90.91025519667126,93.36741847543048,0.775,1.55,77.41935483870968,34.37579392293774,6.451612903225811,7.220626295503303,-1,-0.034133387380640756
23,json_r_comf_09,118,1.18,89.96958511984708,72.95186416600913,96.1390194907422,116.18982044601007,0.565,1.13,106.19469026548674,20.89070656863512,30.08849557522125,8.924509867209977,1,0.05222287586861257
23,json_r_comf_10,120,1.2,90.72356709336266,59.29535217909634,96.63926649817904,99.93120268001968,0.39,0.78,153.84615384615384,41.89900189480437,66.66666666666666,7.233105911509144,1,0.002629067365966742
23,json_r_fast_01,114,1.14,114.64581074227146,111.50260313843076,87.9495332034225,100.19510823884238,0.4,0.8,150.0,2.779774175642737,,8.843763223625798,1,0.007451793787992322
23,json_r_fast_02,113,1.13,116.22320811301266,101.40191415499056,103.31437666560932,94.98164591644934,0.54,1.08,111.1111111111111,13.620940269726594,63.85964912280701,5.55582832943847,-1,-0.034957210275994965
23,json_r_fast_03,115,1.15,111.40249636973314,103.75571060322552,87.21451972089172,108.30911498488528,,,,7.108058645858371,,6.082200084282993,1,0.04945579037278147
23,json_r_fast_04,114,1.14,116.32455175498016,104.829236839028,88.40415589757937,86.39384943783293,0.5,1.0,120.0,10.395765760138204,20.000000000000007,4.832628356146209,1,0.02486721363836225
23,json_r_fast_05,115,1.15,113.00528543796496,103.08010082835004,89.46851392609135,105.66261660582325,0.675,1.35,88.88888888888889,9.186354321418673,1.4814814814814827,4.651829917281389,-1,-0.014736844480680134
23,json_r_fast_06,118,1.18,114.98524176848638,97.66559532620036,88.20966429322361,88.43609346882272,0.66,1.32,90.9090909090909,16.28928122636464,6.060606060606066,6.487384988266772,1,0.007428298126665234
23,json_r_fast_07,118,1.18,116.69688037969276,95.2990202702734,87.03716605353698,90.40983564594254,0.525,1.05,114.28571428571428,20.18705082863854,24.761904761904752,6.449090719908083,1,0.028427506278753012
23,json_r_fast_08,115,1.15,110.97942555508456,98.96297563752532,101.61064686477948,107.0573374956048,0.37,0.74,162.16216216216216,11.447377803909989,45.83333333333333,6.586730195195071,-1,-0.013174699261226941
23,json_r_fast_09,118,1.18,115.64390714926316,100.21987415170328,104.3233889252219,103.2371652217546,0.35,0.7,171.42857142857144,14.290524241354827,0.0,5.414400665063605,-1,-0.02368897665669223
23,json_r_fast_10,117,1.17,114.38308118039784,102.16768548717263,89.98703145076115,104.39137733264228,0.66,1.32,90.9090909090909,11.281784757638096,3.030303030303033,14.090708620925612,-1,-0.029208718278908585
23,json_r_slow_01,120,1.2,112.65512826714448,105.51958903161528,96.88874193976795,102.5055760204754,0.6,1.2,100.0,6.541123851447986,10.000000000000009,6.626788699385957,1,0.02478550184254974
23,json_r_slow_02,128,1.28,98.47420148073547,97.94184127842986,90.747599493672,93.90837046703756,0.47,0.94,127.65957446808513,0.5420740534502695,66.66666666666667,10.721400837986018,-1,-0.009707798133682166
23,json_r_slow_03,122,1.22,51.19190728809831,101.68494374816568,88.71896877765616,119.5044921686637,0.4,0.8,150.0,66.05713830158615,20.000000000000004,5.493500543508423,-1,-0.003416052705245143
23,json_r_slow_04,122,1.22,83.42736869535187,64.03119223643702,90.21051982037756,85.54462755886543,0.4,0.8,150.0,26.30729112823378,67.9245283018868,3.7984248802370577,1,0.04047793639904368
23,json_r_slow_05,125,1.25,85.38597537698084,68.36449792581045,88.47653234946111,115.78802829158712,0.67,1.34,89.55223880597015,22.1416911252674,2.985074626865674,4.049918564300297,1,0.035541979022092385
23,json_r_slow_06,123,1.23,82.51176560884998,68.29413728940665,95.629340280641,126.71819319859696,0.725,1.45,82.75862068965517,18.85553290183271,4.137931034482762,3.886206356819761,-1,-0.012866027633331112
23,json_r_slow_07,124,1.24,88.68155751360138,69.45695116841534,99.73416192438884,100.95190294910113,0.645,1.29,93.02325581395348,24.31363050709258,20.155038759689923,4.994758483997073,1,0.050716906102663994
23,json_r_slow_08,124,1.24,84.07089289509722,76.85407549737447,71.15174817446643,101.71500384672116,0.53,1.06,113.20754716981132,8.969170502021816,56.41025641025641,6.000434268509819,1,0.05301872310172118
23,json_r_slow_09,128,1.28,90.22301061137216,63.50418579772855,88.29113672528705,121.02089599976864,0.3299999999999999,0.6599999999999999,181.81818181818184,34.761350545337635,1.503759398496242,5.687727677532818,-1,-0.0032134686339738705
23,json_r_slow_10,126,1.26,93.29081669217292,64.120414718042,101.4207260286856,122.98886990001104,0.72,1.44,83.33333333333334,37.06266917906591,0.0,4.671602531471734,-1,-0.033927498687839175
22,json_l_comf_01,108,1.08,90.59713553110872,84.37465140727693,119.5373605578996,113.0092664442982,0.39,0.78,153.84615384615384,7.112557095873941,41.75824175824177,0.8193049070248287,1,0.001895279329097388
22,json_l_comf_02,108,1.08,86.21059268826394,82.13167333313955,81.55878111387518,119.995455598897,0.48,0.96,125.0,4.845983663551011,26.666666666666668,1.538429907988197,1,0.06816322139714515
22,json_l_comf_03,107,1.07,112.05647606382952,95.11772995643564,97.29699983893843,126.97666250363864,0.625,1.25,96.0,16.35217668529352,4.800000000000004,1.653859428817438,1,0.009996701146383624
22,json_l_comf_04,108,1.08,83.21312981562511,64.72602498727095,92.69868439550898,107.27363058808832,0.315,0.63,190.47619047619048,24.992849057418383,4.651162790697661,3.747693124492016,1,0.0004590543986824347
22,json_l_comf_05,109,1.09,86.53398270362591,65.80028986706364,96.1712067336115,111.9601266093417,0.53,1.06,113.20754716981132,27.22131072236677,23.834196891191706,5.076363511013863,1,0.06985411467283298
22,json_l_comf_06,107,1.07,83.3647774447037,66.62270061032498,106.3391865694499,120.4882959281914,0.46,0.92,130.43478260869566,22.324632764658187,13.95348837209302,3.2949987961487706,1,0.05799840163813674
22,json_l_comf_07,108,1.08,75.64099907289527,60.16384446736531,75.0523164509774,93.32979357298106,0.585,1.17,102.56410256410255,22.79322916924037,18.803418803418804,15.736012030870196,1,0.051379800995714875
22,json_l_comf_08,108,1.08,79.89131867671098,65.73229766614355,79.4897782988154,99.68015094341844,0.39,0.78,153.84615384615384,19.44605053239661,27.87878787878788,4.018388434022786,1,0.0794761132611681
22,json_l_comf_09,107,1.07,83.28333249435346,64.22732538011557,80.48653214163015,107.28737622710216,0.53,1.06,113.20754716981132,25.83678683130065,0.0,13.60880810323919,1,0.04527948046442315
22,json_l_comf_10,108,1.08,83.11798195282276,62.88074514329499,82.83511396143984,115.6050364385644,0.32,0.64,187.5,27.72248390385576,19.71830985915493,3.2813191973424285,1,0.009708888717870567
22,json_l_fast_01,101,1.01,56.929387995812434,60.51691826194372,65.62985261273099,93.20932111097028,0.38,0.76,157.89473684210526,6.109226216544995,2.5974025974026,2.4487420754817,1,0.08151679159499797
22,json_l_fast_02,104,1.04,65.63573404317384,62.60994864595307,90.64388755853736,90.88442673661382,0.47,0.94,127.6595744680851,4.7187325667023154,34.04255319148937,2.330144998207729,1,0.10728600906025149
22,json_l_fast_03,103,1.03,54.60021632482993,63.48703098884495,54.37095837948216,101.21039955059106,0.4,0.8,150.0,15.05126906787656,6.369426751592362,3.201020617335945,1,0.08411735967571426
22,json_l_fast_04,103,1.03,59.20972919405011,60.19236152733059,58.80970926828141,92.25501947127174,0.44,0.88,136.36363636363637,1.6459214865398044,4.651162790697665,4.0404655034034045,1,0.10065253186459244
22,json_l_fast_05,102,1.02,52.634002709183406,58.34152201212726,49.3846991204108,97.25257673900023,0.4,0.8,150.0,10.286086625455413,4.878048780487795,5.571385372852449,1,0.07655187686613302
22,json_l_fast_06,103,1.03,61.7110822104618,59.344498987796456,57.11314776287514,104.44507630709955,0.59,1.18,101.69491525423727,3.909911792979589,,2.3635389118027503,1,0.08979937667050097
22,json_l_fast_07,103,1.03,63.20198865133192,84.20752452121172,59.357014232425655,92.98169767020094,0.57,1.14,105.26315789473684,28.499566164759948,0.0,2.373614275098583,1,0.06118475663802647
22,json_l_fast_08,103,1.03,78.62330678818367,74.17192842443494,101.67000788260756,116.2860624128538,0.44,0.88,136.36363636363637,5.8265931624824825,19.512195121951223,3.1876329580857448,1,0.0730214431806212
22,json_l_fast_09,103,1.03,55.6464870528076,77.6364567931546,70.50173583574374,106.690889409121,0.68,1.36,88.23529411764706,32.99742503551129,,11.96667670676404,1,0.02180709733835512
22,json_l_fast_10,104,1.04,55.63002568170873,71.61125029878899,73.58799955982482,104.54043427624138,0.495,0.99,121.21212121212122,25.1195604475543,18.181818181818187,12.000962555771546,1,0.08345104455543984
22,json_l_slow_01,111,1.11,81.14773653235966,77.5028897650143,88.6671821302426,87.52284483070292,0.52,1.04,115.3846153846154,4.594809175872364,15.384615384615396,5.52235470758094,1,0.09579816263082891
22,json_l_slow_02,112,1.12,82.55740234606179,77.08596132188414,83.22592288403575,82.75700224978296,0.375,0.75,160.0,6.854579981862704,23.99999999999999,14.040572996797316,1,0.04131936233196043
22,json_l_slow_03,112,1.12,81.22987127802847,78.28594055865719,79.4440158686867,81.49765457211029,0.425,0.85,141.1764705882353,3.691083266886815,7.058823529411772,15.399748379218872,1,0.04598240046185231
22,json_l_slow_04,112,1.12,83.04326783749853,77.82899646681733,81.97644995103298,83.89341044654806,0.48,0.96,125.0,6.482498885970259,20.83333333333334,14.016639564430534,1,0.0680942683960814
22,json_l_slow_05,112,1.12,78.79387982684557,75.517766373969,86.88355162466289,96.03278275404676,0.55,1.1,109.09090909090908,4.246100062484174,32.72727272727272,12.32826604419932,1,0.05464645848199812
22,json_l_slow_06,110,1.1,57.17396790550956,72.76021621074092,77.76701889629001,82.67026677995953,,,,23.990989609457262,,17.7689045348713,1,0.061468840235257394
22,json_l_slow_07,110,1.1,62.86605045340356,75.15636150853769,86.00028444824476,95.0083800783039,0.48,0.96,125.0,17.809152702711927,12.5,15.708249685906804,1,0.06690951767177639
22,json_l_slow_08,109,1.09,61.875249160960834,71.62304518443393,76.11091779829344,90.67031245386134,0.56,1.12,107.14285714285714,14.603626317880916,,14.057387509572743,1,0.06670146504331065
22,json_l_slow_10,108,1.08,83.37891059398076,59.648509362288735,78.69689126313307,86.85159000457847,,,,33.18300957809009,,14.428112559197093,1,0.07521868308063939
22,json_l_slow_11,109,1.09,79.8104801354244,60.28953317092302,79.82427797504572,96.70957238220136,0.32,0.64,187.5,27.867159329694303,,12.735737453644193,1,0.0036327403594248464
22,json_r_comf_01,108,1.08,68.74111230480557,81.56798469385305,87.05891507497302,96.32061153451158,0.455,0.91,131.86813186813183,17.067326788826293,37.36263736263737,0.8655646336202607,1,0.07397632763031048
22,json_r_comf_02,109,1.09,67.5723147702432,84.49221835829695,91.89288313909468,89.69774924107934,0.46,0.92,130.43478260869566,22.253583054440924,,2.4066137925504507,1,0.09553739376101139
22,json_r_comf_03,109,1.09,78.04182769231463,83.58299032894632,99.0734738507552,96.53300940833016,0.34,0.68,176.47058823529412,6.856821501141964,58.06451612903225,1.621595616807959,1,0.0033440539085286547
22,json_r_comf_04,107,1.07,79.63701823580521,84.94475228321373,85.69811052935403,96.56760072569764,0.6,1.2,100.0,6.44996591137675,40.0,2.3674565937851946,1,0.052835169904826285
22,json_r_comf_05,109,1.09,76.13228391084678,83.13942659167732,70.3528403944094,99.97287187113398,0.5549999999999999,1.11,108.10810810810813,8.798979628864464,66.66666666666667,3.210008530781196,1,0.025013038149425515
22,json_r_comf_06,109,1.09,72.95141415332193,82.51886345588458,80.5054981349806,96.15857617431176,0.4549999999999999,0.91,131.86813186813188,12.307753545808415,6.593406593406588,1.644742940949769,1,0.09147009755316465
22,json_r_comf_07,107,1.07,76.3981373714287,81.33107532785371,91.00470149383676,91.45268116629438,0.54,1.08,111.1111111111111,6.254945259670912,29.629629629629623,1.7071114031943952,1,0.08254154290652921
22,json_r_comf_08,108,1.08,71.00467595541853,83.20585431782597,95.48834379971616,89.24494456406487,0.4449999999999999,0.8899999999999999,134.8314606741573,15.824053442768474,2.4948832014048463e-14,2.0440501695823734,1,0.07769860214490037
22,json_r_comf_09,107,1.07,72.18076164100681,81.93715316549992,85.21981632850567,91.37665100943056,0.38,0.76,157.89473684210526,12.660944104703397,8.805031446540875,2.4808909275929945,1,0.0728942173111678
22,json_r_comf_10,108,1.08,80.80230019286816,80.48135293174755,72.95808302874204,99.98056601837138,,,,0.3979910609696179,,4.75448029234886,1,0.10104361222013852
22,json_r_comf_11,109,1.09,75.70408756335954,79.06007300122111,77.13558213887487,99.74662046561498,0.465,0.93,129.03225806451613,4.3369025821209775,,2.4326888134155604,1,0.10495586378391797
22,json_r_fast_01,104,1.04,112.5371730953527,112.91678019584968,101.76679578303884,115.82605330065276,0.44,0.88,136.36363636363637,0.3367491187938126,34.34343434343433,3.638820330964856,-1,-0.008348997178481032
22,json_r_fast_02,105,1.05,111.5420232381016,112.99026374232756,82.37049668568271,114.70106181271603,0.31,0.62,193.5483870967742,1.2900064607208874,,5.007620381727344,-1,-0.055746189657398304
22,json_r_fast_03,103,1.03,110.54687040910774,115.25880721591264,95.50551821178084,114.1902424823738,0.51,1.02,117.6470588235294,4.173444048319885,7.843137254901968,4.1742822214726,1,0.013804358882635037
22,json_r_fast_05,104,1.04,113.21679386849584,118.66938291459226,95.00050290668926,102.47508713391233,0.55,1.1,109.09090909090908,4.70281508086349,,4.029288111206045,1,0.017946725963033594
22,json_r_fast_06,103,1.03,106.7552160835752,112.47914433798373,92.86996140154308,102.09881593342584,0.55,1.1,109.09090909090908,5.221743748016649,,11.960865331359564,1,0.007391653852244273
22,json_r_fast_07,105,1.05,106.1492058321814,112.52325317714316,90.45775579989858,96.86957917742195,0.395,0.79,151.89873417721518,5.829766925234914,48.10126582278481,4.144010113553168,1,0.0024187449111843784
22,json_r_fast_08,104,1.04,106.35436068785252,110.25112154272011,90.34463057035688,99.44395807096714,0.615,1.23,97.5609756097561,3.5980260653971468,43.90243902439025,13.496888063474827,-1,-0.0364452444633504
22,json_r_fast_09,105,1.05,105.64903391774162,109.98536297035622,90.5269795270844,103.80872754386628,0.54,1.08,111.1111111111111,4.021927035012799,,4.852836060366199,1,0.038905721750555955
22,json_r_fast_10,103,1.03,108.11428951501328,108.07079660679928,89.44775158627216,99.93892304726204,0.405,0.81,148.14814814814815,0.0402367332494758,27.160493827160504,13.51560456616523,-1,-0.011508694911198103
22,json_r_fast_11,101,1.01,111.0715078934488,113.6446023524018,103.09734482182256,101.83672595961062,0.56,1.12,107.14285714285714,2.290084548133097,,13.503447263589385,-1,-0.017000365097005532
22,json_r_slow_01,115,1.15,102.62613487857368,97.06804639876898,90.09900320072096,93.85090806967976,0.44,0.88,136.36363636363637,5.566600332821332,6.741573033707871,4.045873772333196,1,0.053938031006864784
22,json_r_slow_02,120,1.2,104.73600814652428,99.62533474258846,74.16809305340819,96.67734500302556,0.51,1.02,117.6470588235294,5.001604835518126,0.0,5.0964218364273925,1,0.05050413757425881
22,json_r_slow_03,120,1.2,95.9871999209484,95.14639588973492,80.92971744668004,93.12299950383564,0.3349999999999999,0.6699999999999999,179.10447761194033,0.8798076838844235,8.955223880597007,4.734199760609561,1,0.027135089039953875
22,json_r_slow_04,118,1.18,98.14512210625298,90.44308940271613,88.54632602637851,93.80756223391828,0.5800000000000001,1.16,103.44827586206895,8.168095600366378,10.344827586206886,5.416284259618605,1,0.06426999496491814
22,json_r_slow_05,115,1.15,92.1342470540153,103.81464145927818,75.73229621782302,89.54277049870088,0.4449999999999999,0.8899999999999999,134.8314606741573,11.921878704068748,15.730337078651688,4.171076818059946,1,0.06150961664122023
22,json_r_slow_06,115,1.15,96.45642224487236,95.64361253554512,75.46710681579309,88.6544913835565,0.5700000000000001,1.14,105.26315789473684,0.8462358794014101,28.070175438596497,4.904373449366183,1,0.06022929292203105
22,json_r_slow_07,115,1.15,97.16821435632872,96.43023327235952,72.99814855530867,90.06698259875914,0.4,0.8,150.0,0.7623832659904506,25.000000000000007,4.912532301279592,1,0.054233068886485214
22,json_r_slow_08,106,1.06,94.77980799546982,98.3190733891209,113.05992899442997,84.3715138016643,0.49,0.98,122.44897959183672,3.665754424130508,20.40816326530613,4.479724395257403,1,0.045578822095417026
22,json_r_slow_09,111,1.11,93.15015385883368,97.24189823018104,70.56955017346256,95.18186279646604,0.41,0.8200000000000001,146.34146341463415,4.298230232251864,19.512195121951223,3.9346459924523423,1,0.05932029135282485
22,json_r_slow_10,109,1.09,92.08914190789022,95.26966335332722,69.05941096702928,91.56392231589687,0.4,0.8,150.0,3.395112859523929,47.05882352941176,5.651575861654081,1,0.03988626151924207
22,json_r_slow_11,113,1.13,94.57683177321292,95.66455939679966,71.68658786897969,94.315949332029,,,,1.1435236221697695,,4.200157851921583,1,0.0821159474397552
21,json_l_comf_01,117,1.17,92.09675629333374,80.21080744804031,95.76453989025951,92.0277931364848,,,,13.796200917951234,,15.278482184109398,1,0.05983026899795252
21,json_l_comf_02,118,1.18,89.97318892339423,81.50380905988617,87.23891728397989,90.02993699271772,0.6799999999999999,1.36,88.23529411764707,9.8781527121601,20.58823529411765,14.31920356090869,1,0.011906765275796316
21,json_l_comf_03,118,1.18,92.36624957324746,76.4681650358909,115.31859819239016,120.71793554595244,0.675,1.35,88.88888888888889,18.832753469322657,10.370370370370363,3.350265360173024,1,0.00166899346424626
21,json_l_comf_04,120,1.2,93.28333644459497,79.0619973519695,98.42302211451198,102.7294961738691,0.485,0.97,123.71134020618555,16.503306215893552,18.55670103092784,14.463501051581876,1,0.04825129563935593
21,json_l_comf_05,122,1.22,92.87292644169035,81.69618553902424,97.25484209393406,121.30016004733876,0.61,1.22,98.36065573770492,12.8049467352516,0.0,14.078094126657671,1,0.006432814640765339
21,json_l_comf_06,120,1.2,95.17049947117395,81.8527684903481,108.9872193234902,99.80866096937376,0.59,1.18,101.69491525423727,15.046305645787324,0.0,14.040653528374431,1,0.012316845455124792
21,json_l_comf_07,121,1.21,91.29205884632772,82.60696311707564,77.51052620278243,111.90359587179384,,,,9.988665411907672,,15.750712186031636,1,0.053645043808834225
21,json_l_comf_08,120,1.2,95.85007501890507,79.68881717641179,125.52758690343742,118.50194830817875,0.66,1.32,90.9090909090909,18.41330731939581,33.33333333333333,2.535288219402512,-1,-0.015804415429117036
21,json_l_comf_09,121,1.21,95.55579901186044,80.05526216631708,108.09931766053796,123.81976743330507,0.63,1.26,95.23809523809524,17.653257991324683,0.0,2.5650522329372483,1,0.01456426236600239
21,json_l_comf_10,119,1.19,88.75854163050319,79.13009719343856,104.28789130960548,118.15264498109948,,,,11.470036929850393,,14.56325814981073,1,0.04016989826478312
21,json_l_fast_01,114,1.14,79.56303820607278,47.47057661129698,104.21325924731894,132.26389126346723,0.595,1.19,100.8403361344538,50.5259362113148,5.042016806722694,11.66366345285791,-1,-0.0030551372230079865
21,json_l_fast_02,113,1.13,70.39464415440416,55.1747308084742,94.48294484769336,128.12186711269618,0.46,0.92,130.43478260869566,24.241441594225307,0.0,14.924970703304696,1,0.01978468984532583
21,json_l_fast_03,115,1.15,77.3646625738065,54.94044717645016,103.69345343611376,143.90757339441873,0.645,1.29,93.02325581395348,33.89773144768935,4.651162790697678,13.973211486013556,-1,-0.025084944920838792
21,json_l_fast_04,115,1.15,72.30523097728205,53.29310578466054,125.1421314571948,151.75338968575664,0.38,0.76,157.89473684210526,30.27448560669532,62.91079812206573,1.7396354931834528,-1,-0.04716083281208083
21,json_l_fast_05,119,1.19,73.5559821187889,59.68492900280695,95.2116468992146,146.4575416225802,0.38,0.76,157.89473684210526,20.821012103892336,66.66666666666667,2.4848867114160664,-1,-0.004796085177333986
21,json_l_fast_06,116,1.16,84.29015273029916,54.96623975363522,117.605979641383,127.53781613092048,0.515,1.03,116.50485436893204,42.11499731338646,29.126213592233004,5.005465004760835,1,0.01963449502265041
21,json_l_fast_07,120,1.2,83.38527857584369,56.57545753390531,107.65641207275186,131.47044013841276,0.65,1.3,92.3076923076923,38.31048876581456,9.23076923076924,12.69249950700575,-1,-0.012223088310162833
21,json_l_fast_08,112,1.12,77.76133600721582,51.924365356865295,117.88413590473552,127.62433679075346,0.4599999999999999,0.92,130.43478260869566,39.84551940358562,17.391304347826093,12.630723477294914,1,0.006607749078503922
21,json_l_fast_09,114,1.14,80.23677919964071,56.83851596160832,118.2766046722876,125.78142879957144,0.585,1.17,102.56410256410255,34.13928558097614,63.24786324786326,4.210860141396866,-1,-0.02057260726971355
21,json_l_fast_10,115,1.15,86.0249258299973,59.74645522247749,104.4352986476588,134.64454885023548,0.48,0.96,125.0,36.054361861413774,25.00000000000001,3.812890744595776,1,0.037813798298937995
21,json_l_slow_01,142,1.42,72.830779367954,27.772981030411245,64.18483198483827,36.00256826281566,0.8049999999999999,1.61,74.53416149068323,89.57477962876409,3.726708074534151,11.059530855122883,-1,-0.09748532106044894
21,json_l_slow_02,146,1.46,73.99984349281632,31.94826379283927,62.076230463656245,31.34549252589838,0.51,1.02,117.6470588235294,79.38146471384951,52.459016393442624,11.305189247443089,-1,-0.034649473243503315
21,json_l_slow_03,147,1.47,82.86198239698611,32.903922635515045,89.79311549077327,67.97522109509987,0.66,1.32,90.9090909090909,86.30876206158521,33.33333333333333,13.127401594161444,-1,-0.050682755040992844
21,json_l_slow_04,154,1.54,79.95524587682375,34.21342436057648,79.4880706711383,45.88788434570452,0.5449999999999999,1.09,110.09174311926608,80.13025188281964,71.55963302752295,7.399139031083687,-1,-0.03953386076838539
21,json_l_slow_05,154,1.54,48.269355868274616,38.37462764464394,85.8319448467211,56.320213947396745,0.75,1.5,80.0,22.839966082943043,8.000000000000007,9.182500661435174,-1,-0.03209520158202617
21,json_l_slow_06,154,1.54,54.446921675393,40.7429688948188,88.06016488717361,63.68734136362792,0.675,1.35,88.88888888888889,28.792874324119957,22.222222222222225,9.49624169867506,1,0.027367568384361773
21,json_l_slow_07,147,1.47,53.13160046638427,38.53160863740186,92.67356800949622,68.63363522842778,0.7,1.4,85.71428571428572,31.85572918890827,36.8231046931408,7.661346296034632,1,2.1360878968201824e-05
21,json_l_slow_08,154,1.54,50.92357176531512,30.3540361051289,93.0582139485767,54.53322420409931,0.615,1.23,97.5609756097561,50.61550456301303,8.130081300813014,7.401742558992193,1,0.03306982482073617
21,json_l_slow_09,159,1.59,62.62041048757183,49.13599051630088,90.07746441245622,57.13813155877056,0.715,1.43,83.91608391608392,24.131807843031154,29.370629370629363,7.647747249919557,1,0.024642001253721124
21,json_l_slow_10,155,1.55,61.63062353080133,37.6864845660738,84.92278045417122,67.34029349823047,0.66,1.32,90.9090909090909,48.21755168580245,43.35664335664335,5.650292873863569,1,0.013831617440274502
21,json_l_slow_11,142,1.42,44.43456404239298,43.30565652764679,80.61347662476797,71.52643585738645,0.84,1.68,71.42857142857143,2.573295365367867,,11.727129666032363,-1,-0.07668175223953899
21,json_r_comf_01,123,1.23,93.74811585298252,75.46287967382077,70.2759520796973,86.04967685668501,0.53,1.06,113.20754716981132,21.61234986205769,11.320754716981142,14.806463665995077,1,0.05293464451010377
21,json_r_comf_02,124,1.24,88.43981816103812,54.97683241332732,92.52488629833552,78.4698326098893,0.38,0.76,157.89473684210526,46.66541243808973,,15.905075283273302,1,0.017328074343542443
21,json_r_comf_03,122,1.22,89.10680432589751,56.19333173752104,92.2882473144548,77.34618709968728,0.55,1.1,109.09090909090908,45.30411805534837,16.748768472906406,2.6071506993560014,1,0.07864654192701259
21,json_r_comf_04,120,1.2,87.57926455754487,65.20316917978211,90.9810409857588,95.9950513501251,0.53,1.06,113.20754716981132,29.291450372145704,0.0,14.272279447669256,1,0.04283853572512186
21,json_r_comf_05,122,1.22,89.82272120061907,54.92648731066716,91.32186573103068,107.01166707631444,,,,48.21613084983608,,16.085848565272215,1,0.03642649547758425
21,json_r_comf_06,120,1.2,91.88741687669469,71.31451072173346,76.08584911692071,67.31088539412808,,,,25.211597016896235,,12.570265846300188,1,0.07729794024946623
21,json_r_comf_07,122,1.22,92.02792709795692,68.44998223362433,80.50211495858963,63.70943192644782,0.41,0.82,146.34146341463415,29.38466105713725,,23.024432452373453,-1,-0.0021536895628182506
21,json_r_comf_08,120,1.2,88.67740853560105,60.820676953788364,91.7040529930286,80.72910913923768,,,,37.26700778892557,,16.085940933078966,1,0.05436875552675785
21,json_r_comf_09,118,1.18,89.94026484578006,70.86050035863605,87.97973830697781,76.75855093463646,0.65,1.3,92.3076923076923,23.73093742792715,0.0,16.145073169204615,1,0.009878052886068356
21,json_r_comf_10,120,1.2,87.38365007798195,63.661985591941615,93.85292981173488,68.05405481811805,,,,31.40993035757581,,15.085862238632089,1,0.05494931536391112
21,json_r_fast_01,118,1.18,84.94187378500479,55.80767360673062,122.22182467423671,84.46510053670376,0.47,0.94,127.65957446808513,41.398641371382325,14.689265536723164,4.290175934769776,1,0.04867336111943232
21,json_r_fast_02,117,1.17,54.85404850838552,53.56089269233648,113.3151794182273,89.41286344667995,0.54,1.08,111.1111111111111,2.385567527366652,29.10798122065728,2.690725039230411,1,0.07798803041162983
21,json_r_fast_03,117,1.17,53.02369267309727,57.316934756862736,107.6651416206795,88.30924559602784,0.54,1.08,111.1111111111111,7.781797482510508,24.489795918367346,1.7356658250922838,1,0.09050748736832215
21,json_r_fast_04,113,1.13,80.37820361859126,55.349373664268896,117.23150568251629,104.1469592844221,0.35,0.7,171.42857142857144,36.88097946692376,75.59808612440192,1.940603665103448,-1,-0.03977071436873547
21,json_r_fast_05,115,1.15,81.08265304357592,54.0352090477526,120.173279157842,87.47104088734018,0.4549999999999999,0.91,131.86813186813188,40.03533445125335,12.429378531073445,3.567158478397868,1,0.05411797094947818
21,json_r_fast_06,116,1.16,83.48579062234563,49.81081389721378,96.54848592380588,105.81275545697058,0.32,0.64,187.5,50.52638339364529,0.0,4.851467914458072,-1,-0.015956083939872023
21,json_r_fast_07,113,1.13,79.5864482487153,54.36124560863424,118.75865945767438,116.04269954674828,0.565,1.13,106.19469026548674,37.66425820954437,1.7699115044247606,2.6336062280312404,1,0.02139935596467607
21,json_r_fast_08,112,1.12,79.07187104028515,50.655566243551135,118.71639519900462,104.50452776079452,0.47,0.94,127.65957446808513,43.80924404536065,42.553191489361694,3.1279273799391047,1,0.03489556809963823
21,json_r_fast_09,113,1.13,75.20856744039473,52.12248287857827,122.01721052460634,96.7544613190249,0.5700000000000001,1.14,105.26315789473684,36.2615159522901,7.017543859649108,2.7827189799886103,1,0.0390799876013051
21,json_r_fast_10,113,1.13,74.32651302451012,51.6271438912007,114.0392212174084,104.22074690103764,0.44,0.88,136.36363636363637,36.04400172120451,4.444444444444448,1.7863628083004637,1,0.04041831229093101
21,json_r_slow_01,145,1.45,99.73707202292148,78.46956152630467,84.74987103512824,92.64991069837104,0.36,0.72,166.66666666666669,23.868371309244285,,15.990560644954677,1,0.01993352250062963
21,json_r_slow_02,141,1.41,94.93919068225208,80.50850469170364,80.46457434634279,85.8970044145035,0.3,0.6,200.0,16.45012886580283,,22.09156504281816,-1,-0.08295531754457408
21,json_r_slow_03,142,1.42,93.15238512341708,79.87477829036447,88.21827127194469,88.36558031855094,,,,15.347424729260814,,22.45689926054629,1,0.020492147080616585
21,json_r_slow_04,142,1.42,74.61637250894519,50.5823411244921,96.8164267594334,113.68820897382716,0.37,0.74,162.16216216216216,38.39341585380991,66.66666666666666,3.066560348533056,1,0.005687320392940287
21,json_r_slow_05,150,1.5,75.45029193601147,46.899700930540064,93.9901029577705,101.48061166915846,0.41,0.82,146.34146341463415,46.6703599020424,8.588957055214719,1.693676307445146,1,0.05396364164472639
21,json_r_slow_06,151,1.51,78.07552331950839,45.3033353618783,97.50211491230206,108.44567287341752,0.655,1.31,91.6030534351145,53.1244790361709,10.68702290076335,1.7563507724804155,1,0.01967189095439148
21,json_r_slow_07,152,1.52,78.5829325583991,49.44139222592676,111.1191088704252,106.1422803188284,0.445,0.89,134.8314606741573,45.52500531686484,27.027027027027025,2.60978502479069,1,0.04833179331006687
21,json_r_slow_08,150,1.5,78.28538402258269,45.182820531520136,98.15341627958954,93.9480983708744,0.3,0.6,200.0,53.621195206669206,33.33333333333335,2.6148329259822063,-1,-0.05423448973076417
21,json_r_slow_09,156,1.56,80.41477028909355,43.6143932132678,110.52566969605886,101.31036291527806,0.45,0.9,133.33333333333334,59.341490398949794,42.105263157894726,1.757437211388213,1,0.01414108379755541
21,json_r_slow_10,149,1.49,76.78531147807992,34.796184173691216,98.7092922178722,107.32282018603176,0.63,1.26,95.23809523809524,75.2618112154194,0.0,12.669191617765776,-1,-0.038947457268663
20,json_l_comf_01,110,1.1,78.12881621622454,48.90205553915821,61.0861977498342,57.05852467424767,,,,46.01520917426576,,9.83865865994292,1,0.06733311294376698
20,json_l_comf_02,109,1.09,79.39583363337314,37.70456208078916,63.515314100166535,59.6652130649858,,,,71.20603017320424,,9.83983490844319,1,0.038485851938166726
20,json_l_comf_03,110,1.1,81.49043567942998,54.68139835473923,67.31997451135251,47.90646045080037,0.8,1.6,75.0,39.375304760841566,,5.771075756299648,-1,-0.040666776456254716
20,json_l_comf_04,111,1.11,80.8600718086119,46.72949848697354,65.54361429194542,38.620174020124765,,,,53.500569431448696,,13.447808560958038,1,0.02938085563460552
20,json_l_comf_05,112,1.12,81.47335668338954,38.24889895147214,67.45375728693146,50.25496977918888,,,,72.20789067614419,,11.636285027625163,1,0.028466332796876437
20,json_l_comf_06,112,1.12,84.31659445204023,58.95641504674106,69.36345288358656,43.5492997048132,,,,35.401195932182745,,11.691057678789772,1,0.05931579812672022
20,json_l_comf_07,115,1.15,85.40022625473746,48.11498849064837,67.89841632519027,62.156693030326046,0.5549999999999999,1.11,108.10810810810813,55.85166879324161,30.63063063063064,7.825163409663487,1,0.05427082246179421
20,json_l_comf_08,114,1.14,83.89254832250633,47.32634824033363,67.37176400445372,47.15564401588516,,,,55.73313149247732,,9.460172442940344,1,0.0493261878763519
20,json_l_comf_09,112,1.12,84.11124094574038,47.018658307298594,65.27846778683917,47.62460530778445,0.66,1.32,90.9090909090909,56.573798728945725,,10.169211561806286,1,0.01653090103465782
20,json_l_comf_10,112,1.12,80.0351533882362,49.58985920055952,81.10939255290349,69.19660638602224,0.545,1.09,110.09174311926604,46.97441269958767,45.87155963302753,7.922463882401891,1,0.05355677053429703
20,json_l_comf_11,111,1.11,83.72921612355218,55.08241066356885,78.76788361748525,70.47853962508472,0.47,0.94,127.65957446808513,41.27436025789906,,9.77660724171588,1,0.07832675398349476
20,json_l_fast_01,111,1.11,58.15965993374583,54.44491216178122,65.17073644588618,95.34435301653976,,,,6.597863129062359,,1.9511065462846209,1,0.12368493070778824
20,json_l_fast_02,110,1.1,73.49308720490151,59.85081598729032,97.09446510595164,118.39222841046087,0.52,1.04,115.3846153846154,20.461784740091577,0.0,2.0392055998587515,1,0.0669005060174479
20,json_l_fast_03,111,1.11,62.70957593401701,56.33304443778224,85.41661321639785,100.2132835865474,0.4,0.8,150.0,10.713022741467396,,2.0636770586530733,1,0.10068615878837922
20,json_l_fast_04,112,1.12,59.5127549307912,61.56218373004094,55.449908173183786,111.154744036747,0.615,1.23,97.5609756097561,3.3853889531851253,30.89430894308942,0.7408496694016264,1,0.062061088555080246
20,json_l_fast_05,113,1.13,26.982585658491303,66.28323426749222,38.46612005587952,122.18169626300038,0.6,1.2,100.0,84.27663776545408,3.3333333333333366,0.0880482507702726,-1,-0.0391987646152111
20,json_l_fast_06,114,1.14,23.886621825853894,62.140415352465496,34.23169174665013,91.66412758758506,0.37,0.74,162.16216216216216,88.93435083046742,32.432432432432435,4.004501909086137,-1,-0.0346801391112076
20,json_l_fast_07,113,1.13,36.64868843989373,64.0098454653158,32.04327315007356,101.66008422163318,0.515,1.03,116.50485436893204,54.364306659161485,40.77669902912622,2.206240468714753,1,0.0142527228001183
20,json_l_fast_08,111,1.11,51.77881222743062,61.55106932464848,67.09463491618996,131.5933722616827,0.42,0.84,142.85714285714286,17.245684833310555,33.766233766233746,2.233921630505016,1,0.061465022200365926
20,json_l_fast_09,113,1.13,60.29966734463795,53.35864149708014,58.88490828341391,88.81345633845424,0.65,1.3,92.3076923076923,12.213846780395023,,6.369694964614,1,0.07956667204222773
20,json_l_fast_10,111,1.11,51.45694095779504,55.42576085067873,62.42279553736876,95.60965998844682,0.43,0.86,139.53488372093022,7.426496197664484,,6.704378708042304,1,0.09528806080373464
20,json_l_slow_01,114,1.14,74.8058700809752,77.3870460482679,96.38481063127396,148.64417391153012,0.54,1.08,111.1111111111111,3.3919791182669226,29.629629629629623,13.61851440142024,-1,-0.016542379337678992
20,json_l_slow_02,116,1.16,67.57450586940624,76.82007837110541,79.0625165276738,96.64791951150616,0.435,0.87,137.93103448275863,12.805982371609218,,15.887763079932869,1,0.058962574184825645
20,json_l_slow_03,114,1.14,78.69836683551505,70.27350629936133,75.67587128756843,110.58573413189134,0.415,0.8300000000000001,144.57831325301203,11.310672758375002,,14.289288062210067,1,0.048920390174907125
20,json_l_slow_04,114,1.14,63.109717002949935,49.65263555425258,86.3498563727937,100.21286693742796,,,,23.868039542489665,,14.859555306709597,1,0.0689370203283477
20,json_l_slow_05,116,1.16,61.81502226398642,59.88983489493452,98.92077950196324,100.6524187063289,0.33,0.66,181.8181818181818,3.1636984981429426,,13.062094517139474,1,0.0018771017823253633
20,json_l_slow_06,114,1.14,63.02621402402815,73.75323254589553,97.96312299866304,105.36398452266768,0.37,0.74,162.16216216216216,15.685132219603725,,12.16234520956621,1,0.036452916890501286
20,json_l_slow_07,114,1.14,80.39008961679177,51.09686231448825,65.54649653627368,70.86432079115384,,,,44.556858109560935,,12.110793160976336,1,0.07278805215048079
20,json_l_slow_08,115,1.15,79.94274429119515,47.00494855304227,72.70016454177716,85.42761313271686,0.31,0.62,193.5483870967742,51.89191705684164,36.8421052631579,5.612133611656168,-1,-0.02642953153193106
20,json_l_slow_09,116,1.16,80.38378190252007,151.59893504182654,96.13677654758736,48.96765525997273,0.445,0.89,134.8314606741573,61.39694721860784,,1.8808900966068105,-1,-0.018918219264061675
20,json_l_slow_10,113,1.13,71.68328167806251,52.77091669374188,100.63690997297928,106.81952165031709,0.425,0.85,141.1764705882353,30.39249013973852,,3.893201109478377,1,0.06627246093020983
20,json_l_slow_11,114,1.14,66.40420147014004,58.85895897956691,102.12365318925556,120.92351760370624,0.44,0.88,136.36363636363637,12.047025579563815,,2.0501952471521934,1,0.0792260107141678
20,json_r_comf_01,109,1.09,74.08645380859745,69.97622947714491,91.17863099813556,106.0075630252641,,,,5.706161009510121,,12.70661089132842,1,0.07984293686631555
20,json_r_comf_02,110,1.1,82.21394501787049,79.81012375643522,86.64657805750242,103.56969960789904,0.38,0.76,157.89473684210526,2.967239718913261,,12.74013293026059,1,0.04133932572413834
20,json_r_comf_03,109,1.09,84.75513538374858,81.66686646882313,95.2306807946179,90.9294540345788,0.5900000000000001,1.1800000000000002,101.69491525423727,3.711370949210497,23.72881355932203,1.8152940628420728,1,0.06591324051681374
20,json_r_comf_04,109,1.09,82.94371217678881,80.97792880222873,98.70564256753102,106.35778850516462,0.61,1.22,98.36065573770492,2.398442771582188,13.114754098360669,12.782338200979346,1,0.03960697515362355
20,json_r_comf_05,111,1.11,79.42906496417787,78.11342541484152,95.46880612696782,108.68460607008764,0.73,1.46,82.19178082191782,1.670202808361296,52.05479452054794,11.36297112934542,-1,-0.05878374280080734
20,json_r_comf_06,112,1.12,78.0882361943136,80.05019028383882,91.91526541713694,104.77034019637956,0.58,1.16,103.44827586206895,2.4813122695340275,,13.174184193256458,1,0.05542420242403029
20,json_r_comf_07,112,1.12,77.67668446734132,66.0264641595712,75.16003935004538,96.67531323469046,0.49,0.98,122.44897959183672,16.214286769758747,,15.302051591255353,1,0.0750448460398222
20,json_r_comf_08,112,1.12,78.66391777448857,63.29614632945869,88.16332688380436,94.203658212907,0.34,0.68,176.47058823529412,21.650837567637534,,14.9189244716493,1,0.015220037484602822
20,json_r_comf_09,113,1.13,74.09368915907595,65.51579467808006,76.9490426186799,102.59931912119612,0.34,0.68,176.47058823529412,12.288412284370832,,14.952971492649658,1,0.010156399677898775
20,json_r_comf_10,111,1.11,74.74754909466698,60.98995262645525,85.36577655207839,96.80983259028504,0.61,1.22,98.36065573770492,20.27088504469049,6.557377049180333,15.031327155032722,1,0.049866111450689976
20,json_r_comf_11,113,1.13,81.46553171076911,62.57397338807779,96.169249822338,99.3669272419936,0.32,0.64,187.5,26.231079188625397,10.370370370370363,3.293742185258437,1,0.023594071543742046
20,json_r_fast_01,112,1.12,74.05097179657288,40.28468292491999,91.091437028517,82.6724691544749,,,,59.065195286462966,,1.8790725864637383,1,0.07498397530339851
20,json_r_fast_02,113,1.13,77.90764772264043,50.34001656546992,93.88728143524789,89.94495389991056,0.475,0.95,126.31578947368422,42.99124090905765,3.208556149732624,2.4410470391138346,1,0.07917133216737954
20,json_r_fast_03,111,1.11,76.10594301784857,33.65410307893248,93.09277133404557,91.2264501835822,0.355,0.71,169.01408450704227,77.35390326181921,2.8169014084507067,1.94727777919446,-1,-0.017782336264420606
20,json_r_fast_04,113,1.13,75.44648247536536,53.739475480127794,106.57044855606138,86.32724298246885,0.3399999999999999,0.6799999999999999,176.47058823529414,33.605830445931296,0.0,2.0385170992400243,1,0.0174859238955814
20,json_r_fast_05,112,1.12,74.47371767672037,44.45080515544311,99.78728821818056,88.86292464740815,0.49,0.98,122.44897959183672,50.49070083492902,7.2538860103627005,1.899761960047436,1,0.0657978375685524
20,json_r_fast_06,113,1.13,74.48275064616095,44.45822252391963,97.34318446922234,82.24538091716303,0.37,0.74,162.16216216216216,50.48643427409579,,2.5788615648673834,1,0.04358939197107459
20,json_r_fast_07,110,1.1,73.70463181998744,42.6014179546811,98.09214180708236,66.49787644812534,0.675,1.35,88.88888888888889,53.48511780008992,48.88888888888888,0.1446533318029521,-1,-0.028631944394589492
20,json_r_fast_08,110,1.1,72.34142604641286,42.56303069138072,97.1785479197662,83.691275588872,0.39,0.78,153.84615384615384,51.83157590307399,,0.1915273211251706,1,0.03801286121605951
20,json_r_fast_09,113,1.13,75.2489430211407,40.73657752237045,89.90048076591354,76.34046410025813,0.31,0.62,193.5483870967742,59.51150684506895,,0.0642286237451112,-1,-0.038912991075884196
20,json_r_fast_10,112,1.12,76.78594834136257,39.96227862304215,96.1163602279868,76.12851196294315,0.32,0.64,187.5,63.08219092620149,,0.854980461912624,-1,-0.02870549001579603
20,json_r_slow_01,115,1.15,71.71532749793931,80.6941114554173,87.58638424149203,103.22004531648892,0.32,0.64,187.5,11.782451295849013,74.62686567164178,4.364340115760548,-1,-0.025079275440720306
20,json_r_slow_02,113,1.13,84.26671924198756,48.90512224933316,90.81642173458052,89.86013102188753,0.34,0.68,176.47058823529412,53.10671775152864,2.985074626865674,4.347591176905096,1,0.02044151486989426
20,json_r_slow_03,112,1.12,78.24551573346517,81.55399200173964,89.30225874772125,113.73187732988065,,,,4.1407840551759065,,5.6419311276663136,1,0.08776149447050452
20,json_r_slow_04,112,1.12,97.43494904085618,87.19901122414322,95.9220807657515,117.59507965882432,0.64,1.28,93.75,11.087816999669656,0.0,7.515716318161678,1,0.022959061993558794
20,json_r_slow_05,112,1.12,62.694060432257615,79.66613228083865,89.15655257922981,111.4892893530889,0.36,0.72,166.66666666666669,23.84384500347717,,5.328265342683564,1,0.05722316778261477
20,json_r_slow_06,113,1.13,64.46339562824397,81.2971754591343,95.72418022635571,117.86611447726956,0.37,0.74,162.16216216216216,23.097851092802145,,5.164378215636245,1,0.0533591407071079
20,json_r_slow_07,111,1.11,63.87329241856466,81.91433485839764,98.16977469742795,122.50995887202572,0.53,1.06,113.20754716981132,24.749757955192216,,7.83793947505331,1,0.053423640364523184
20,json_r_slow_08,111,1.11,63.62782722749549,76.95586656786274,95.23829215538404,113.0794527863826,0.5,1.0,120.0,18.961003201080096,,11.281316779302236,1,0.0730599849790236
20,json_r_slow_09,114,1.14,67.80151410318867,72.62162378905242,106.14400809817708,114.16089619576871,,,,6.865121743060103,,9.584837209093456,1,0.06374951845578386
20,json_r_slow_10,115,1.15,66.28713827269411,81.73993809834987,103.31601989352843,125.49453360619836,0.35,0.7,171.42857142857144,20.878342266143047,10.21897810218979,4.008790698225006,1,0.024300907599186516
19,json_l_comf_01,114,1.14,84.61102558285975,45.92714073897221,95.4407103211463,109.53782192400163,0.42,0.84,142.85714285714286,59.26831352681232,15.384615384615389,5.9975085633617375,1,0.02767277658805639
19,json_l_comf_02,117,1.17,58.461342705104215,52.60583681219153,51.05780501129325,70.03662049236111,0.5,1.0,120.0,10.544079571230762,20.000000000000007,3.5357549616905715,1,0.12328851685238712
19,json_l_comf_03,117,1.17,57.826419700948776,34.905787468239964,43.19082454225949,62.46233289094522,0.525,1.05,114.28571428571428,49.43402714634067,13.333333333333345,4.192444649723523,1,0.06922356663816548
19,json_l_comf_04,118,1.18,58.915145891971605,72.78991079596015,54.33990742438867,113.177745954787,0.5,1.0,120.0,21.069449044563385,43.99999999999999,4.977783599653085,1,0.0708678206067756
19,json_l_comf_05,118,1.18,48.80125234638558,55.90883754000539,41.50475810495668,79.15977387956066,0.42,0.84,142.85714285714286,13.575740793139316,76.92307692307693,4.897823339109568,1,0.019143683835231462
19,json_l_comf_06,115,1.15,40.70956444573039,47.81949178816997,29.28401645603671,81.49368050570521,0.67,1.34,89.55223880597015,16.062358834267066,0.0,8.454250723180943,1,0.0010153365065021513
19,json_l_comf_07,114,1.14,39.82289127225528,52.34839634589832,24.66070214611443,80.87073396512436,0.6399999999999999,1.2799999999999998,93.75,27.17875685003685,15.625,8.15441660378687,1,0.025710758200399808
19,json_l_comf_08,118,1.18,51.96588109920211,53.28318095589984,43.78691206268793,94.84797353959225,0.7,1.4,85.71428571428572,2.503204933091133,28.57142857142858,6.262589635079443,1,0.02646156306165448
19,json_l_comf_09,115,1.15,50.92747204566905,55.07368446429005,42.11713419939498,88.51857324994316,0.7150000000000001,1.4300000000000002,83.9160839160839,7.822956947137566,18.18181818181818,7.758425906371355,1,0.02200837569938152
19,json_l_comf_10,114,1.14,71.95504867197036,61.27899068135231,79.05374782396063,100.67637864364228,0.71,1.42,84.50704225352113,16.026021641971337,28.16901408450705,5.174598048602675,1,0.03760320912912424
19,json_l_fast_01,112,1.12,45.75827292405219,67.9697816484264,60.082911749449934,103.37348693893333,0.54,1.08,111.1111111111111,39.0607380173181,0.0,11.35400034778104,1,0.04024519051362235
19,json_l_fast_02,115,1.15,48.482999046244586,78.20399011672987,63.29690822485526,109.60488163069388,0.62,1.24,96.7741935483871,46.92035270054637,16.12903225806453,3.818247897566459,1,0.05059328437177468
19,json_l_fast_03,112,1.12,53.196523918707655,74.31177551535528,92.59774848072404,109.99941240290433,0.55,1.1,109.09090909090908,33.119807401347614,14.545454545454536,3.2999320852405183,1,0.07670766381334465
19,json_l_fast_04,112,1.12,49.170016168817256,77.72899544035744,56.16644099081141,87.19226056659801,0.5,1.0,120.0,45.01056219333924,20.000000000000007,2.099271842070777,1,0.08541247899569326
19,json_l_fast_05,112,1.12,50.85524284073995,76.8861117325033,66.56238840372455,76.54036383227222,0.33,0.66,181.8181818181818,40.75558612749482,12.121212121212116,4.034420771936497,1,0.030350643331136073
19,json_l_fast_06,112,1.12,42.29933747655332,39.20625739213728,66.1814947176689,68.49581563149712,0.51,1.02,117.6470588235294,7.589859541296875,35.29411764705882,5.624807731483987,1,0.06918767240349183
19,json_l_fast_07,113,1.13,45.59648484414421,36.41417007298551,59.42713606903432,67.06933441100085,0.595,1.19,100.8403361344538,22.392979986410943,1.6806722689075646,7.375869906288077,1,0.04831665563938342
19,json_l_fast_08,113,1.13,45.276697780199626,34.73358537299856,65.55788698224849,67.53923697329074,0.62,1.24,96.7741935483871,26.35439343968784,,5.777836517860319,1,0.061835242623551945
19,json_l_fast_09,111,1.11,40.729328252476,34.52675890422208,75.68041272021838,72.82593984160118,0.43,0.86,139.53488372093022,16.483900725103975,23.255813953488367,4.098400904068574,1,0.063228029499805
19,json_l_fast_10,113,1.13,35.226808886897885,27.20808496938224,57.98607851877681,55.78095413986294,0.645,1.29,93.02325581395348,25.68667430098967,10.852713178294584,3.963677472259241,1,0.04102517869324246
19,json_l_slow_01,125,1.25,84.42281941222333,48.28324334223397,65.95262192122955,71.87971371283261,0.585,1.17,102.56410256410255,54.46559911412262,8.547008547008536,11.407089588245372,1,0.04701180974653102
19,json_l_slow_02,125,1.25,61.3924779973032,53.5209436621203,70.83796600978437,70.41040113936262,0.645,1.29,93.02325581395348,13.69993900018448,23.25581395348837,13.163833449202649,1,0.04984063845528386
19,json_l_slow_03,122,1.22,65.83655730947902,55.79106228038637,95.3176222497614,88.51091377287383,0.445,0.89,134.8314606741573,16.51844385833839,38.202247191011246,4.946871199311678,1,0.0956126447571638
19,json_l_slow_04,122,1.22,58.25192362465944,26.161431701944423,81.98357042684812,72.206411985084,0.4449999999999999,0.8899999999999999,134.8314606741573,76.03178856841701,15.730337078651688,15.483167425645902,-1,-0.012236384504701103
19,json_l_slow_05,122,1.22,54.523709965284766,36.55770531657049,75.88164589235627,80.24863688205527,0.48,0.96,125.0,39.45042925193405,0.0,15.393362961096845,1,0.021144066740517997
19,json_l_slow_06,124,1.24,59.731972117721725,40.012174961136765,89.05624568235874,85.32213512339708,0.555,1.11,108.1081081081081,39.54076050396087,34.23423423423424,13.443814921839229,1,0.022751242485275103
19,json_l_slow_07,124,1.24,62.78233425898087,36.4519623645009,81.96941304610863,77.33029453147842,0.58,1.16,103.44827586206895,53.067080213978,3.448275862068969,15.391013850029186,1,0.01626569939002176
19,json_l_slow_08,126,1.26,61.69205557047404,39.75434819127358,95.25873463099316,87.30913838381488,0.575,1.15,104.34782608695652,43.24984733953183,39.99999999999999,7.793708020780099,1,0.03848419198214498
19,json_l_slow_09,127,1.27,60.40179385718761,50.37863104393888,91.31075941862316,98.53101339350476,0.64,1.28,93.75,18.09554859930278,28.12499999999999,4.31364329211697,1,0.08032484404642282
19,json_l_slow_10,127,1.27,64.16875670047988,39.14930339315086,85.45760646937246,85.36303582748123,0.53,1.06,113.20754716981132,48.43190684117654,0.0,14.111336425706297,1,0.021391082145365725
19,json_r_comf_01,112,1.12,82.80958882991837,91.51161379054408,99.71676613839504,102.55586745733508,0.415,0.83,144.57831325301206,9.983897345605202,12.820512820512816,4.952388074465118,1,0.06330435868527362
19,json_r_comf_02,114,1.14,79.00209963855812,77.11166329778221,97.20039806701269,92.31655400286054,0.38,0.76,157.89473684210526,2.421870186482897,19.27710843373494,4.992492469366002,1,0.0689022503996502
19,json_r_comf_03,116,1.16,54.22798090939985,51.30291058927644,82.8239615739302,79.84000685640785,0.42,0.84,142.85714285714286,5.543533800546166,0.0,5.987557437684805,1,0.08523986877070111
19,json_r_comf_04,116,1.16,79.7495079100196,50.00308715254798,82.6401331510869,71.27655953534307,0.76,1.52,78.94736842105263,45.85098393311932,7.89473684210527,10.121586050926526,-1,-0.030140597457120055
19,json_r_comf_05,117,1.17,60.7259390679282,56.19056722244878,73.10751658544832,81.96279860734003,0.88,1.76,68.18181818181819,7.758308881066369,,7.60500533723832,-1,-0.06100968120771111
19,json_r_comf_06,118,1.18,61.203618603785344,47.66441605990147,76.07718371779596,71.08014666437624,,,,24.872686616799754,,11.242265617026966,1,0.09291100499181215
19,json_r_comf_07,115,1.15,54.51339526254085,47.20902355431196,67.63350885089577,73.09860417989219,0.615,1.23,97.5609756097561,14.361380299814009,17.886178861788615,5.850870821635887,1,0.09505582089159237
19,json_r_comf_08,117,1.17,53.3462994726933,45.53271458684108,57.2993959983,67.81412639172169,,,,15.80433413534588,,10.24611412425708,1,0.08853939868006605
19,json_r_comf_09,119,1.19,58.71864818068427,48.689944172822464,68.27983594683397,71.39847124637392,0.77,1.54,77.92207792207792,18.673932481779485,34.22053231939163,9.509036871218374,-1,-0.04179903197441248
19,json_r_comf_10,117,1.17,58.25283167537658,42.07193979448098,80.18556952536396,82.85509465237476,0.515,1.03,116.50485436893204,32.25702215680028,5.825242718446607,5.74733660951292,1,0.09328979074283528
19,json_r_comf_11,115,1.15,58.10447088648685,42.95192093632983,77.42030627089115,76.56115529526016,0.33,0.66,181.8181818181818,29.988305889100342,,5.902433662809643,1,0.03695027268324452
19,json_r_comf_12,116,1.16,90.53547483623645,41.27776649817716,85.57746781345648,75.71031270136297,,,,74.73863450955007,,5.908638831571224,1,0.045671800996881784
19,json_r_fast_01,115,1.15,116.6200648984222,91.0707254295348,77.08019896577977,101.45672836644296,0.665,1.33,90.22556390977444,24.603247383808757,7.518796992481193,3.939254852495928,1,0.0044190701250286235
19,json_r_fast_02,113,1.13,89.37309515913417,90.67266504546618,100.1083891338646,99.79106989307373,0.63,1.26,95.23809523809524,1.44359954364402,30.136986301369877,6.9355122764835,1,0.03860295984447343
19,json_r_fast_03,116,1.16,91.74982592428998,87.29093228830786,88.92993502346013,100.14063032729558,0.51,1.02,117.6470588235294,4.980869920900928,0.0,5.965029318623126,1,0.07280989226049
19,json_r_fast_04,114,1.14,90.79924556354956,87.01447385588689,97.7686992978032,103.6637538113358,0.66,1.32,90.9090909090909,4.257007524526216,0.0,15.356956313173008,-1,-0.00278887609910472
19,json_r_fast_05,114,1.14,90.3904847395434,90.13149133735278,99.57521757394792,106.49101308739704,0.505,1.01,118.81188118811882,0.286938363759439,5.940594059405946,15.080713461814463,1,0.028092358867721767
19,json_r_fast_06,116,1.16,95.12694143193444,89.59202429304894,93.12792376109834,105.60955599871426,0.495,0.99,121.21212121212122,5.992797888578572,10.101010101010113,6.438291210604337,1,0.07842943067930647
19,json_r_fast_07,114,1.14,84.88031940351246,66.93541381936699,94.97076244464051,73.50359438916925,0.405,0.81,148.14814814814815,23.64037666346571,2.469135802469124,5.299331006781018,1,0.07084193236483999
19,json_r_fast_08,115,1.15,84.46695070537568,62.22272789680753,89.88852105819923,77.91501588433461,0.35,0.7,171.42857142857144,30.32827260995456,0.0,5.992688973756688,1,0.03996610306296711
19,json_r_fast_09,114,1.14,83.47249361644656,57.962179810888045,99.31901837323078,87.90711345621997,0.505,1.01,118.81188118811882,36.07363482712751,17.821782178217827,5.867947004195232,1,0.0846319535978795
19,json_r_fast_10,116,1.16,52.827838336895255,65.53665788510807,73.93811310345632,102.88454434937738,0.475,0.95,126.31578947368422,21.474039857993017,10.52631578947368,5.945293029165986,1,0.09726931273965866
19,json_r_slow_01,122,1.22,111.3931913876077,77.30471046447096,80.93723422325886,96.57895151732612,0.54,1.08,111.1111111111111,36.13021722929267,39.99999999999999,5.8164644972979405,1,0.03154642799812435
19,json_r_slow_02,129,1.29,107.49371605998073,79.62829317569813,78.31064986012251,93.85435614279277,0.315,0.63,190.47619047619048,29.78315912500308,63.736263736263744,6.319947491625959,-1,-0.041355146222220585
19,json_r_slow_03,127,1.27,55.28356699338714,81.93005258359612,77.3405827885855,98.75059979676335,0.405,0.81,148.14814814814815,38.8394179416848,0.0,6.265819095228085,1,0.049416078890053505
19,json_r_slow_04,125,1.25,60.45551781119603,81.17809035021624,94.76520079282416,105.39067550432014,0.655,1.31,91.6030534351145,29.26222498745325,1.5267175572519098,3.394193680375825,1,0.03984928235741475
19,json_r_slow_05,124,1.24,105.09392722518236,27.03423496737105,75.84012753674602,65.12046898799008,0.635,1.27,94.48818897637796,118.1575388054715,11.023622047244103,11.324722684527606,-1,-0.0587205925914297
19,json_r_slow_06,125,1.25,92.51017983895215,61.64354079965608,88.776496723823,77.25054382301518,0.42,0.8400000000000001,142.85714285714283,40.04657028247613,4.651162790697678,11.00780636607931,1,0.03919830851067618
19,json_r_slow_07,132,1.32,92.71500005125242,60.045314431898674,76.27226459907847,79.26672967819488,0.68,1.36,88.23529411764706,42.77247756380744,0.0,5.706865979786592,1,0.027690463757592154
19,json_r_slow_08,125,1.25,87.36665435468782,53.7731449447052,75.40640731493957,84.4634546659036,0.61,1.22,98.36065573770492,47.60317015716077,0.0,9.500246995261426,1,0.04584989118233784
19,json_r_slow_09,125,1.25,91.36330383594024,52.80352904025784,78.64745926098333,78.06875644706751,0.51,1.02,117.6470588235294,53.49326752401537,,4.857754511179415,1,0.08484674956989124
19,json_r_slow_10,123,1.23,88.38755619484016,50.50708756249775,82.56702855984314,75.57757602014229,0.575,1.15,104.34782608695652,54.54561473014492,1.7391304347826104,7.693945391390376,1,0.05000611613727235
18,json_l_comf_01,116,1.16,96.32019081317944,76.64689519590027,74.02977310493704,102.17664578163442,0.65,1.3,92.3076923076923,22.748022263896424,,7.177955118804879,1,0.053869691669152286
18,json_l_comf_02,109,1.09,101.24373402549033,74.97227034725316,111.45430968052524,113.44132105741238,0.3,0.6,200.0,29.817341247468157,,8.673604764681519,-1,-0.06279692627350131
18,json_l_comf_03,117,1.17,101.63728562318803,75.66486280941221,74.36618707838909,84.50891448180266,0.74,1.48,81.08108108108108,29.297358259196727,10.81081081081082,8.859020298727648,-1,-0.016934061785197407
18,json_l_comf_04,116,1.16,97.97752006158828,74.96007727504002,73.3969637632987,81.89620823838925,,,,26.619362291409765,,8.909052987063124,1,0.09020749125292193
18,json_l_comf_05,118,1.18,97.36413795198096,95.33856055247858,89.72409909020936,91.20210193359053,,,,2.102282339814241,,7.177052595452496,1,0.07697847765811922
18,json_l_comf_06,117,1.17,98.55398102316543,91.36861687106912,74.69484947212416,103.67252066375474,,,,7.566623700143126,,8.67296918276806,1,0.07840535742742832
18,json_l_comf_07,117,1.17,61.4126750475713,73.29497469569796,81.85665694980528,82.9175435906236,0.66,1.32,90.9090909090909,17.641610807956905,,7.375292176657142,1,0.07479054952767372
18,json_l_comf_08,117,1.17,62.20156081336688,65.07748763913207,85.15614752498487,101.36473649157172,0.31,0.62,193.5483870967742,4.519089136400164,,7.349330725080713,1,0.0020956955200602256
18,json_l_comf_09,118,1.18,87.44291031242831,84.16509638848626,118.39358745749446,105.85420080178834,0.5900000000000001,1.1800000000000002,101.69491525423727,3.8201177054107456,13.559322033898296,7.166993785111904,1,0.04097507214696078
18,json_l_comf_10,117,1.17,86.46426333802467,80.11791647249586,105.14031604931075,116.16863152616057,0.425,0.8500000000000001,141.17647058823528,7.61947871344639,2.3255813953488262,5.463877983192462,1,0.03987463306328193
18,json_l_comf_11,116,1.16,63.54108119738821,63.72718266440344,87.02314672803328,79.16481631683843,,,,0.2924554187638377,,12.73203407083701,1,0.08847165840222376
18,json_l_fast_01,112,1.12,63.17158290380189,60.83045530272122,78.74945543588512,101.83084348468957,,,,3.7759501939501456,,9.769195167289292,1,0.1080374024652665
18,json_l_fast_02,112,1.12,67.88166372657521,66.78444252188828,81.39738238977887,92.45969900087805,,,,1.629543223983207,,10.068546350392344,1,0.10317134462119887
18,json_l_fast_03,113,1.13,63.56504513691657,67.97483801012599,91.2670462971037,105.85441836265728,,,,6.704875764987437,,9.797248937824008,1,0.09063145914058662
18,json_l_fast_04,114,1.14,65.42171779553694,70.68903986863612,93.926374284061,106.42997180252026,,,,7.739758654632249,,8.818939335079556,1,0.09028860328785998
18,json_l_fast_05,113,1.13,78.10635152626645,65.74176114435816,81.31508927618829,102.02477517493472,0.34,0.68,176.47058823529412,17.191174986383082,,12.7325506780305,1,0.021350767958396688
18,json_l_fast_06,114,1.14,82.8010638133227,78.56394801272725,82.45530643018208,118.19757141585724,,,,5.251591720717029,,9.288948759879798,1,0.08051085374676287
18,json_l_fast_07,115,1.15,74.57537508877336,53.67044864794384,81.63766762745378,92.44982641899688,,,,32.60133676359921,,14.419993291468352,1,0.0717172483704796
18,json_l_fast_08,114,1.14,83.30018463547059,51.47653344423388,76.85061217068916,93.54832459741716,,,,47.22425600602144,,12.701283819611096,1,0.07256490462193221
18,json_l_fast_09,114,1.14,80.3971276128594,42.66331227712561,76.97645292170331,84.50480952031603,,,,61.32566301480394,,11.28980811681835,1,0.05607766390256036
18,json_l_fast_10,114,1.14,82.47765956976795,53.41722949345041,79.72428838158201,93.90194942867258,0.41,0.8200000000000001,146.34146341463415,42.768981639623874,24.39024390243903,9.467716556878775,1,0.05424930655173221
18,json_l_slow_01,126,1.26,63.90931467734461,76.82976980939902,81.48890247223474,137.8129782428097,0.51,1.02,117.6470588235294,18.360862839450125,23.52941176470587,14.469687572853244,1,0.029066345365395596
18,json_l_slow_02,125,1.25,64.72371122828521,72.8920984968814,97.5057288235007,106.65583448009065,0.4,0.8,150.0,11.871291946629285,4.99999999999999,14.83768320108193,1,0.02747703937203988
18,json_l_slow_03,124,1.24,57.32018672755137,77.4906801261602,101.57721931290432,117.3222146515414,0.345,0.69,173.91304347826087,29.92413574566893,20.7792207792208,14.96403089119969,-1,-0.0272286816684133
18,json_l_slow_04,127,1.27,91.90596396839436,51.734239950519736,108.1875188563281,100.69250628238794,0.46,0.92,130.43478260869566,55.93381646903235,34.78260869565218,9.495480356350416,1,0.009998470345509769
18,json_l_slow_05,124,1.24,89.64484684747777,81.77793824218024,115.63774420564776,93.67900042414487,0.45,0.9,133.33333333333334,9.178369842938851,9.944751381215466,7.696810424182834,1,0.04867454002792854
18,json_l_slow_06,125,1.25,91.41837109592912,54.817581011826206,121.13224871529226,88.85320864407078,,,,50.05717069785038,,7.809811917413886,1,0.03954195483607925
18,json_l_slow_07,123,1.23,91.96211709550926,84.9216808423209,121.71653618118302,115.78564446059724,0.35,0.7,171.42857142857144,7.960521353869712,6.896551724137938,5.235745971648959,-1,-0.006468412725369133
18,json_l_slow_08,122,1.22,91.78854785759796,83.53416794528837,95.97768750887472,104.1749601474316,0.405,0.81,148.14814814814815,9.416212696123084,,7.962240754581577,1,0.05900921811379284
18,json_l_slow_09,121,1.21,88.1738025473018,57.09949233203999,122.02056277360133,91.64427666655688,0.62,1.24,96.7741935483871,42.78048521040416,12.903225806451625,3.8853888814564703,1,0.025722426894406403
18,json_l_slow_10,122,1.22,83.43422854024367,64.81228038969302,119.84420976232306,106.85341178024429,0.525,1.05,114.28571428571428,25.12294999048057,43.80952380952382,5.936996317030478,1,0.03502209390775163
18,json_r_comf_01,117,1.17,57.602157108605056,77.46071237969089,91.71526169306648,96.0338198143466,0.37,0.74,162.16216216216216,29.406387331059484,55.67010309278351,5.973988337997887,1,0.03128115760224681
18,json_r_comf_02,119,1.19,59.317315854624056,95.87332986916113,75.97900237699082,97.42487554352158,0.38,0.76,157.89473684210526,47.11110498193428,1.3245033112582794,12.747470807156322,1,0.0025249210908155906
18,json_r_comf_03,118,1.18,94.90780506191784,84.36161502904997,98.55577232114696,84.20106684700968,0.6,1.2,100.0,11.765743457547138,20.18348623853211,6.422652821088279,1,0.05821294268218308
18,json_r_comf_04,118,1.18,90.12471139381118,92.28374590420351,86.70284333121255,88.22269336905339,0.34,0.68,176.47058823529412,2.3672526398981217,,5.655688550081865,1,0.036026104239032075
18,json_r_comf_05,118,1.18,89.78672527120229,92.51884976184832,91.94863660527832,100.04021856062182,0.635,1.27,94.48818897637796,2.997302183601056,11.023622047244103,11.893750511069424,1,0.029812505915613963
18,json_r_comf_06,118,1.18,88.97641196865906,83.8748474486571,84.21368090121327,80.4064791277324,0.665,1.33,90.22556390977444,5.902837546222571,1.503759398496242,10.43933895688906,1,0.023493444721644552
18,json_r_comf_07,120,1.2,90.84067396181702,89.84019160917461,73.30207000910518,62.68672160457878,0.55,1.1,109.09090909090908,1.1074580027947745,,12.869725163642029,1,0.0352634207763689
18,json_r_comf_08,118,1.18,91.56383333847918,86.26848160742188,73.93635410094517,68.39432286447257,0.6,1.2,100.0,5.955443736610216,19.178082191780817,11.71318690812668,1,0.04668454653650789
18,json_r_comf_09,117,1.17,77.17548983708093,80.30757213219951,83.26788606755427,76.57632666811023,,,,3.977675130204848,,13.62320127607999,1,0.07627246564954182
18,json_r_comf_10,118,1.18,84.13622041408064,79.68627535156307,76.40991126960334,78.9595497792977,,,,5.432642253092568,,13.631782150047858,1,0.07794705047034223
18,json_r_fast_01,116,1.16,86.70441375786525,58.54250128793518,92.47954758343562,87.59524506565042,0.45,0.9,133.33333333333334,38.777983630220064,0.0,5.517639257149389,1,0.06335242885708464
18,json_r_fast_02,115,1.15,84.75826932115558,64.0368133268502,110.62637673933293,88.97009490512733,0.345,0.69,173.91304347826087,27.85233977566947,0.0,3.958008353805573,1,0.015532075315190852
18,json_r_fast_03,114,1.14,85.81524830351738,52.59848209300864,93.6596910827399,94.84081857561122,0.52,1.04,115.3846153846154,47.99634561592948,,5.763368859759879,1,0.07326950121748099
18,json_r_fast_04,114,1.14,82.20116642387399,56.85049412286581,96.58104814383722,91.64260027821332,0.38,0.76,157.89473684210526,36.46223597953652,7.594936708860765,3.975955074641448,1,0.05801327937651096
18,json_r_fast_05,113,1.13,85.35524682693615,58.01402534364328,96.1643555443976,86.6895191837751,0.59,1.18,101.69491525423727,38.14097828544813,7.929515418502212,5.645082925940194,1,0.06699189851420417
18,json_r_fast_06,114,1.14,84.2639739443962,60.95097499976588,101.58491485002628,63.85146769263234,0.365,0.73,164.38356164383563,32.10826311496982,55.67010309278351,6.0081335343538615,1,0.009129199873138705
18,json_r_fast_07,113,1.13,88.66144283639747,53.75341357403855,102.59484872022055,93.26179541643133,0.59,1.18,101.69491525423727,49.023016477655766,0.0,4.049607717842717,1,0.03663124107072263
18,json_r_fast_08,114,1.14,89.74653554935117,52.12063248640163,103.99120178621308,84.74503941466776,0.62,1.24,96.7741935483871,53.0438488113997,,4.367774474986161,1,0.042127312690169116
18,json_r_fast_09,115,1.15,88.82517093420635,48.69539474726213,100.44896336117688,87.69168473671871,0.57,1.14,105.26315789473684,58.361854444221336,0.0,2.908800970835455,1,0.039467753502787195
18,json_r_fast_10,114,1.14,81.75727981675549,56.43539212041557,98.75538401332992,79.39481666248568,0.51,1.02,117.6470588235294,36.64722208693157,,5.727093796985681,1,0.08109537845689152
18,json_r_slow_01,127,1.27,97.91444106880029,83.25641426360185,94.54425834402991,124.00683562159676,0.355,0.71,169.01408450704227,16.181440197215707,44.44444444444446,3.624821854532575,1,0.011721667022704718
18,json_r_slow_02,133,1.33,102.36284446267888,86.2689517857991,87.17369344294222,108.27698053829836,0.41,0.8200000000000001,146.34146341463415,17.06381744430813,0.0,12.800593764169928,1,0.021715433739547874
18,json_r_slow_03,127,1.27,100.63980116835356,81.33015749040283,92.39896771688964,105.623699496952,0.605,1.21,99.17355371900828,21.222891756723,1.6528925619834725,5.702427392696587,1,0.05043250150299727
18,json_r_slow_04,126,1.26,95.3662110190821,88.50740327482848,77.3329595933585,110.33557347884025,0.635,1.27,94.48818897637796,7.460350165620007,1.5748031496063006,7.727260972626892,1,0.040463475336575516
18,json_r_slow_05,124,1.24,107.00027750279418,103.0498552341879,94.386266035308,99.65223645534368,0.35,0.7,171.42857142857144,3.761408971402903,1.4388489208633108,5.837513460899395,-1,-0.005227783715215373
18,json_r_slow_06,129,1.29,103.55953398850068,101.83194367699753,83.91272538108403,104.06274303915627,,,,1.682241474806202,,14.495526575719618,1,0.03216695480441123
18,json_r_slow_07,125,1.25,104.80256583473944,104.1958731293012,102.04432817456636,105.4708230479104,0.46,0.92,130.43478260869566,0.5805715185677587,65.48672566371681,6.650366259155208,-1,-0.014415517444823611
18,json_r_slow_08,123,1.23,104.1900260373086,106.68148514121688,72.40463245173231,103.73403412634212,0.84,1.68,71.42857142857143,2.3630115703955807,0.0,20.17236212060228,-1,-0.15559909678580108
18,json_r_slow_09,123,1.23,103.0016335777038,106.93282829034482,81.5934944115916,138.71336729501232,0.34,0.68,176.47058823529412,3.745163778886316,12.765957446808503,5.502565055415635,-1,-0.02161735397059772
18,json_r_slow_10,123,1.23,101.449407486521,105.42986802289464,90.88343928605818,110.09675864802564,0.46,0.92,130.43478260869566,3.848099841390341,66.66666666666666,7.010782627675581,-1,-0.009269243993136222
17,json_l_comf_01,112,1.12,101.28496936731077,100.49369585923792,106.94837162207536,135.01663501416994,0.91,1.82,65.93406593406593,0.7842984858527287,,11.99376806075998,-1,-0.14145509316662208
17,json_l_comf_02,112,1.12,86.29111270278678,55.11799479439145,109.03429547588824,56.35971297213945,0.49,0.98,122.44897959183672,44.08926477245092,77.55102040816327,11.693641074626855,-1,-0.022661884769997198
17,json_l_comf_03,113,1.13,86.88458653631302,53.75893826985528,104.31036786329342,79.12152254077375,0.585,1.17,102.56410256410255,47.10582774729339,15.38461538461538,9.83608884578096,1,0.039164494323390864
17,json_l_comf_04,113,1.13,85.95731359915203,62.52689841664744,109.87151231636776,75.65957371393769,0.47,0.94,127.65957446808513,31.559470012894668,4.255319148936162,11.297273707547298,1,0.03812052441275976
17,json_l_comf_05,114,1.14,86.75665375762033,49.13700332551201,112.56031647663876,81.15014271823864,0.61,1.22,98.36065573770492,55.36630809647674,,13.16221099244213,1,0.010881352386451604
17,json_l_comf_06,114,1.14,86.12276427459936,53.55191083898585,109.94391981413762,92.70581143222248,0.605,1.21,99.17355371900828,46.6381660227618,11.570247933884309,7.941706636552439,1,0.038674871228701
17,json_l_comf_07,113,1.13,83.0683640058118,55.2561026839393,111.09315833446496,83.24304667431551,0.525,1.05,114.28571428571428,40.21307580278305,13.333333333333345,6.0146311874124105,1,0.06286090409494294
17,json_l_comf_08,114,1.14,84.67135635966808,68.20308478178848,111.04426475682206,103.22372140812224,,,,21.54483307336027,,5.759466199300059,1,0.07640509675657364
17,json_l_comf_09,114,1.14,86.10972532033502,51.324426154168165,109.21253916998673,87.76871836614977,0.635,1.27,94.48818897637796,50.62104112109315,11.023622047244103,7.85047112908337,1,0.03195302502749148
17,json_l_comf_10,115,1.15,85.28944386316363,54.51049810673372,104.23805041090336,109.2185239496394,0.43,0.86,139.53488372093022,44.03284482486757,8.888888888888886,7.531116610616015,1,0.03651448234970622
17,json_l_fast_01,109,1.09,102.7233112748358,111.85567977444477,78.54560883123034,142.95432922842843,0.46,0.92,130.43478260869566,8.511894342453688,30.24390243902439,5.71389708471047,-1,-0.003330202847795949
17,json_l_fast_02,108,1.08,90.81497106086891,89.01113649895275,97.69525457210815,137.33385675001017,0.42,0.84,142.85714285714286,2.006198750997367,,13.130432237041546,1,0.008877656086307972
17,json_l_fast_03,110,1.1,92.50338034365797,95.21488076781051,91.84783546076692,143.26097635149142,0.44,0.88,136.36363636363637,2.8889042633337123,36.36363636363637,14.464776937473996,-1,-0.02794047502916619
17,json_l_fast_04,108,1.08,96.60902525017016,55.20137847065517,120.08808092485772,123.47059658927122,0.675,1.35,88.88888888888889,54.55179060805657,40.0,5.868037950991349,-1,-0.05477083742819144
17,json_l_fast_05,108,1.08,88.48645278717548,42.594433722430495,108.8921476118796,129.68323063284063,0.5,1.0,120.0,70.02091652985865,44.66019417475728,6.193332125883128,-1,-0.027054889504764756
17,json_l_fast_06,111,1.11,91.92632727481087,51.60223827145637,117.05780082819624,127.18341586752292,0.4449999999999999,0.8899999999999999,134.8314606741573,56.18963563090276,60.67415730337078,6.906958944604628,-1,-0.024998897153498012
17,json_l_fast_07,111,1.11,98.94956032745802,44.044341665038274,113.89236405822513,125.11432420679787,0.425,0.8500000000000001,141.17647058823528,76.79379036079585,54.117647058823536,12.834402397195351,-1,-0.08252867488769144
17,json_l_fast_08,109,1.09,84.0025946992017,47.01750620872232,109.51392091976692,125.62134108756212,0.46,0.92,130.43478260869566,56.45712105880776,44.89795918367346,6.981342263765203,-1,-0.006511451148249137
17,json_l_fast_09,111,1.11,93.12695211355832,50.15761045248081,133.2032705349872,127.89784375479567,0.47,0.94,127.65957446808513,59.97762898047466,59.57446808510638,6.933604924663724,-1,-0.037913017337521615
17,json_l_fast_10,109,1.09,96.16136282851298,65.46448703694107,122.0470114411095,138.28224889829187,0.3399999999999999,0.6799999999999999,176.47058823529414,37.98510673524764,12.413793103448286,7.813862050402665,-1,-0.0489182747781054
17,json_l_slow_01,119,1.19,98.44927416050189,76.18790034763322,102.7991790239482,130.44635039353477,0.31,0.62,193.5483870967742,25.49442737557765,25.35211267605635,14.493348170710426,-1,-0.07583977238195705
17,json_l_slow_02,121,1.21,99.80173538563794,81.10334118484393,91.5232946392147,111.31183956264854,0.91,1.82,65.93406593406593,20.67205028766453,,14.031826781557482,-1,-0.11434899903300566
17,json_l_slow_03,122,1.22,98.43861669345226,81.02031659425434,91.4547935631736,128.12829001606673,,,,19.41201786959593,,14.383770959967851,1,0.03802609876586677
17,json_l_slow_04,123,1.23,99.84542863056886,80.68093358012355,104.4178473719128,110.36508338315488,,,,21.23179663707888,,14.033719786097857,1,0.0434542061026153
17,json_l_slow_05,119,1.19,92.02456592707698,71.45085722881034,88.38503952289308,138.04174259190754,0.7949999999999999,1.59,75.47169811320755,25.170399685887844,11.32075471698113,16.11563020198249,-1,-0.10437689462415234
17,json_l_slow_06,120,1.2,96.0086501962797,74.8075812418673,110.10776640960594,124.32447129529731,0.485,0.97,123.71134020618555,24.82324867597769,39.17525773195875,13.224417449104475,1,0.003863064627501356
17,json_l_slow_07,120,1.2,96.59118110944556,68.34406485435869,108.04728969253124,126.48640483143272,0.47,0.94,127.65957446808513,34.252371092696364,42.553191489361694,14.94655168459257,-1,-0.02042875562425639
17,json_l_slow_08,117,1.17,97.79452387261264,67.24709264030962,103.63980287830186,115.04445564423509,0.615,1.23,97.5609756097561,37.01785268191585,17.886178861788615,14.956502446470038,1,0.0024867153597442626
17,json_l_slow_09,120,1.2,97.17696386553148,68.6071070214342,106.92291668189716,106.06451364115298,,,,34.46634732908287,,13.237515126286372,1,0.0401172663678942
17,json_l_slow_10,118,1.18,94.28798715288602,65.26904310350696,113.21834958173818,131.17947057167797,0.37,0.74,162.16216216216216,36.37438476104547,,16.623765440678795,-1,-0.03709552690987916
17,json_r_comf_01,116,1.16,103.74134955972346,78.25470366575328,72.24283334545616,81.45833811325807,0.775,1.55,77.41935483870968,28.00791054781228,27.096774193548384,8.366585166273225,-1,-0.04655842530163501
17,json_r_comf_02,112,1.12,106.67884748613196,109.54222514924128,64.69235831429003,53.792284167924734,0.66,1.32,90.9090909090909,2.648564849123675,33.33333333333333,7.098393630068708,-1,-0.03333121762565361
17,json_r_comf_03,114,1.14,103.7375490729372,96.0557147448364,64.8584039448759,70.58824352123432,,,,7.689783110112473,,5.953781247987178,1,0.06039928432245728
17,json_r_comf_04,114,1.14,103.52314590837383,97.03773631029688,70.02728855771556,64.59973209013947,0.49,0.98,122.44897959183672,6.46727270675439,,8.646503295917054,1,0.04954993622923137
17,json_r_comf_05,113,1.13,103.0854999879118,99.61587773955895,57.38525513106308,64.13949723207611,,,,3.423382995470025,,11.637855868780733,1,0.030238765325496686
17,json_r_comf_06,112,1.12,107.109557196847,88.96201299442792,75.29537262024692,75.81516845068076,0.5,1.0,120.0,18.511142828830813,16.000000000000004,8.462904206345973,1,0.06137013290614579
17,json_r_comf_07,113,1.13,107.39437664531896,92.5130326861242,66.81453073059316,74.54722754061711,0.52,1.04,115.3846153846154,14.88823651805895,32.25806451612903,6.99270032722039,1,0.03972019673862581
17,json_r_comf_08,112,1.12,106.01635485295648,91.41312286606136,66.79519659906248,74.24694288160362,0.62,1.24,96.7741935483871,14.793365363280234,6.451612903225811,7.027876410628242,1,0.03106814332280844
17,json_r_comf_09,115,1.15,104.67950028618952,88.76228538763456,72.81180981638029,70.76880223396634,,,,16.456852735420984,,10.640412662527062,1,0.06232522398824397
17,json_r_comf_10,114,1.14,104.55369084738342,89.44304179087911,61.42734275491361,71.4441327799957,,,,15.578251088053632,,10.33431318488154,1,0.05384992012666856
17,json_r_fast_01,108,1.08,103.89504789547446,98.87678871123222,41.65652706391971,99.40040216275057,0.47,0.94,127.65957446808513,4.949660927494169,12.76595744680851,11.658499858192757,1,0.012271423219212485
17,json_r_fast_02,108,1.08,97.39033016610652,97.89683130085764,65.78820238624549,82.91231351197928,0.5,1.0,120.0,0.5187244578152317,20.000000000000007,4.241467989257537,1,0.06708651820372236
17,json_r_fast_03,111,1.11,97.5058854232178,100.7841094682461,39.11897743983246,89.21098878806806,0.385,0.77,155.84415584415584,3.30649465881794,7.792207792207799,5.142444025658919,1,0.0034659046013044703
17,json_r_fast_04,111,1.11,105.14759957758726,98.88026473584996,42.45761538055487,90.95336917540446,0.715,1.43,83.91608391608392,6.143606769425493,37.76223776223777,12.018473218317352,-1,-0.07224451254875586
17,json_r_fast_05,111,1.11,104.50974167439408,100.7337862901737,50.77994208927761,98.556404068862,0.7250000000000001,1.4500000000000002,82.75862068965516,3.679487895834888,45.517241379310335,8.61912045220027,-1,-0.06531503540487482
17,json_r_fast_06,110,1.1,102.62499746653243,99.88922885578596,46.59864817705149,98.48529408665854,0.54,1.08,111.1111111111111,2.701803878599887,,11.961643867086636,1,0.008029435101604643
17,json_r_fast_07,111,1.11,103.08241033617192,101.48594736426308,48.75593345218925,97.8548244894004,0.69,1.38,86.95652173913044,1.560811251412289,43.47826086956521,11.97451287773772,-1,-0.06499765315138228
17,json_r_fast_08,111,1.11,101.954375591821,102.16672970869308,49.2707032835213,94.10597349608793,0.57,1.14,105.26315789473684,0.2080667910938878,0.0,7.062582231188359,1,0.012190388080912107
17,json_r_fast_09,111,1.11,101.73514095857006,100.50933217693068,45.231841621210464,99.82323609734588,,,,1.21220497414346,,10.322863918965124,1,0.029551163866796015
17,json_r_fast_10,110,1.1,102.57424702466132,100.85526386782232,43.04447360298015,95.61537126808972,0.57,1.14,105.26315789473684,1.6900037259073166,,10.031504279625404,1,0.008539289523279259
17,json_r_slow_01,127,1.27,99.66506169451098,107.12942764418897,45.657247186703074,87.79484171481562,0.475,0.95,126.31578947368422,7.219114951803589,18.94736842105264,5.797597887934122,1,0.035207579338862593
17,json_r_slow_02,129,1.29,102.42522293129258,109.9348445346305,47.33305307324909,85.03875985342556,0.39,0.78,153.84615384615384,7.072536464081668,52.38095238095239,4.909765107087024,-1,-0.004743527580258755
17,json_r_slow_03,130,1.3,105.43679669489444,102.82622010813428,45.770878766274095,93.59141124264346,0.57,1.14,105.26315789473684,2.50699968418226,0.0,6.458715020931043,1,0.0033827908923446115
17,json_r_slow_04,122,1.22,97.60663093699011,96.55583017075668,55.8674328407657,86.73588531264456,0.3,0.6,200.0,1.0823933320976131,,12.041742418466184,-1,-0.06943043058500853
17,json_r_slow_05,120,1.2,100.55454856169742,57.58235770657129,53.406966055342565,74.90235601442507,,,,54.34808593286462,,5.784595620447124,1,0.06354585310348138
17,json_r_slow_06,122,1.22,97.83205332268632,56.686006791389445,42.99266916403592,80.47977586579186,0.55,1.1,109.09090909090908,53.25726520371802,3.636363636363639,5.918980900294407,1,0.04361645644682405
17,json_r_slow_07,122,1.22,99.58593933187008,98.84168864355836,78.53171558330514,59.32857860667678,0.57,1.14,105.26315789473684,0.7501482489160798,0.0,4.147953404721632,1,0.022974257788036745
17,json_r_slow_08,120,1.2,82.47662541944328,95.11009573433935,70.68014025868533,77.95633926058956,0.53,1.06,113.20754716981132,14.2279447841779,2.8708133971291896,6.647233840116931,1,0.061250734665665774
17,json_r_slow_09,118,1.18,56.59722601876372,75.19804101580765,71.86921878105237,89.87168276592513,0.435,0.8700000000000001,137.9310344827586,28.22683305033211,48.27586206896552,4.229980787263585,1,0.07375376593021482
17,json_r_slow_10,120,1.2,163.5191617520102,87.37121272117848,76.72964944590625,75.52117684867281,0.35,0.7,171.42857142857144,60.70216857918498,40.49079754601228,5.606589773083448,-1,-0.06379697604416801
16,json_l_comf_01,107,1.07,81.5006196881283,53.12291192618842,59.67720236768925,83.05938183463559,,,,42.158614354642296,,12.364704771014418,1,0.077088868028662
16,json_l_comf_02,107,1.07,82.20519048222094,60.18152710668595,57.42452197243272,82.4443464689813,,,,30.934996955433466,,12.324947940098442,1,0.08168526719268437
16,json_l_comf_03,108,1.08,83.6641127491528,60.363917725618,61.36750879258874,81.76435178078924,,,,32.35508386350708,,10.649333143928974,1,0.08496569185950908
16,json_l_comf_04,106,1.06,82.83669859633872,56.86865989386544,60.98498729341272,80.98758305739679,,,,37.17543690966457,,10.642668552400998,1,0.08243627286163963
16,json_l_comf_05,107,1.07,82.90539947014425,55.05338518120149,67.64256218408991,80.95791071586457,,,,40.377297262122646,,10.974686545144513,1,0.0845195183638176
16,json_l_comf_06,108,1.08,88.61028498195232,62.93813879966986,68.77226225476792,82.33360859200931,,,,33.87979306109503,,12.30299012310486,1,0.0824875227942693
16,json_l_comf_07,107,1.07,91.50875690654036,66.64134653415613,72.95965381276658,77.98951176045362,,,,31.44785849818817,,12.771023309425756,1,0.07969399094501062
16,json_l_comf_08,101,1.01,94.86658359765408,73.72618373677412,69.31997224520832,77.50653149720053,,,,25.07865573965568,,12.565903669382848,1,0.07925964698271298
16,json_l_comf_09,104,1.04,97.38435189551498,72.03118085538661,61.2362152461546,74.22409013765984,,,,29.93016121775109,,11.382748096186551,1,0.0732961446526682
16,json_l_comf_10,107,1.07,99.16088464996425,60.4059989809207,68.71612772705743,76.32785253326422,,,,48.575098776375846,,12.707726723679317,1,0.06628046367471824
16,json_l_comf_11,106,1.06,95.96008761514268,65.65762083885623,59.86135069891647,75.52921912171325,,,,37.49894373104716,,13.072263759311642,1,0.06367419744526132
16,json_l_comf_12,107,1.07,61.01719171157454,86.84843293467205,86.80417116301055,112.62613508980296,0.34,0.68,176.47058823529412,34.93880512782618,21.052631578947373,1.7445165283602937,1,0.02213994367243849
16,json_l_fast_01,103,1.03,81.93636813322483,87.11035164629892,92.88753826881404,102.81009549325876,0.53,1.06,113.20754716981132,6.121365170317613,18.867924528301884,6.227808686161922,1,0.08244247764857221
16,json_l_fast_02,97,0.97,82.7292783311407,80.59678681833729,100.27105010876784,117.95209016226404,0.3,0.6,200.0,2.6113302991187965,0.0,6.1452980264796215,-1,-0.04939219491532332
16,json_l_fast_03,97,0.97,87.29945193729753,81.90491473453686,97.04979278328796,131.84477393728503,0.385,0.77,155.84415584415584,6.376356956819181,33.76623376623377,4.370832513931156,1,0.029179908559416212
16,json_l_fast_04,102,1.02,97.22952672061272,57.46096229645238,104.68944734612272,104.95661252379897,0.38,0.76,157.89473684210526,51.41694835520645,36.68639053254439,3.728135591407029,1,0.012491150708515364
16,json_l_fast_05,103,1.03,87.98111228408027,58.10959715973932,92.77401330150326,116.21121601672752,0.535,1.07,112.14953271028035,40.89447609374268,46.728971962616825,3.874848837365256,1,0.04461233222700817
16,json_l_fast_06,103,1.03,85.28603516326253,57.75180258906825,71.26599008164123,95.8962252314913,0.52,1.04,115.3846153846154,38.499229304444114,19.230769230769223,5.649963677712117,1,0.08774662815426215
16,json_l_fast_07,104,1.04,71.4065529743574,55.39404620010687,85.54321416326944,123.4214773403812,0.6200000000000001,1.2400000000000002,96.77419354838707,25.25620048879896,19.354838709677416,3.3942619842317114,1,0.0689012413403704
16,json_l_fast_08,101,1.01,69.5592507406926,55.77511602010681,76.33995106445857,117.10283720753657,0.49,0.98,122.44897959183672,21.995778295817,24.48979591836736,4.202706232693518,1,0.09391430145875884
16,json_l_fast_09,102,1.02,71.05323068217973,57.5755041249881,97.06882362139092,125.31958136839766,0.36,0.72,166.66666666666669,20.95601200990836,11.42857142857144,3.8278437263680343,1,0.04738472228372714
16,json_l_fast_10,102,1.02,78.8248893368309,57.83151864123032,102.4087374662147,123.30506890442742,0.4649999999999999,0.93,129.03225806451613,30.72431217271693,23.655913978494635,3.51855062969258,1,0.06384840944120795
16,json_l_fast_11,102,1.02,70.88134100903675,57.07668147742263,80.76877201884886,119.27529553773864,0.33,0.66,181.8181818181818,21.576856633705702,33.11258278145696,2.1474438064871486,1,0.029643731000209006
16,json_l_slow_01,113,1.13,80.55855130209167,76.31525263222504,114.22379896865914,130.12242459082677,0.34,0.68,176.47058823529412,5.409824411019329,14.96598639455782,8.507627220695891,-1,-0.011154137447365486
16,json_l_slow_02,114,1.14,76.34312306992707,84.36181101529104,76.97652936873037,88.04116152473864,0.59,1.18,101.69491525423727,9.97939234536737,3.38983050847458,10.541601655101797,1,0.055466054660418096
16,json_l_slow_03,112,1.12,73.63434757054108,76.69541747520026,70.83114339163565,82.64835838973147,,,,4.072473476863049,,14.573970529187736,1,0.07505238960659044
16,json_l_slow_04,110,1.1,77.74878387024187,82.67234090589749,73.88721033414149,90.56234135456688,0.59,1.18,101.69491525423727,6.138290131709558,0.0,15.079897711272814,1,0.027392018054151424
16,json_l_slow_05,111,1.11,75.50974819485745,84.76279849336993,79.56244636922517,91.3223748118242,,,,11.546644125537126,,16.978137034503334,1,0.05971291797722905
16,json_l_slow_06,111,1.11,76.23055269895275,81.84406121508775,67.10506980255354,84.46028907239047,,,,7.102352967551859,,17.02789003839484,1,0.05353310342827933
16,json_l_slow_07,111,1.11,75.06607068177095,84.49859963491554,72.39293751173811,89.47110645936004,0.4549999999999999,0.91,131.86813186813188,11.822828868600968,19.780219780219788,17.034211308810285,1,0.04792172164678832
16,json_l_slow_08,113,1.13,75.29771025592315,81.2027120871882,79.17390336522548,80.4248387980454,,,,7.5463078538138815,,16.98221482168469,1,0.06007384181377923
16,json_l_slow_09,112,1.12,76.37089511991633,87.4086089632928,116.07839648771385,117.02538462968664,0.5349999999999999,1.0699999999999998,112.1495327102804,13.478748644602936,20.5607476635514,3.550328670415422,1,0.040505507606036106
16,json_l_slow_10,110,1.1,77.01598618962747,80.88795823385045,82.44067174288485,84.79440469298929,0.37,0.74,162.16216216216216,4.904211935122859,,17.00569155637623,1,0.026063084081042742
16,json_r_comf_01,108,1.08,87.56248845179131,84.02183823685634,76.628655037223,107.48327127431207,0.33,0.66,181.8181818181818,4.127008897916114,23.77622377622378,1.7286686801165378,1,0.022705050497740964
16,json_r_comf_02,94,0.94,85.09015532508258,79.43138727080458,74.74524308779829,109.28997676294765,,,,6.879060292034317,,0.0549423782526454,1,0.08650515953262677
16,json_r_comf_03,108,1.08,86.1713052309903,80.79269308907011,74.57537294453263,109.82191684699085,0.535,1.07,112.14953271028035,6.44284060760176,50.46728971962617,1.835577620377625,1,0.04815781132055752
16,json_r_comf_04,108,1.08,83.8115881408433,88.13884801031556,64.47473270441824,113.78798043902988,0.47,0.94,127.65957446808513,5.0331478841591695,,10.891373759219722,1,0.05138290209993995
16,json_r_comf_05,109,1.09,77.33172358100772,66.00968011736498,75.78327302020286,110.98652661666964,0.455,0.91,131.86813186813183,15.797310716263452,24.17582417582417,3.514349481141453,1,0.09208358418650092
16,json_r_comf_06,109,1.09,70.03681727381394,67.26999452554251,77.67116666006719,102.55521446337232,0.54,1.08,111.1111111111111,4.030131807756956,40.74074074074075,6.020670462420887,1,0.07972086527918398
16,json_r_comf_07,109,1.09,68.52336606539887,67.77923994000571,78.26710382576499,101.26135862243,0.595,1.19,100.8403361344538,1.0918736584737934,5.042016806722694,9.837240773677996,1,0.0762976219844223
16,json_r_comf_08,107,1.07,74.32135553413153,66.48497669387487,86.48746296728035,113.57874890388835,0.48,0.96,125.0,11.130719359364152,37.49999999999999,11.766340764649486,1,0.05892020473858284
16,json_r_comf_09,107,1.07,77.52269721315822,90.37614384634998,89.02017672375457,90.26986991715526,0.6,1.2,100.0,15.310941459847385,33.183856502242165,2.6488592363410546,1,0.053870081841742024
16,json_r_comf_10,108,1.08,77.69252237400106,89.34992093313713,80.28559782488827,107.5652401165086,0.6799999999999999,1.36,88.23529411764707,13.95740906124296,41.17647058823529,5.5259602598945445,1,0.005094911275562886
16,json_r_comf_11,109,1.09,79.18478003966752,84.9288862265308,72.75571398347667,98.17044021809366,0.41,0.82,146.34146341463415,7.000155828029754,38.202247191011246,14.006298490437665,1,0.02676903944212311
16,json_r_fast_01,102,1.02,65.86879994156159,99.55962814723044,81.38987043355777,137.81269788002083,0.485,0.97,123.71134020618555,40.73160652603871,55.67010309278351,9.446787985027148,-1,-0.018858641860407643
16,json_r_fast_02,102,1.02,64.89175390000521,92.55995504243636,78.0675093015968,122.76071701523507,0.4,0.8,150.0,35.144999477326216,25.000000000000007,11.697764308374254,1,0.023289812241976016
16,json_r_fast_03,101,1.01,70.24361965134028,94.01520839705796,81.18260898909901,115.42055401034376,,,,28.944062280431552,,11.727504466707945,1,0.0631282101608488
16,json_r_fast_04,102,1.02,67.13982927280493,88.94518232572835,76.76059529779438,120.45155699254153,0.395,0.79,151.89873417721518,27.940354848432253,37.97468354430379,11.6556573674348,1,0.013174828531661686
16,json_r_fast_05,101,1.01,52.56972453894754,87.96109686579948,84.40542062830126,116.00023048327108,,,,50.36812846189831,,11.632819860592347,1,0.04218306744510253
16,json_r_fast_06,102,1.02,55.565997950228905,91.47110480369604,80.6822062102022,128.37226341916048,0.4499999999999999,0.8999999999999999,133.33333333333334,48.83815877895309,53.33333333333332,12.099148181601894,-1,-0.017242235559482677
16,json_r_fast_07,101,1.01,54.78712646233035,87.54448928173277,72.87973785306788,123.29341589188236,0.35,0.7,171.42857142857144,46.029636701807455,,12.1763648876638,-1,-0.012531715407310795
16,json_r_fast_08,104,1.04,66.94192533229732,90.56310601397786,81.00305163701566,121.98974456057933,0.42,0.8400000000000001,142.85714285714283,29.99419190584372,38.09523809523809,12.615320529309177,1,0.006095852816425773
16,json_r_fast_09,103,1.03,66.52831059804937,92.04239695057528,80.92371483513918,135.50234790398562,0.385,0.77,155.84415584415584,32.180075055416125,28.57142857142857,14.57753232789924,-1,-0.015286983513799979
16,json_r_fast_10,103,1.03,66.1050207863439,88.09806705369071,85.10197627529412,133.01913329836955,0.43,0.8600000000000001,139.53488372093022,28.524780632358933,46.51162790697674,14.862149696856584,-1,-0.020448031641048692
16,json_r_slow_01,117,1.17,81.267760219914,85.06401080496542,78.82985509825029,93.129344733249,0.37,0.74,162.16216216216216,4.564672836296071,,1.900146987112683,1,0.07226808271516355
16,json_r_slow_02,118,1.18,76.70386833650458,78.5816340467602,79.09626535956964,95.2823437550806,0.5700000000000001,1.14,105.26315789473684,2.4184687964251124,17.5438596491228,1.9801215287643792,1,0.08978370855872281
16,json_r_slow_03,119,1.19,71.05056206895668,96.85854896462868,84.25614082209299,121.741307471356,0.4349999999999999,0.8699999999999999,137.93103448275863,30.740424669998838,62.06896551724138,2.630900402296201,1,0.007280254599179414
16,json_r_slow_04,119,1.19,71.86279872576277,96.09697016675428,94.56154403579752,108.882196682449,0.56,1.12,107.14285714285714,28.857114534969075,0.0,4.238986612897611,1,0.042284413687213696
16,json_r_slow_05,119,1.19,70.005730486227,91.67173130115027,92.72727766046916,117.73609633593394,,,,26.80151033471361,,5.731571249736176,1,0.0697785952062126
16,json_r_slow_06,117,1.17,68.97464923831342,89.38731925940161,87.93916166994347,106.0726877134581,0.45,0.9,133.33333333333334,25.77976292506457,33.51351351351352,2.6171386838603348,1,0.06775551166520494
16,json_r_slow_07,117,1.17,71.19939660151627,91.57775581360418,91.2678139313542,112.75990960027958,0.4,0.8,150.0,25.038353245200227,4.99999999999999,3.55472547989022,1,0.051621971398972066
16,json_r_slow_08,116,1.16,80.56705313852336,96.39633010800269,91.97099454865209,115.30305292680023,0.53,1.06,113.20754716981132,17.88988962471145,51.42857142857142,3.5102629829679364,1,0.03614138938686107
16,json_r_slow_09,116,1.16,68.79083560901128,90.9157566808562,84.8107899738908,111.27991449846348,0.54,1.08,111.1111111111111,27.706960313432997,,3.432691819168171,1,0.07127594413376492
16,json_r_slow_10,115,1.15,66.64745059292495,94.03320863834185,90.55991302476656,115.26757247080089,,,,34.087186567987274,,4.149454856218049,1,0.06745516287400116
15,json_l_comf_01,121,1.21,82.38401265214162,48.18133619871068,73.97174640929403,55.01587683472759,0.69,1.38,86.95652173913044,52.39165943255192,26.08695652173914,4.717230524641519,1,0.026086965020140407
15,json_l_comf_02,117,1.17,89.07338619527478,48.42621409059031,80.33921853475722,86.8306250829876,0.5549999999999999,1.11,108.10810810810813,59.12333129722267,16.21621621621621,7.59890745849217,1,0.0669911701292561
15,json_l_comf_03,117,1.17,103.43846027159948,65.48254069861939,67.17128370320935,82.26057174279637,0.7,1.4,85.71428571428572,44.93925486467109,8.571428571428562,5.936152369376079,1,0.015262794841887972
15,json_l_comf_04,115,1.15,102.25699790510316,68.65273156172489,57.47251992058847,79.36686548281045,0.3,0.6,200.0,39.32399454169229,,7.896939141103092,-1,-0.03325079268381237
15,json_l_comf_05,117,1.17,94.481501115178,76.20895908931145,84.40183427669524,94.9948407216026,0.645,1.29,93.02325581395348,21.41015028487918,13.953488372093018,9.506110282224958,1,0.05190843941051376
15,json_l_comf_06,116,1.16,91.40871477044684,70.90166041584175,97.64606560832608,99.82826723552004,0.5650000000000001,1.13,106.19469026548671,25.268938391730693,40.70796460176992,6.0577420404113855,1,0.04776175105405117
15,json_l_comf_07,113,1.13,92.77105294965544,85.61109667166194,93.63040874363904,109.70678358782988,0.6,1.2,100.0,8.027660046919692,6.666666666666673,7.967361591588495,1,0.05808024487292185
15,json_l_comf_08,114,1.14,100.01752631127508,76.55761410497661,77.2537693897603,104.60180538421938,0.59,1.18,101.69491525423727,26.57215749736338,3.38983050847458,6.756997121453245,1,0.05905289461734886
15,json_l_comf_09,114,1.14,99.20486938640536,66.22058019064158,80.95259073864946,81.6568419089821,0.61,1.22,98.36065573770492,39.878131545172366,29.508196721311464,9.889535061935817,1,0.04107227189139295
15,json_l_comf_10,114,1.14,84.05746703575008,63.71859814054008,77.61380638561624,82.55503425597483,0.41,0.8200000000000001,146.34146341463415,27.52660773711446,4.878048780487795,17.06514422077601,1,0.034026902842635265
15,json_l_comf_11,116,1.16,90.14509126221836,66.45681710762558,65.19041516368964,89.40116258388741,,,,30.25285502734564,,13.5675061982708,1,0.07401201863382412
15,json_l_fast_01,111,1.11,108.97082524466578,108.05127478993896,67.00644619922875,125.78767897818358,0.525,1.05,114.28571428571428,0.8474256350668365,24.761904761904752,1.8196517478561691,1,0.019640558394408425
15,json_l_fast_02,114,1.14,104.18169917386828,104.86668838718016,58.28325015547821,119.76827923596986,0.54,1.08,111.1111111111111,0.6553403461309575,,0.92340276032474,1,0.020494602391338823
15,json_l_fast_03,111,1.11,95.16505099166608,63.068991724591584,70.43334517589419,117.26461811187131,0.71,1.42,84.50704225352113,40.56783068435983,,1.8472482072132657,-1,-0.006828953828987627
15,json_l_fast_04,112,1.12,93.2579820912452,62.75501700461953,72.90407599378018,129.16875018890667,0.47,0.94,127.65957446808513,39.1031071300445,42.553191489361694,1.7812755252596264,1,0.035389053482952126
15,json_l_fast_05,111,1.11,93.703102169445,83.92372429606982,70.29819933089217,116.28589011170858,0.475,0.95,126.31578947368422,11.011149687205371,61.05263157894737,2.7615360033260554,1,0.03078510329764661
15,json_l_fast_06,112,1.12,100.00109855622496,86.81398291847148,82.07481885164754,129.34217327902053,0.4499999999999999,0.8999999999999999,133.33333333333334,14.11782767606977,57.77777777777777,2.630398766470182,1,0.016295322397659795
15,json_l_fast_07,111,1.11,94.7803686431422,83.67135983596603,69.36834487158328,87.33982179008436,0.45,0.9,133.33333333333334,12.450435646496668,0.0,11.014392125107165,1,0.05240771382867476
15,json_l_fast_08,112,1.12,93.3691549236411,78.55309419102497,72.7607002894405,78.94991822817227,,,,17.23576885355234,,10.995125854461511,1,0.08602886109975089
15,json_l_fast_09,110,1.1,95.4894179046258,82.8022485941092,58.0666660168898,82.46081823593556,,,,14.231926325739527,,10.621354490045384,1,0.0713801391897167
15,json_l_fast_10,113,1.13,90.56426054820996,67.29048841503148,75.53506016706906,100.94046139248157,0.62,1.24,96.7741935483871,29.487579291767908,6.451612903225811,12.313410789650822,1,0.05506961820858308
15,json_l_fast_11,112,1.12,93.09321496612542,65.04820826023293,51.780426536641954,86.33721158001461,,,,35.46826142540757,,12.285856380253795,1,0.06438836752247695
15,json_l_fast_12,113,1.13,39.00426501667047,90.7952405040922,77.64393088417559,111.70754893070398,0.35,0.7,171.42857142857144,79.80149890345655,50.00000000000002,11.91074842620668,-1,-0.08041076198630437
15,json_l_slow_01,127,1.27,79.38258218501737,57.67593953824285,115.05757171936789,129.9039799937448,0.485,0.97,123.71134020618555,31.674998933088144,6.185567010309284,0.9851905717531092,1,0.03583302794494847
15,json_l_slow_02,122,1.22,98.20683689291717,58.42903917138895,106.1266409214157,109.66864398935176,0.4649999999999999,0.93,129.03225806451613,50.7901493846756,2.150537634408592,1.7238598085615913,1,0.03347378237680376
15,json_l_slow_03,124,1.24,59.306952188207774,123.44249450627956,92.24672093854788,101.75264607860196,0.49,0.98,122.44897959183672,70.18958850834807,4.081632653061228,1.7324835995860872,-1,-0.00944098677161731
15,json_l_slow_04,124,1.24,61.651059145492354,55.28599993036718,56.57796195207375,41.15860143024024,0.575,1.15,104.34782608695652,10.886299459602492,26.086956521739136,0.9335096450931992,1,0.08911526394385982
15,json_l_slow_05,120,1.2,104.22705617055529,54.5468743481197,108.40467685187276,105.40961707774478,0.5700000000000001,1.14,105.26315789473684,62.57977195644495,31.57894736842105,1.8662381413967024,1,0.00574361616086605
15,json_l_slow_06,122,1.22,101.3602240707377,53.43637972574987,94.2815656660983,111.36590636184656,0.4549999999999999,0.91,131.86813186813188,61.91847000466977,59.34065934065934,1.7302615679704345,-1,-0.00045725172823518623
15,json_l_slow_07,122,1.22,103.82448479714525,59.6695943098476,105.69652344811688,96.87829734806463,0.44,0.88,136.36363636363637,54.01405448866691,9.0909090909091,1.7633143396462698,1,0.028549999152892303
15,json_l_slow_08,125,1.25,89.99575050657808,89.28464933663552,100.9484934769603,98.58131756336184,0.5800000000000001,1.16,103.44827586206895,0.7932837840214906,31.034482758620697,1.8019761494868305,1,0.05157541562991236
15,json_l_slow_09,122,1.22,100.61463436511042,83.58967053948525,83.1531292889527,93.74185788096172,,,,18.48487073572232,,7.909237197745554,1,0.08844821379259793
15,json_l_slow_10,125,1.25,72.8161769815897,75.6327278706743,87.97133528055826,79.42984828765364,0.34,0.68,176.47058823529412,3.794640171832349,,8.866796437600037,1,0.03879823730737392
15,json_r_comf_01,118,1.18,95.17689440389876,89.69691618709969,81.51788390176635,111.73207831804532,0.595,1.19,100.8403361344538,5.928344527849409,21.848739495798323,4.842486256378674,1,0.05736569660013768
15,json_r_comf_02,116,1.16,96.9516579771844,96.40194900224,91.63804353235436,135.0285651504547,0.41,0.8200000000000001,146.34146341463415,0.5686048308402039,15.028901734104034,2.715763135023812,1,0.026032916912029858
15,json_r_comf_03,117,1.17,86.07750263825221,89.96044641938884,96.0563854285926,135.4652926032769,0.36,0.72,166.66666666666669,4.4114849121142825,14.765100671140951,4.737943319411449,1,0.02235309994544682
15,json_r_comf_04,116,1.16,90.08945406592474,83.51725149892388,82.97651507211845,117.29650715685378,0.6399999999999999,1.2799999999999998,93.75,7.571369487851831,18.750000000000004,5.428041697828462,1,0.05305498372210371
15,json_r_comf_05,117,1.17,88.70730515931352,82.33963355870155,83.87276422789773,125.7925430602065,0.745,1.49,80.53691275167785,7.445525360859688,14.765100671140951,3.8203598485775303,-1,-0.023310481290755303
15,json_r_comf_06,116,1.16,82.08535619196832,82.10949094595085,97.80931676330076,112.55674782154878,0.59,1.18,101.69491525423727,0.029397699627278,38.961038961038966,2.852576915019713,1,0.0353829051158801
15,json_r_comf_07,116,1.16,94.5683765580916,86.26879452098551,88.75863162894859,117.78363775788335,0.585,1.17,102.56410256410255,9.179066435934024,5.128205128205133,1.8665960280789264,1,0.052617808668441846
15,json_r_comf_08,116,1.16,101.97573510166023,88.80336454668992,105.21856778740036,162.56849989782896,0.57,1.14,105.26315789473684,13.809028954691623,39.2857142857143,3.219735815399225,-1,-0.020572444987783656
15,json_r_comf_09,117,1.17,104.29354194181616,86.84604900465902,84.19753706491178,141.7320240133598,0.51,1.02,117.6470588235294,18.25628364145968,54.90196078431373,3.632003941177503,1,0.008141407412969981
15,json_r_comf_10,116,1.16,99.18546811993583,86.20565932363877,77.4092724867092,149.16835863388047,0.42,0.8400000000000001,142.85714285714283,14.002621350094094,17.34104046242775,3.797055626684316,1,0.021692776475574438
15,json_r_fast_01,114,1.14,108.59456395029667,73.88077000191508,91.21634738275672,150.99539363047074,0.47,0.94,127.65957446808513,38.04765630128699,35.53299492385785,3.797656229610812,-1,-0.004130584777519708
15,json_r_fast_02,113,1.13,109.32013768249512,69.99702994206726,96.81548143410448,122.02452477613068,0.45,0.9,133.33333333333334,43.858720569085634,44.55958549222797,4.414592803848226,1,0.016660115785676166
15,json_r_fast_03,113,1.13,102.1256429929006,69.9824410796354,102.39550809070158,114.6395288627032,0.3399999999999999,0.6799999999999999,176.47058823529414,37.35234412314794,56.52173913043478,3.752113594095453,-1,-0.02889362436623677
15,json_r_fast_04,112,1.12,108.56757735690653,114.8196815146688,97.56197663514672,109.92355322597764,0.505,1.01,118.81188118811882,5.597547675139859,5.940594059405946,3.6585819335369982,1,0.024123289101995127
15,json_r_fast_05,112,1.12,111.08105315265291,110.43069689578276,92.43945222804496,147.01866809097862,0.5800000000000001,1.16,103.44827586206895,0.5871979763854166,10.344827586206886,1.822392631495032,-1,-0.025021934829333015
15,json_r_fast_06,113,1.13,64.12537938063389,56.68591338304948,109.7217898766103,148.71905490857253,0.56,1.12,107.14285714285714,12.31584536080845,33.789954337899545,1.9139279648522285,1,0.016980706919044686
15,json_r_fast_07,113,1.13,97.2154233323986,107.4130626592432,100.81548412011324,132.05981705611345,0.625,1.25,96.0,9.966979208614298,78.4,1.8049114947820213,-1,-0.07062710197178956
15,json_r_fast_08,111,1.11,99.81430780343156,87.93351428644667,79.4865996711604,107.8594046324476,0.58,1.16,103.44827586206895,12.65611860072319,0.0,7.772627998652308,1,0.052801229261222604
15,json_r_fast_09,125,1.25,90.63999023341582,96.8657322229827,96.13402783708638,108.86248918247438,,,,6.640588786312462,,3.672890886197452,1,0.07852591480713356
15,json_r_fast_10,111,1.11,102.45745209413704,105.11634959313888,103.25696693567768,158.5684726650088,0.59,1.18,101.69491525423727,2.5618815836958686,,2.767049072319845,-1,-0.01861480648212166
15,json_r_fast_11,112,1.12,103.66647036698372,102.28497937892028,80.80901348353083,143.92283982853036,0.4,0.8,150.0,1.3415695687191316,15.0,3.632716930640303,1,0.009855331910192167
15,json_r_slow_01,125,1.25,95.589687527574,101.87979766984608,94.89275920311536,140.69494817405356,0.74,1.48,81.08108108108108,6.370716099232814,0.0,3.32524675374039,-1,-0.07113314277241267
15,json_r_slow_02,124,1.24,67.0686636941451,63.55971624149976,93.06612483435232,130.1254698180538,0.72,1.44,83.33333333333334,5.372412111937782,30.399999999999995,0.9623061426187756,-1,-0.01178963451405779
15,json_r_slow_03,130,1.3,62.43513804933194,57.84702221001445,87.02177966098363,89.81613499822276,0.755,1.51,79.47019867549669,7.628921578104067,3.973509933774838,1.801886282105782,1,0.00845600639309213
15,json_r_slow_04,128,1.28,86.72772574061942,99.6612612856752,83.65278417910747,127.2515225038276,0.4449999999999999,0.8899999999999999,134.8314606741573,13.878004008070704,11.235955056179774,3.67491836716196,1,0.047528195282601604
15,json_r_slow_05,124,1.24,76.41481073459107,98.25262481806926,98.74512781051268,150.19290444371987,0.53,1.06,113.20754716981132,25.00502055736008,22.641509433962263,1.8497826005167977,-1,-0.0018157445518341975
15,json_r_slow_06,124,1.24,66.46055728674662,61.09207042574725,87.65902512684778,138.72240445675305,0.57,1.14,105.26315789473684,8.41768132460594,,1.880509421541232,1,0.06723057110057667
15,json_r_slow_07,123,1.23,92.02840623360606,94.02359801382076,96.04158694410457,131.00531963782183,0.475,0.95,126.31578947368422,2.1447678441145057,18.94736842105264,2.697910654299155,1,0.04901065764301277
15,json_r_slow_08,123,1.23,89.53286578917093,97.6670627609782,89.31847747848344,127.279145172639,0.585,1.17,102.56410256410255,8.69038469705207,5.128205128205133,3.669759874704929,1,0.03630068126816566
15,json_r_slow_09,123,1.23,91.07828479360714,95.6390929189746,67.65469236524845,136.45995609401265,0.5549999999999999,1.11,108.10810810810813,4.885252975636808,12.612612612612606,4.545024260979746,1,0.03440174790132533
15,json_r_slow_10,124,1.24,84.68299085788681,98.19767420217072,84.70591316966008,139.52058266145522,0.7050000000000001,1.41,85.1063829787234,14.77978368007982,21.27659574468085,2.7488898154277406,-1,-0.02583369567483318
13,json_l_comf_01,117,1.17,57.31296536939799,65.08342203076964,70.92063189446078,76.56524648428343,,,,12.697199364171777,,9.14670310865259,1,0.11251242733186362
13,json_l_comf_02,118,1.18,57.89373094915837,62.6682277943717,67.77871302579986,77.52154668232474,,,,7.920403575011687,,7.420683604079205,1,0.11881750609637176
13,json_l_comf_03,118,1.18,60.336270431251776,64.01729042222995,77.91207233823341,85.63169838356842,0.47,0.94,127.65957446808513,5.920248629334056,42.553191489361694,7.364143921476997,1,0.1012326106639766
13,json_l_comf_04,119,1.19,46.83746333931023,61.50921570198237,68.34009587414158,79.9221093177715,0.64,1.28,93.75,27.082975671234934,,7.38818688334655,1,0.07311479297916407
13,json_l_comf_05,116,1.16,77.82961260330421,57.641045442940495,95.94529694287348,98.55436944883188,0.5,1.0,120.0,29.805077278759637,4.000000000000004,12.706760440727722,1,0.061784492502101995
13,json_l_comf_06,118,1.18,31.08452048101856,75.3777906786521,34.18723686725936,90.8832325901201,0.5900000000000001,1.1800000000000002,101.69491525423727,83.20929672699502,23.72881355932203,3.7333837338360776,-1,-0.0028663849350191173
13,json_l_comf_07,118,1.18,81.35039683255167,72.30667012078607,93.46752482481648,88.98292609248907,,,,11.77131243109304,,5.661012951373072,1,0.10574901677009929
13,json_l_comf_08,118,1.18,86.82870362522286,65.94426940399019,101.34722683647163,94.55156578361613,0.59,1.18,101.69491525423727,27.34048281856657,,7.659607636839432,1,0.06289265454766929
13,json_l_comf_09,118,1.18,85.28564581069793,63.83763842172671,97.56778175098248,92.73855525479313,0.605,1.21,99.17355371900828,28.765470797360127,11.570247933884309,7.6726004357093425,1,0.06656227936106979
13,json_l_comf_10,117,1.17,97.33736859291564,67.29751181323996,97.46596016537308,99.7476181827618,0.53,1.06,113.20754716981132,36.49270033855171,3.773584905660381,5.795418742503742,1,0.06439992421450141
13,json_l_fast_01,111,1.11,93.07928142750066,87.2994411373312,82.8642957251351,115.25613436414072,0.48,0.96,125.0,6.408561063062264,50.0,12.44894142917017,1,0.02110912488075789
13,json_l_fast_02,113,1.13,93.50479040258652,87.29104850464327,87.79400518214612,114.50842334194763,0.48,0.96,125.0,6.873766493189764,35.53299492385785,6.532162072365729,1,0.05717389139153095
13,json_l_fast_03,114,1.14,97.25470513242854,86.44568941388559,74.83070643707109,112.98888162965972,0.44,0.8800000000000001,136.36363636363637,11.76809200136781,45.45454545454545,12.404764279769656,1,0.014186769977488078
13,json_l_fast_04,113,1.13,63.01795687249478,66.31081592743018,77.98985646630437,104.69724594445208,0.475,0.95,126.31578947368422,5.092229646421444,48.42105263157895,13.638830796674055,1,0.04125711248084879
13,json_l_fast_05,112,1.12,74.85006259114294,82.14931032978204,81.69757393700809,84.11097277460095,0.4,0.8,150.0,9.298441901822711,,14.450264268890557,1,0.05247882091751366
13,json_l_fast_06,112,1.12,74.74284951234225,86.54999876692366,81.4480502127582,92.99041194412511,0.48,0.96,125.0,14.64063581311214,,13.26293204758638,1,0.07056373499045676
13,json_l_fast_07,112,1.12,79.25651721118841,83.36557978204219,68.5499915721196,85.1799515046346,0.43,0.86,139.53488372093022,5.053510742792631,37.2093023255814,12.0382146159239,1,0.04612792242041597
13,json_l_fast_08,112,1.12,75.77074660918085,82.44941222797756,68.90516564330298,80.5147221946158,0.63,1.26,95.23809523809524,8.442243602688398,,12.254342433137609,1,0.04755090369044457
13,json_l_fast_09,113,1.13,63.88455103249994,55.56207543073057,85.91162389097687,104.0586441483558,0.5,1.0,120.0,13.935053417906772,56.00000000000001,4.919613305332792,1,0.08006043773034804
13,json_l_fast_10,114,1.14,75.25426233964977,61.897988228896494,97.72077663537048,107.56800220528945,0.45,0.9,133.33333333333334,19.476565722234422,54.54545454545453,3.512918805447238,1,0.06593834745570526
13,json_l_slow_01,118,1.18,88.20971560936644,85.20897901171627,90.51346816863168,113.11025134365772,0.435,0.87,137.93103448275863,3.4606841023763213,25.28735632183908,7.574718715363298,1,0.06035904614039955
13,json_l_slow_02,118,1.18,87.67476754251389,93.49555932061143,88.59894961077384,109.54597691807936,0.335,0.67,179.1044776119403,6.425767264299487,2.985074626865674,10.987102742669892,-1,-0.004983619485601443
13,json_l_slow_03,120,1.2,90.45143702308872,86.44296798692245,80.46315742136538,109.29786843339248,0.41,0.8200000000000001,146.34146341463415,4.532047280906843,14.634146341463412,6.198220375083967,1,0.06840871793878955
13,json_l_slow_04,118,1.18,114.2954207728473,113.40379685163276,68.84446157736903,103.52710748881708,0.6000000000000001,1.2000000000000002,100.0,0.7831594069725714,13.333333333333323,14.062376625729266,-1,-0.02560669430342888
13,json_l_slow_05,120,1.2,118.89740490233956,112.05523415646972,90.86352166855303,126.76794554454248,0.59,1.18,101.69491525423727,5.925172168418111,44.06779661016949,7.784517250632241,-1,-0.041485938255207744
13,json_l_slow_06,119,1.19,67.79212563358713,112.06728491199354,78.18249553019447,103.31024325241036,0.42,0.8400000000000001,142.85714285714283,49.233075038001445,14.285714285714285,12.782143993743505,1,0.0011360519251669698
13,json_l_slow_07,118,1.18,106.39547869296162,108.8978387380532,77.72117852002222,101.9781672863351,0.495,0.99,121.21212121212122,2.324605403410544,10.101010101010113,8.505700343179546,1,0.041521076417036396
13,json_l_slow_08,117,1.17,71.2672953271094,115.19223489294905,74.02976569565021,111.58517138909652,0.46,0.92,130.43478260869566,47.114716543584215,26.08695652173913,17.887487282995185,-1,-0.03578999167673813
13,json_l_slow_09,119,1.19,116.87306525940495,125.97085610180144,101.89404741828444,119.5393420746747,0.51,1.02,117.6470588235294,7.492706254618904,21.989528795811516,4.532386433014004,-1,-0.010215768381186874
13,json_l_slow_10,120,1.2,122.7343754856496,118.02316003313273,88.20330000508302,96.57510776139516,0.435,0.87,137.93103448275863,3.9136598091230623,29.88505747126437,11.345977305041758,-1,-0.028224795471110786
13,json_r_comf_01,119,1.19,81.13660151716734,82.40436528472361,85.02316789037351,92.4000775454776,0.54,1.08,111.1111111111111,1.550392898302979,11.1111111111111,5.660959724831907,1,0.086702135801004
13,json_r_comf_02,117,1.17,78.20367837819244,58.50647913574045,74.92154956967366,84.58638514739204,0.595,1.19,100.8403361344538,28.815999631109403,1.6806722689075646,6.7999615254553625,1,0.07122884321547529
13,json_r_comf_03,118,1.18,81.12856304049309,62.9301418721106,83.08405743985222,86.26952748417375,0.6000000000000001,1.2000000000000002,100.0,25.26528498145664,13.333333333333323,7.944555281716434,1,0.0855737061610462
13,json_r_comf_04,118,1.18,85.15128664355967,61.35756388169391,84.8324536002792,92.08885952293346,0.515,1.03,116.50485436893204,32.48093569304806,17.47572815533982,7.59064287716108,1,0.09261026143392076
13,json_r_comf_05,117,1.17,85.05084982984378,56.62636728135476,80.52410286747275,85.57230177585424,0.61,1.22,98.36065573770492,40.125692935060165,9.8360655737705,10.183536926224956,1,0.06526106953288607
13,json_r_comf_06,120,1.2,91.9627300783946,80.36235036286028,81.18546060775152,103.52680988675736,0.6399999999999999,1.2799999999999998,93.75,13.463367822989468,18.750000000000004,9.457625763268137,1,0.057428478976132624
13,json_r_comf_07,119,1.19,89.99172802041772,77.40643699074208,78.74072964911535,99.96303018541656,0.52,1.04,115.3846153846154,15.036354823646525,26.92307692307692,9.528202994249142,1,0.07945414299463077
13,json_r_comf_08,119,1.19,95.94481286494222,73.42116675688156,80.80902434347902,106.39853653783136,0.6000000000000001,1.2000000000000002,100.0,26.59760379074188,23.33333333333333,7.644697487196208,1,0.06965286513984537
13,json_r_comf_09,119,1.19,99.7006601955056,66.52138728093072,83.11179418017157,87.58612075369366,0.52,1.04,115.3846153846154,39.92162702637671,30.69767441860465,7.673837314050068,1,0.07283017345043818
13,json_r_comf_10,117,1.17,102.44641611200336,70.79225305469636,86.9891274837759,88.62501910372595,0.615,1.23,97.5609756097561,36.54399241181845,11.382113821138224,7.987132593585752,1,0.056462079957563804
13,json_r_fast_01,111,1.11,82.1362295571852,90.09912718199206,96.0403679474476,102.73701231472216,0.51,1.02,117.6470588235294,9.24653076530086,56.54008438818564,3.2219317010598827,1,0.04534986684732556
13,json_r_fast_02,109,1.09,87.4846269472708,91.22735467905882,96.92345298817676,83.06107460945296,0.52,1.04,115.3846153846154,4.188558257513727,46.15384615384615,7.922906541904728,1,0.04204293834229522
13,json_r_fast_03,112,1.12,85.6721891499703,93.44798084323894,81.17251828844662,97.90895099163453,0.52,1.04,115.3846153846154,8.682206692371315,29.743589743589745,6.4270282559023,1,0.07040467229983943
13,json_r_fast_04,111,1.11,87.5101970220413,91.18848852806975,98.33320609903922,102.22411437936928,0.62,1.24,96.7741935483871,4.11675272787275,38.70967741935484,7.746102645877838,1,0.030421819419054974
13,json_r_fast_05,110,1.1,87.50730474123519,88.0277163678361,93.74229258719092,100.43297426220629,0.51,1.02,117.6470588235294,0.5929433606044375,43.13725490196078,10.630170269100006,1,0.03752559568851832
13,json_r_fast_06,110,1.1,90.51967697694108,85.95332977508558,93.14389133326222,84.11863693073168,0.51,1.02,117.6470588235294,5.17512257075322,47.05882352941176,9.14124741357782,1,0.0471699924602787
13,json_r_fast_07,111,1.11,89.9181676476532,83.56380023081661,91.82111995543588,100.03853548875333,0.605,1.21,99.17355371900828,7.3256805817282995,41.32231404958678,10.94041279187216,1,0.025544490654444696
13,json_r_fast_08,111,1.11,85.90542117423504,86.28430122441841,92.45563180479652,90.02347890432294,0.595,1.19,100.8403361344538,0.4400727812385764,25.21008403361345,10.96799619064277,1,0.04777327629714079
13,json_r_fast_09,109,1.09,89.29203629331964,81.89001907380477,92.56530908029912,94.77933872558567,0.5,1.0,120.0,8.648122846334786,48.0,10.91713436499358,1,0.044191738608976905
13,json_r_fast_10,110,1.1,88.77557248067308,84.74329528761756,91.59967300174594,96.08526523658254,0.565,1.13,106.19469026548674,4.647652724935992,47.78761061946902,8.594263520709937,1,0.039750092377150714
13,json_r_slow_01,119,1.19,50.46626495084402,44.97748045048152,82.09341992915316,78.86198782094841,0.565,1.13,106.19469026548674,11.501611713335528,5.309734513274321,6.2707074884241205,1,0.08844883789693231
13,json_r_slow_02,120,1.2,51.63568275959226,48.41697901457434,90.47972353789694,89.63157389516664,0.46,0.92,130.43478260869566,6.4340192213636485,3.314917127071826,6.71533750208201,1,0.08725430372230364
13,json_r_slow_03,121,1.21,83.26072508694763,84.65869135726126,90.79342220221358,100.07096349701628,0.475,0.95,126.31578947368422,1.6650442217063144,6.315789473684205,6.440148442028002,1,0.07827317366757924
13,json_r_slow_04,120,1.2,81.23121790838356,77.86810974548733,90.59009962832287,91.22488836941272,0.5,1.0,120.0,4.227683689792639,6.185567010309284,6.365936385266352,1,0.09112528212262583
13,json_r_slow_05,119,1.19,82.1922348138655,82.00042210635551,93.36541486650448,93.61809275954138,0.395,0.79,151.89873417721518,0.2336434662887281,12.65822784810126,6.421403082581279,1,0.06514647427133013
13,json_r_slow_06,120,1.2,111.22386206536564,105.89690820368614,100.76668116955804,111.05523980210202,0.485,0.97,123.71134020618555,4.906903982588531,2.061855670103095,5.711468946631179,1,0.01845309876385043
13,json_r_slow_07,119,1.19,111.5211879042926,106.90487506206031,88.7467151903354,102.25080087797224,0.43,0.86,139.53488372093022,4.226888293036168,4.651162790697678,8.036341255553614,1,0.016353856563353808
13,json_r_slow_08,119,1.19,111.41197855658685,101.19539970762904,99.3149314308768,99.17487866270594,0.43,0.86,139.53488372093022,9.610747220880782,14.207650273224044,6.431460061931411,1,0.03216745146605965
13,json_r_slow_09,120,1.2,95.4854432590172,92.84449269254353,78.09011698488054,84.5542578349474,0.4649999999999999,0.93,129.03225806451613,2.8045998668559577,2.150537634408592,6.528770295839497,1,0.06791654068026987
13,json_r_slow_10,118,1.18,81.94805429971747,59.18190663091544,88.1651557510787,86.93757817066934,0.49,0.98,122.44897959183672,32.26267125517291,48.97959183673469,6.529249169110075,1,0.07156343916189312
12,json_l_comf_01,112,1.12,77.76134112915766,100.01701220595469,68.57742197304869,95.91825922354124,,,,25.037548902081525,,15.373256623468354,1,0.044328134789621554
12,json_l_comf_02,115,1.15,78.05964821536756,102.01068470725312,69.69149137221576,114.29083921209224,0.4,0.8,150.0,26.601868395698187,2.469135802469138,12.642527388714482,1,0.006641166889507055
12,json_l_comf_03,117,1.17,79.52871032168224,101.1491331676407,74.45461198171849,120.55012203110796,0.545,1.09,110.09174311926604,23.93256685868747,42.201834862385326,5.037460999724238,1,0.014207101893955909
12,json_l_comf_04,115,1.15,80.28903112892024,100.64559000401324,81.76588317932784,124.73405385321416,0.625,1.25,96.0,22.50156299289669,17.600000000000016,5.058633160078322,1,0.031009981906193362
12,json_l_comf_05,116,1.16,60.72209895747662,66.93899837294687,61.94484309350946,54.23377337795846,0.535,1.07,112.14953271028035,9.739692898579955,1.8691588785046744,1.4963202681999257,1,0.09191601162427859
12,json_l_comf_06,117,1.17,91.07577641835768,93.4015172749294,90.70155707764042,154.90310017575592,0.585,1.17,102.56410256410255,2.5214386117767984,8.547008547008536,1.5433956744920934,1,0.005069122112835889
12,json_l_comf_07,114,1.14,89.18282844432656,94.40614603692588,96.72621567583728,121.47251645485184,0.525,1.05,114.28571428571428,5.690230153916684,13.333333333333345,1.5598980897696544,1,0.054244122834877395
12,json_l_comf_08,115,1.15,61.81276090089277,60.05121655837232,54.13635977296848,47.02156981143648,0.5700000000000001,1.14,105.26315789473684,2.891000899932509,3.5087719298245448,1.4962840083396542,1,0.0910181142210626
12,json_l_comf_09,115,1.15,74.48620582901545,96.28217314835652,74.42991324320245,119.73665723278434,0.305,0.61,196.72131147540983,25.526935899800502,,2.238622996768297,-1,-0.031864755312778326
12,json_l_comf_10,116,1.16,69.4532449724559,102.3363991589152,62.82731230815112,99.12336515710984,0.34,0.68,176.47058823529412,38.28304593414592,,15.433311093998288,-1,-0.028593830800930253
12,json_l_fast_01,106,1.06,76.74496815716535,81.98186449525824,59.63237120567604,103.88205863893774,,,,6.598627655552766,,14.95842950337328,1,0.05666318952178845
12,json_l_fast_02,106,1.06,81.17481875624361,75.61783417962774,71.73363036145655,98.76683054598831,,,,7.088322663803257,,14.535608108254989,1,0.07304895079557311
12,json_l_fast_03,106,1.06,84.41130604720819,72.78716305863422,73.42205029607801,98.83871347491308,0.815,1.63,73.61963190184049,14.789130014678934,8.588957055214719,14.925755427441384,-1,-0.07705612052449384
12,json_l_fast_04,106,1.06,94.11326824215166,76.36675183393533,79.15711879484816,101.98408612406304,,,,20.819467759677508,,14.952254847074071,1,0.06905212776064867
12,json_l_fast_05,107,1.07,87.76092418442185,77.63114365868618,75.30155176982359,103.8855319762468,0.58,1.16,103.44827586206895,12.249415171887012,,14.5240006332035,1,0.049966211619257184
12,json_l_fast_06,108,1.08,86.60763678258377,92.1315968185776,66.49497248540757,106.79978624497792,0.5,1.0,120.0,6.181026878877638,20.000000000000007,15.829694595977037,1,0.04170190392001061
12,json_l_fast_07,106,1.06,87.25021410666565,102.056002960016,76.723319854665,106.92657219920454,,,,15.642158068305925,,14.482526074466165,1,0.04790723279622783
12,json_l_fast_08,107,1.07,83.768985868046,73.27177458597066,64.63747046825502,102.55732445739623,,,,13.368772860914724,,14.513235285784548,1,0.06547164466785343
12,json_l_fast_09,108,1.08,80.99355384192413,72.12490112398017,75.35339466481898,106.2874339819173,0.85,1.7,70.58823529411765,11.584041544722732,,14.931015005102376,-1,-0.08692966575611949
12,json_l_fast_10,106,1.06,89.42287945964799,68.99405290898252,77.52821702086888,100.30642978824608,,,,25.791215932812428,,10.70317760151254,1,0.09256861535739547
12,json_l_slow_01,125,1.25,80.13569341592134,105.00415740393244,63.9067921998232,100.2991876321708,0.65,1.3,92.3076923076923,26.864517690692992,0.0,16.120358522501675,-1,-0.030153807666678856
12,json_l_slow_02,125,1.25,74.40530679764372,94.2105602545816,69.08634495520167,96.4958604155254,0.505,1.01,118.81188118811882,23.491565536716188,1.980198019801982,15.732879448508976,1,0.036127212446432355
12,json_l_slow_03,119,1.19,62.79125139585956,93.65277507107018,93.734317035991,122.34317152093163,0.645,1.29,93.02325581395348,39.453757835534034,4.651162790697678,1.5780185573648489,1,0.00648165530456446
12,json_l_slow_04,127,1.27,69.78215141814579,87.49528073044054,86.54109881521642,119.88098299308244,0.595,1.19,100.8403361344538,22.524692920419053,42.01680672268908,3.0861248838279294,1,0.04015620616212817
12,json_l_slow_05,127,1.27,65.44529046433688,88.96227389687148,108.020496533633,142.65788475692818,0.435,0.87,137.93103448275863,30.460921431959,11.49425287356323,1.5284123656396569,1,0.0046722206134338085
12,json_l_slow_06,131,1.31,67.82779271516351,88.91473277684182,85.88088655361155,127.65996596486698,0.43,0.86,139.53488372093022,26.90646969670506,74.47698744769875,2.2952195474252064,1,0.0021874498085417415
12,json_l_slow_07,128,1.28,65.38632175163204,87.23393869229088,79.9817713040366,120.78514903822068,0.3,0.6,200.0,28.63003493390877,0.0,1.5356124792866548,-1,-0.04676640642486407
12,json_l_slow_08,125,1.25,72.37414789519099,90.28170321975604,96.93248518294185,131.4816960100848,0.395,0.79,151.89873417721518,22.01895007380952,,4.367668036071935,1,0.03955252844006246
12,json_l_slow_09,126,1.26,67.89251190587785,90.8948990115928,84.09453638443678,124.0876197287834,0.33,0.66,181.8181818181818,28.97255767671705,49.142857142857146,2.142769910173909,-1,-0.0186250039949849
12,json_l_slow_10,125,1.25,76.3406864914934,90.49018877170822,79.26416056526455,101.13561685346494,0.39,0.78,153.84615384615384,16.962690218931932,0.0,14.07554097857718,1,0.019162105314350586
12,json_r_comf_01,117,1.17,67.65802325942326,111.81908953977802,60.05481504414733,112.41334699277049,0.52,1.04,115.3846153846154,49.2108053128335,11.538461538461547,3.525798999400413,1,0.023199789287384642
12,json_r_comf_02,124,1.24,65.3875079140242,113.2754926924689,80.66582100165604,110.4940880606211,0.615,1.23,97.5609756097561,53.60705307297333,1.6260162601626031,3.5121518734184525,-1,-0.005736426476237622
12,json_r_comf_03,121,1.21,58.51770098208145,112.59753721549704,63.00394867524871,111.45028061573362,0.69,1.38,86.95652173913044,63.20867364363214,23.188405797101456,5.154522857929884,-1,-0.044259226189347634
12,json_r_comf_04,121,1.21,60.51470528948235,91.92063364529125,83.15964480990014,106.93676045984311,0.69,1.38,86.95652173913044,41.2055742130076,8.695652173913036,3.820602542153728,1,0.010682022839133387
12,json_r_comf_05,120,1.2,62.28554479824941,92.59169017560106,75.24094147537535,111.66838702464756,0.67,1.34,89.55223880597015,39.135700456517775,37.39837398373984,3.0949673740910466,1,0.0034105609388353497
12,json_r_comf_06,118,1.18,68.77089869597458,88.84041655221905,92.35161451225788,88.7212200442438,0.69,1.38,86.95652173913044,25.467102821444776,0.0,5.105390390832367,1,0.007955210328617235
12,json_r_comf_07,118,1.18,100.90651553800758,110.31949075324953,91.16879454264756,102.16213580372228,0.63,1.26,95.23809523809524,8.912704813688991,3.174603174603177,3.329641298955371,1,0.015564692579546846
12,json_r_comf_08,116,1.16,93.12961270280846,110.82506479905403,95.25393815269584,100.44671629925476,0.48,0.96,125.0,17.352337600675018,44.33497536945812,3.890601951718732,1,0.026463172907795596
12,json_r_comf_09,118,1.18,67.8882610664316,56.38681315918345,90.56405051710358,59.64713696831893,0.63,1.26,95.23809523809524,18.5096616983191,6.349206349206354,3.8299972776463305,1,0.0797502051728568
12,json_r_comf_10,118,1.18,68.31133692921523,61.55600136006677,91.037868287808,65.20399490265319,0.615,1.23,97.5609756097561,10.403440400234915,4.878048780487809,3.182360733295888,1,0.09293583160876528
12,json_r_fast_01,109,1.09,85.50357157970768,66.2142069493011,71.4809075729566,110.26440905295136,,,,25.427955533528205,,7.883027016376413,1,0.08962113355443696
12,json_r_fast_02,108,1.08,88.33545639350635,72.64473775586279,74.54853876954007,109.38208588277732,,,,19.493974051347664,,14.505207766189525,1,0.06877248697530725
12,json_r_fast_03,108,1.08,85.09939146126813,70.35774495956471,74.03545648047422,107.35671360318304,0.3399999999999999,0.6799999999999999,176.47058823529414,18.96554489695062,0.0,8.679786591216773,1,0.015373304360413342
12,json_r_fast_04,109,1.09,78.67275659700648,72.82918078364837,61.54345069534257,106.61532420269543,,,,7.71419285375327,,14.513405677684606,1,0.06168467290239665
12,json_r_fast_05,108,1.08,84.72750148741413,69.07400588604713,72.17430643567833,104.68633606188877,0.66,1.32,90.9090909090909,20.355451475982136,30.56768558951965,13.158176573902352,1,0.01754915197192014
12,json_r_fast_06,108,1.08,81.35745941684506,67.57487837049067,75.30392795721065,108.70496103171368,0.63,1.26,95.23809523809524,18.50851366616549,27.027027027027035,6.727442768792103,1,0.06627429937984969
12,json_r_fast_07,108,1.08,83.3833691812156,65.16684639613311,84.69976983918885,108.26635590216988,0.39,0.78,153.84615384615384,24.525743990721192,,7.418798266786402,1,0.0591020061129231
12,json_r_fast_08,108,1.08,77.77798372619365,62.07205033065992,73.8568748273113,109.09490991648735,0.64,1.28,93.75,22.46110771649689,29.59641255605382,14.721822949470814,1,0.01623566929349285
12,json_r_fast_09,110,1.1,83.88593181770892,76.37024540708504,71.7466710795307,104.81442488636006,0.3,0.6,200.0,9.379590279482969,12.499999999999996,14.74380822209718,-1,-0.04608364942789622
12,json_r_fast_10,110,1.1,85.4668104692483,64.20241359231571,62.58616541974254,105.8854867222434,0.67,1.34,89.55223880597015,28.41518957589548,28.08510638297873,6.0279609500245455,1,0.02963806385590806
12,json_r_slow_01,132,1.32,84.63314111848975,91.25650575507808,84.22854237450086,90.91676896599684,0.46,0.92,130.43478260869566,7.531272879692925,13.33333333333332,3.886049122921072,1,0.08094438295448236
12,json_r_slow_02,129,1.29,85.75974411099288,90.78063651334202,81.11554312348981,94.11572879996652,0.37,0.74,162.16216216216216,5.688095136753136,48.58757062146894,4.311559338246907,1,0.040183722037096414
12,json_r_slow_03,132,1.32,89.39455075270854,89.46763768196067,87.4821846672152,92.09866435620116,0.5800000000000001,1.16,103.44827586206895,0.0817242927549477,27.58620689655172,4.450777639588765,1,0.06762541067470251
12,json_r_slow_04,128,1.28,80.0841716279298,77.71359571953388,77.75887595983068,89.37228755674819,0.35,0.7,171.42857142857144,3.004574713881747,11.42857142857144,3.0300068094778494,1,0.0665800390151291
12,json_r_slow_05,131,1.31,89.18201458779077,89.66965863323375,79.31399071003136,110.61766959108712,0.41,0.82,146.34146341463415,0.5453055447128498,34.482758620689665,3.873772180377114,1,0.05503980857324148
12,json_r_slow_06,131,1.31,93.7118948037372,101.92013277899524,65.3330232634041,97.36491114054876,0.74,1.48,81.08108108108108,8.391507338221272,18.91891891891892,4.7023065592317055,-1,-0.02607436003696817
12,json_r_slow_07,131,1.31,89.11458989465669,102.4636557795177,61.93548713752877,101.53454144354367,0.5700000000000001,1.14,105.26315789473684,13.935889054506069,7.017543859649108,3.9199016664566666,1,0.03934107631654732
12,json_r_slow_08,135,1.35,87.42186403621457,31.55286551329036,78.34614394978071,76.4208111039139,0.345,0.69,173.91304347826087,93.91742050512892,6.993006993006999,5.465358513481583,-1,-0.03288920740263035
12,json_r_slow_09,128,1.28,92.55712228241116,35.02432861244131,93.5717810198822,87.27932839944124,0.69,1.38,86.95652173913044,90.18990341689418,2.898550724637668,4.35680745182714,-1,-0.03533984521376654
12,json_r_slow_10,131,1.31,90.74488718860016,44.224162144803984,77.52201251035925,83.18878987148108,0.75,1.5,80.0,68.93539707593175,0.0,3.1763703342633565,-1,-0.03266834289579845
10,json_l_comf_01,110,1.1,58.19270100712328,87.54490026847807,65.25432790835049,97.59780574424892,0.61,1.22,98.36065573770492,40.2808870249586,39.64757709251103,7.333470368594592,1,0.03117702755558055
10,json_l_comf_02,108,1.08,57.87902137286733,81.86900583350065,51.034805764557575,100.62384616749486,0.4,0.8,150.0,34.3331994593483,44.44444444444446,0.832835229518587,1,0.028464997016846016
10,json_l_comf_03,110,1.1,39.166199505257055,77.38626689081188,56.63428157479076,84.51582583604542,0.58,1.16,103.44827586206895,65.58431334378679,,5.726015774746898,1,0.03635741123088443
10,json_l_comf_04,110,1.1,62.25980418517804,79.43486566726857,65.47574004058441,110.66735841483911,0.375,0.75,160.0,24.24235364671901,24.561403508771924,3.9535271495777646,1,0.06493012465143988
10,json_l_comf_05,109,1.09,63.69478638733992,79.0764649424549,64.49197565788755,106.05444363644594,0.44,0.88,136.36363636363637,21.54730509377415,40.86021505376345,3.949946699305245,1,0.07134238618253169
10,json_l_comf_06,108,1.08,68.92798745687296,83.7662543470789,64.10773887519674,104.9860662182438,0.6399999999999999,1.2799999999999998,93.75,19.43526712586475,21.875000000000007,6.108072752093875,1,0.05945836101600149
10,json_l_comf_07,109,1.09,92.61697683510214,65.03549298866929,79.48067771633009,98.92241564272388,0.38,0.76,157.89473684210526,34.99023374294642,42.10526315789475,12.502369315735178,1,0.012629613256044725
10,json_l_comf_08,110,1.1,68.89500914342757,75.58025526440716,102.4561372058505,119.19540638743864,0.33,0.66,181.8181818181818,9.254520001580357,36.47798742138364,3.515915973745261,1,0.010399660283448464
10,json_l_comf_09,110,1.1,58.3373011224254,75.1946476872722,59.78073516040391,127.16436456976618,0.36,0.72,166.66666666666669,25.248409410800942,52.63157894736842,5.093184753656902,1,0.011170380371341715
10,json_l_comf_10,110,1.1,68.97062968708882,76.6164640844152,92.06932871481024,115.81282057983624,0.49,0.98,122.44897959183672,10.503450820065636,8.163265306122456,9.441043772917848,1,0.064062075092915
10,json_l_fast_01,100,1.0,57.333898191259166,60.099411385911935,82.09052218102491,79.35394933646631,0.52,1.04,115.3846153846154,4.709929754360566,,5.938272811604191,1,0.11899224210859982
10,json_l_fast_02,102,1.02,85.70185166784876,60.27063606204247,77.31268524900531,102.0713846898577,0.64,1.28,93.75,34.84384763362317,43.75000000000001,7.103614610870087,1,0.031135768905648398
10,json_l_fast_03,102,1.02,84.32722061035555,57.44435520803182,83.89224175865462,97.45054669144088,0.435,0.8700000000000001,137.9310344827586,37.92419636607736,57.4712643678161,7.754386237075757,1,0.032273777215877264
10,json_l_fast_04,100,1.0,79.6943364858105,63.58733802804055,72.87922935073888,92.9939527213106,0.6,1.2,100.0,22.48298466977071,,8.554584508295555,1,0.08350855104657934
10,json_l_fast_05,99,0.99,81.4718231759011,65.07381582958507,56.57857859775875,91.0938375763047,,,,22.379386323058217,,6.651421059552272,1,0.10182132149709777
10,json_l_fast_06,98,0.98,92.9546064009469,62.40395949372474,70.93783197347106,124.49241451056396,0.435,0.87,137.93103448275863,39.32920818532087,29.88505747126437,9.414533362750127,1,0.029124918341628114
10,json_l_fast_07,98,0.98,89.47777136669431,66.94098955258231,74.61950054724375,102.23111724104838,0.54,1.08,111.1111111111111,28.81595747423496,0.0,11.114024001019876,1,0.05528905236750081
10,json_l_fast_08,98,0.98,88.08976414415797,67.71153635818774,80.27673807680121,118.47291578198704,0.41,0.82,146.34146341463415,26.15925248411314,46.48648648648648,9.902327138291833,1,0.026466752989888875
10,json_l_fast_09,99,0.99,91.10166034438504,63.564579343951365,57.21213641692496,102.86090979317908,0.4,0.8,150.0,35.60839269891462,,11.381235753137394,1,0.0284785318009117
10,json_l_fast_10,102,1.02,88.64056090402356,64.25597475122782,69.78385096998522,103.91633134432384,0.595,1.19,100.8403361344538,31.8968458615409,18.48739495798319,8.944894043270741,1,0.069369209660813
10,json_l_fast_11,100,1.0,89.95387312410043,66.93682827954508,71.88854920251055,105.97614626715168,0.33,0.66,181.8181818181818,29.34150289166917,,7.3523277202973985,1,0.02192856905653373
10,json_l_slow_01,118,1.18,75.64468484330922,89.38094281433072,71.91543660293569,93.3767043536198,,,,16.64742399831203,,2.0947403450081987,1,0.10133189477710308
10,json_l_slow_02,118,1.18,82.40710670711336,87.9277506401833,67.85162684992117,107.58955854201172,,,,6.482107090756976,,5.51107449852023,1,0.0916044119222853
10,json_l_slow_03,115,1.15,80.11729251002092,85.379605119967,75.56456301011916,99.31286644942348,,,,6.359409372991838,,8.865049287328679,1,0.09334699230966309
10,json_l_slow_04,117,1.17,74.77388410480481,67.91992501723604,85.73339397281997,87.40491570010018,0.5549999999999999,1.11,108.10810810810813,9.606526211248346,19.81981981981982,15.878350207022248,1,0.06214588924736947
10,json_l_slow_05,117,1.17,87.43833662348615,87.09065798289583,93.4447833358585,112.89058412677092,0.53,1.06,113.20754716981132,0.398419347311823,18.55670103092784,3.4462604103059,1,0.07033693187266216
10,json_l_slow_06,117,1.17,84.65362186549693,87.21555953205436,85.18357293487381,112.23668715022842,0.39,0.78,153.84615384615384,2.9812647569797845,65.40284360189574,3.935921575533847,1,0.019398281296753306
10,json_l_slow_07,117,1.17,56.193062870146775,84.25419869135298,71.50153096571297,74.40825965371464,0.69,1.38,86.95652173913044,39.95967669176469,20.289855072463773,2.011676880049047,1,0.02951090145119245
10,json_l_slow_08,114,1.14,70.02002249595553,77.04684368966204,77.08369760312127,92.52710951881508,0.33,0.66,181.8181818181818,9.555954207710858,41.9753086419753,2.02256151462156,1,0.03757816230196093
10,json_l_slow_09,116,1.16,50.09249347771436,72.41571077952929,37.12055819612684,94.84246724637326,0.54,1.08,111.1111111111111,36.44362830580795,22.22222222222222,3.9924941680229535,1,0.061139128127219444
10,json_l_slow_10,119,1.19,56.32778193705229,72.43916161929027,60.91584485855077,107.499041476572,0.5,1.0,120.0,25.024092732601627,52.10084033613446,2.225812089363031,1,0.06600121680945376
10,json_l_slow_11,115,1.15,51.14904385564312,69.57376822992123,42.25634179728162,90.7211065914108,,,,30.52401456854613,,4.116485473836247,1,0.09287296325410144
10,json_l_slow_12,118,1.18,50.95548679237648,72.25887291736741,40.26655719063305,95.8699705527095,0.54,1.08,111.1111111111111,34.57938859589959,25.925925925925924,4.116671227413313,1,0.06584774953624667
10,json_r_comf_01,116,1.16,101.6132891666893,87.77189980943984,77.9137362672762,78.77978169557042,0.71,1.42,84.50704225352113,14.617182507333323,2.8169014084507067,5.339548560145053,-1,-0.001216541423320061
10,json_r_comf_02,115,1.15,106.18408467669332,85.7741210115714,79.79923202318834,99.6715283566718,0.38,0.76,157.89473684210526,21.26500775722731,30.16759776536313,2.778574904370562,1,0.04412605059774832
10,json_r_comf_03,114,1.14,59.76287519383219,87.0657755417938,77.54981981210807,109.78313615377222,0.7050000000000001,1.41,85.1063829787234,37.19015357176054,29.7872340425532,2.4494367820693235,1,0.0035871402458057533
10,json_r_comf_04,114,1.14,53.25083724414719,51.823744273543255,73.31942828465922,79.81678658004626,0.45,0.9,133.33333333333334,2.7163429061360005,48.27586206896552,1.791167544479571,1,0.09852654839678393
10,json_r_comf_05,115,1.15,104.11268754196637,55.92307660613871,85.43951227429245,91.16323656342132,0.41,0.82,146.34146341463415,60.22355214454512,79.2156862745098,1.7283327925284675,-1,-0.010574680798119851
10,json_r_comf_06,110,1.1,49.46977174509297,87.36857857739152,71.50319639138156,112.59368766098169,0.56,1.12,107.14285714285714,55.39208378789004,0.0,4.199704525987914,1,0.024417141918048058
10,json_r_comf_07,110,1.1,51.23793547757376,89.82577279914003,67.39874956523421,101.15432073789292,0.4,0.8,150.0,54.709801398204405,84.29752066115704,3.3939222256619512,-1,-0.02190139577282646
10,json_r_comf_08,111,1.11,51.58080884955285,95.90380785575292,78.81530284389444,108.17319730719257,0.52,1.04,115.3846153846154,60.10525029164692,11.538461538461547,3.3494844435038598,1,0.044978102597333536
10,json_r_comf_09,110,1.1,51.93478419138083,55.6751429434497,75.39524434303685,93.6220675927806,0.41,0.8200000000000001,146.34146341463415,6.951698326832553,,2.1503746497880862,1,0.1063862683939843
10,json_r_comf_10,112,1.12,130.82885747306835,105.81983397937589,71.99746021039498,103.51757136279518,0.5700000000000001,1.14,105.26315789473684,21.13599136356786,7.017543859649108,2.7386905661134264,1,0.0004924921843033614
10,json_r_fast_01,96,0.96,91.23460498122132,80.71165128614814,89.04620205392612,93.44303368265749,0.56,1.12,107.14285714285714,12.239817165557149,32.14285714285715,6.13201497435143,1,0.0689893408152687
10,json_r_fast_02,99,0.99,80.48082031458537,74.97708319239918,66.90074736535124,95.7515610656844,0.42,0.8400000000000001,142.85714285714283,7.080678431944655,9.876543209876536,5.223934704570067,1,0.07576891358039617
10,json_r_fast_03,99,0.99,85.6478016178472,75.46576938550199,99.02341639583317,88.52523591502619,0.32,0.64,187.5,12.63957116577541,,3.826303282653434,1,0.027639112999387594
10,json_r_fast_04,100,1.0,86.26401252634578,76.17380610365234,104.58708235478454,95.33151183519642,0.435,0.87,137.93103448275863,12.423469494720289,25.28735632183908,4.92473761540211,1,0.06671840627613357
10,json_r_fast_05,101,1.01,68.69888507874765,74.09575346715472,85.27496181643149,88.90481529216325,0.4599999999999999,0.92,130.43478260869566,7.55892300070105,,3.720169691175296,1,0.11283916354189905
10,json_r_fast_06,98,0.98,93.71021087257232,67.05959814257031,47.6337154288002,87.34517892990266,0.42,0.84,142.85714285714286,33.153753050103866,0.0,1.6106469977371347,1,0.040274040350012086
10,json_r_fast_07,101,1.01,84.91834868603121,50.79014080865559,52.79003579560013,65.55163639856451,,,,50.29634918854769,,8.305022311351884,1,0.07239585227126971
10,json_r_fast_08,101,1.01,90.72637414507314,57.85221696007135,54.3723833075463,71.17798822195223,,,,44.25153979517516,,5.232485182662297,1,0.0867249774435912
10,json_r_fast_09,101,1.01,73.81555502282627,77.37046781012323,77.20649094335923,91.95487550982088,0.38,0.76,157.89473684210526,4.702700316714989,12.34567901234569,3.634671521596877,1,0.08521801747844299
10,json_r_fast_10,98,0.98,70.24444162493802,86.88144250085281,92.08538860985992,86.29745994628797,0.5800000000000001,1.16,103.44827586206895,21.17665204365138,6.896551724137917,5.451882514236224,1,0.07581635070060877
10,json_r_slow_01,120,1.2,72.92866769035119,52.45092305829348,83.10914441509426,82.87024806864666,0.6799999999999999,1.36,88.23529411764707,32.66519616116879,29.41176470588237,10.493891203163985,1,0.028978799199349092
10,json_r_slow_02,120,1.2,65.54976841075921,60.2235234634922,69.97732545966996,75.0961422295119,0.61,1.22,98.36065573770492,8.469596156538882,0.0,12.500741442698148,1,0.059104538248801575
10,json_r_slow_03,117,1.17,70.76755888156138,74.00661577100458,71.54434737374325,102.83523301347992,0.59,1.18,101.69491525423727,4.474633541812814,0.0,3.405901526896414,1,0.07284887120737493
10,json_r_slow_04,119,1.19,70.63785455668533,68.5783709007414,73.48481986516423,93.40378691529249,0.495,0.99,121.21212121212122,2.9586833706732345,50.505050505050505,1.7473643037468545,1,0.0912348340602741
10,json_r_slow_05,121,1.21,78.92055632854989,75.61592148528862,75.62733661847116,96.2799893155784,0.34,0.68,176.47058823529412,4.276834686554948,,2.575746133978165,1,0.06338180982550029
10,json_r_slow_06,119,1.19,81.47300756598173,72.93707107474822,66.7816868792156,88.9008327818088,0.53,1.06,113.20754716981132,11.056190847612095,10.909090909090898,2.637323797574893,1,0.09815841174186651
10,json_r_slow_07,118,1.18,79.12760829718216,76.16886254878018,72.88731915783202,92.4370386762246,0.5549999999999999,1.11,108.10810810810813,3.8104481477067735,5.405405405405391,3.5492467044127567,1,0.09565996445346542
10,json_r_slow_08,115,1.15,76.5765338826628,71.09164290439203,68.80292688611736,70.53462144655961,0.355,0.71,169.01408450704227,7.428670276305051,0.0,5.617871306211322,1,0.05458105881421005
10,json_r_slow_09,117,1.17,87.61839724943466,80.8496556152538,66.9679045522977,98.07819747837355,0.35,0.7,171.42857142857144,8.035638234173032,59.57446808510639,1.9432407121133557,1,0.014742206550605819
10,json_r_slow_10,116,1.16,88.141645910054,77.27896863925264,67.36870600056103,96.52612021909688,0.635,1.27,94.48818897637796,13.13340214627668,14.173228346456709,3.806062367037492,1,0.07085800051051316
10,json_r_slow_11,117,1.17,87.86508822919369,80.06423719510721,72.18287406306051,90.25366104961604,,,,9.29063582477492,,2.680168673414434,1,0.10483542008841351
9,json_l_comf_01,122,1.22,62.91051292620844,63.21110098871748,81.45954931151395,100.71155451468732,0.48,0.96,125.0,0.4766638376698768,2.061855670103095,3.147887435685818,1,0.09863264743284161
9,json_l_comf_02,122,1.22,91.34247346398284,62.9986212435701,108.77226666824616,97.0647220857836,0.43,0.86,139.53488372093022,36.72884694010878,21.7391304347826,3.095838229607588,1,0.04960349958310778
9,json_l_comf_03,122,1.22,101.82370890899976,62.31071227260763,108.43264312123804,103.2694209371522,0.44,0.88,136.36363636363637,48.14711789512178,21.714285714285708,3.7253048984065114,1,0.03402884620724289
9,json_l_comf_04,124,1.24,103.7108672434665,54.12404263567605,93.1942108280288,81.352799926867,0.4599999999999999,0.92,130.43478260869566,62.83378581552091,20.765027322404364,4.403645554638043,1,0.0499881718302716
9,json_l_comf_05,121,1.21,110.65914168694798,64.34312509523018,103.46193329880128,96.6851944505406,0.385,0.77,155.84415584415584,52.93190476140109,3.821656050955417,4.31370575398018,1,0.0059198334452323365
9,json_l_comf_06,124,1.24,154.51240228403955,76.35717439857405,53.25678164127639,106.07810222250176,0.37,0.74,162.16216216216216,67.7050904744447,6.535947712418307,4.531953963600193,-1,-0.05294000269459376
9,json_l_comf_07,122,1.22,106.04929040792166,59.61548543921177,106.24151589914312,83.9930858511845,0.47,0.94,127.65957446808513,56.05754721396722,8.888888888888886,2.3091853415552106,1,0.03735417501189986
9,json_l_comf_08,122,1.22,95.01406551879896,66.74968932797753,95.59476449020455,99.54579334786976,0.36,0.72,166.66666666666669,34.94525237448105,16.21621621621623,4.365673509324404,1,0.04822473106113556
9,json_l_comf_09,120,1.2,52.004600118997686,46.73265246538571,51.84126307115642,27.23673921502709,0.39,0.78,153.84615384615384,10.67874083108892,13.173652694610762,2.165150004793404,1,0.062164356354239
9,json_l_comf_10,122,1.22,42.40652103241263,58.691727031357686,56.095483417768605,32.26810865447986,0.46,0.92,130.43478260869566,32.216593879396896,2.197802197802212,0.7370760362541486,1,0.05695110203319298
9,json_l_fast_01,118,1.18,113.75759051948734,109.95080926507045,62.41715616481126,99.17692212657748,0.4449999999999999,0.8899999999999999,134.8314606741573,3.4033422599089014,2.2727272727272623,11.064377303720484,-1,-0.006882800744398954
9,json_l_fast_02,115,1.15,117.75942757885085,113.11173781634596,66.74610670046964,96.10071943094616,0.52,1.04,115.3846153846154,4.02621934579759,,12.891051118603972,-1,-0.005654554148499913
9,json_l_fast_03,117,1.17,120.3611546834502,114.51063091323417,51.027961805218624,85.91534113795842,,,,4.981887249975957,,11.324673258485564,-1,-0.003175169846776793
9,json_l_fast_04,116,1.16,99.0198442737458,111.6143776881454,66.09345107837756,105.96765848972882,0.51,1.02,117.6470588235294,11.95867727199454,49.99999999999998,8.103037710905557,1,0.009250061142974997
9,json_l_fast_05,118,1.18,112.29784553869128,111.74845693322143,70.49942604207999,102.10843529550536,0.35,0.7,171.42857142857144,0.4904241662624331,15.60283687943264,5.398584400966236,-1,-0.01297282184608517
9,json_l_fast_06,116,1.16,100.56965517927344,112.3703826759012,61.27446306411494,103.61689654677777,0.42,0.84,142.85714285714286,11.083615477380256,6.976744186046506,11.659840487903509,1,0.005026310831834635
9,json_l_fast_07,117,1.17,100.86120487104358,111.40764934772903,58.3308939612872,92.46878052191748,0.71,1.42,84.50704225352113,9.936874173557154,5.633802816901413,11.684718122458994,-1,-0.047190285263643106
9,json_l_fast_08,119,1.19,101.48325838807938,114.09390717931636,63.47818422129818,94.28493990928948,0.325,0.65,184.6153846153846,11.699429072690458,12.949640287769778,11.66349942735816,-1,-0.037133596246232914
9,json_l_fast_09,118,1.18,106.56515377639728,111.14906112634723,54.75766013783459,84.38116676032038,0.51,1.02,117.6470588235294,4.210939880060337,66.66666666666667,11.710203773845777,-1,-0.03512648741715074
9,json_l_fast_10,117,1.17,68.7819310129511,113.53644085375603,57.31258896159238,107.55396342654598,0.45,0.9,133.33333333333334,49.09489853663779,45.85365853658537,10.736497256285968,-1,-0.026953015435961625
9,json_l_slow_01,130,1.3,56.661081931043626,82.90607130005074,59.18012103071091,90.70473328280386,0.445,0.89,134.8314606741573,37.60912042900357,9.302325581395344,4.423284528529264,1,0.07101823371726274
9,json_l_slow_02,128,1.28,58.165322408025006,84.07809824335443,61.190821262660606,92.15044959513398,0.425,0.8500000000000001,141.17647058823528,36.434410416546925,,4.335294070029374,1,0.06947077694880649
9,json_l_slow_03,128,1.28,64.94658328099314,53.4634297727854,78.55081795989997,94.19180652486756,0.355,0.71,169.01408450704227,19.395578485397863,22.81879194630873,5.124434077689532,1,0.07446252189959335
9,json_l_slow_04,125,1.25,68.57795536188962,54.09212376754611,71.55560224569284,95.29297990009329,0.4549999999999999,0.91,131.86813186813188,23.617546670135813,18.99441340782122,4.677568940542211,1,0.10429533876507396
9,json_l_slow_05,129,1.29,75.04687534209228,77.6935929071923,71.1581273408846,99.86959339731644,0.38,0.76,157.89473684210526,3.46564023986147,16.56050955414013,5.151413745846191,1,0.07228348182998184
9,json_l_slow_06,127,1.27,71.83158840370291,74.10770575031003,79.8855769640675,83.05716086626919,0.45,0.9,133.33333333333334,3.119265938349799,9.625668449197857,5.408927065842437,1,0.1054256693691274
9,json_l_slow_07,127,1.27,71.50859889866446,52.016220208771074,95.4931528875109,86.74268642310398,0.3299999999999999,0.6599999999999999,181.81818181818184,31.56026267553554,14.084507042253536,1.9092753464342915,1,0.04648457209380252
9,json_l_slow_08,127,1.27,61.25222912688314,80.21022979040166,43.85637102715053,108.83673746797596,0.33,0.66,181.8181818181818,26.80287167156277,21.58273381294964,5.247409968574107,1,0.003055924208910765
9,json_l_slow_09,127,1.27,49.6249799379555,53.34481742509109,42.24798577510815,112.38508146892508,0.6,1.2,100.0,7.225104025446112,,8.087071440375665,1,0.04644539589928248
9,json_l_slow_10,126,1.26,56.09846944132531,49.75139727665479,55.671260567849714,118.26003461267224,0.51,1.02,117.6470588235294,11.992593588391136,7.843137254901968,6.04577202961336,1,0.08098745005275315
9,json_r_comf_01,125,1.25,59.85845533439978,52.56215656988248,84.16099019035246,82.49328616863164,0.39,0.78,153.84615384615384,12.980357678055617,33.12883435582822,4.356656195648049,1,0.09499329574234638
9,json_r_comf_02,123,1.23,57.91465008283392,49.301615786898736,76.34142106402612,85.04064825962435,0.47,0.94,127.65957446808513,16.06665597997972,2.150537634408592,3.744029870700133,1,0.11349297587566692
9,json_r_comf_03,123,1.23,60.35392008179126,49.33430960066431,67.3625663934628,113.34915691894356,0.44,0.8800000000000001,136.36363636363637,20.092603396058845,50.0,5.081223964591231,1,0.06304459039250482
9,json_r_comf_04,121,1.21,56.02721070760971,55.11987607451839,63.65481143709583,109.10641621405634,0.48,0.96,125.0,1.6326737107737113,,5.358484047704297,1,0.10160842837722833
9,json_r_comf_05,124,1.24,55.57118290363924,56.02023497219871,84.1415887585142,111.76829804911308,0.34,0.68,176.47058823529412,0.804814701895991,0.0,5.391524783397863,1,0.03648919431899539
9,json_r_comf_06,121,1.21,63.34799133110795,53.06186681272041,75.04824040454064,111.88936237369984,0.6,1.2,100.0,17.67225677000427,0.0,3.765755730056176,1,0.07478148424312231
9,json_r_comf_07,124,1.24,57.7003128142828,53.96340721155451,84.74065322600354,121.0188240463466,0.345,0.69,173.91304347826087,6.69314187609659,5.633802816901413,3.1623771439241946,1,0.04602821034537452
9,json_r_comf_08,121,1.21,57.79112473910426,51.694636201898106,72.18410480586905,111.56587776823186,0.32,0.64,187.5,11.13658704987458,0.0,3.1488896445274297,1,0.020855910640766917
9,json_r_comf_09,122,1.22,59.53533930089687,55.10838761105288,88.06533952227905,124.60810077724058,0.36,0.72,166.66666666666669,7.722972392975391,0.0,3.657765068097469,1,0.0449250859105943
9,json_r_comf_10,125,1.25,56.46920341625331,58.06321300959924,71.40627627039724,126.06411095649251,0.635,1.27,94.48818897637796,2.7835081858730897,1.5748031496063006,3.74018285655078,1,0.056462129195043786
9,json_r_fast_01,117,1.17,70.25293337827293,48.85339943778469,99.96548394066,110.16396232192956,0.43,0.86,139.53488372093022,35.93349477653166,,3.8843045712911626,1,0.06516568951310903
9,json_r_fast_02,118,1.18,69.3227633880511,53.45460273875948,98.54214237723832,113.39370362944648,0.37,0.74,162.16216216216216,25.848674148787648,3.973509933774838,4.016758511854665,1,0.047255507967979615
9,json_r_fast_03,118,1.18,70.69164270023643,50.32146175591048,92.66841243396428,108.94077544520732,0.41,0.8200000000000001,146.34146341463415,33.66607448982149,53.46534653465347,4.417342746914754,1,0.042641921366886826
9,json_r_fast_04,117,1.17,82.85083640969185,77.73233313361925,81.34537792618829,99.7988569979933,0.6,1.2,100.0,6.37489382060314,,5.99824807460406,1,0.08430503503606523
9,json_r_fast_05,118,1.18,84.51917516147243,79.27795835256039,69.63484045068073,93.20093360148992,0.43,0.86,139.53488372093022,6.399644116437504,50.69124423963134,8.041249158017546,1,0.045964054225960616
9,json_r_fast_06,117,1.17,84.42894919567412,77.81437677113666,78.42639263931295,92.91546514919176,0.33,0.66,181.8181818181818,8.153891551619894,7.29927007299269,10.708685067156246,1,0.015966392156464393
9,json_r_fast_07,118,1.18,81.3801027843238,84.59218442427675,87.61995851104474,110.53304235759664,0.4,0.8,150.0,3.870624058962186,48.0,6.260212149866826,1,0.04750317667340126
9,json_r_fast_08,115,1.15,60.99694745059072,81.8932568207703,95.32709848348044,89.88098850723298,0.355,0.71,169.01408450704227,29.24806424168259,5.555555555555561,5.957583853151542,1,0.041723033664782416
9,json_r_fast_09,119,1.19,57.696416899558656,82.12665296901835,88.64568610883059,88.55385172369805,0.33,0.66,181.8181818181818,34.944499634319634,0.0,5.468565756838415,1,0.014903108459935532
9,json_r_fast_10,119,1.19,58.29137607199877,89.4074658060389,90.99678942320008,87.75949593388198,0.31,0.62,193.5483870967742,42.13450740491824,0.0,7.795771937128862,-1,-0.039017705678268344
9,json_r_slow_01,131,1.31,105.61051181439176,49.524836056192754,84.0401881281447,88.0274474453288,0.3,0.6,200.0,72.30547586741643,62.06896551724138,6.821827620807385,-1,-0.0872592066029173
9,json_r_slow_02,129,1.29,109.2741599414002,71.1870197436902,74.89115280147234,93.59966755411376,0.425,0.8500000000000001,141.17647058823528,42.210895733002616,0.0,8.74428260716649,1,0.02390650424786267
9,json_r_slow_03,130,1.3,54.18769091682992,58.14486897050111,76.32325330426873,81.73048942253028,0.445,0.89,134.8314606741573,7.0454693770714645,18.181818181818183,6.840162338084653,1,0.11370069243912795
9,json_r_slow_04,130,1.3,79.16602901934104,62.63374989009292,61.22961547222863,81.32685318246759,0.68,1.36,88.23529411764706,23.317778428705623,31.489361702127667,7.848278931788563,1,0.03199977230713241
9,json_r_slow_05,128,1.28,78.9490904035667,64.29088079933771,88.14205725073666,107.47352265827658,0.4,0.8,150.0,20.46664695773377,61.538461538461554,5.356784669019882,1,0.03726104687091736
9,json_r_slow_06,129,1.29,62.92226203651399,55.76226453632523,69.37934637930404,91.29284804233016,0.48,0.96,125.0,12.06559558679203,66.66666666666667,4.697530999808052,1,0.07083623446633391
9,json_r_slow_07,129,1.29,70.07831713776223,89.24176493644353,75.9691618172984,81.53249158097702,0.53,1.06,113.20754716981132,24.056537693416,20.833333333333325,5.821172034453002,1,0.08545865544839287
9,json_r_slow_08,128,1.28,69.46776904591366,87.93697502864202,77.52862466073057,75.55236356288114,0.41,0.82,146.34146341463415,23.46715290103368,2.4096385542168828,5.367610179205773,1,0.06451905588526646
9,json_r_slow_09,128,1.28,72.17706665993428,88.99771609787625,65.48284854641939,114.88567184917594,0.49,0.98,122.44897959183672,20.872557294794102,21.46892655367231,4.7381234407342685,1,0.07593173359478972
9,json_r_slow_10,129,1.29,68.46541289081777,87.44437867751046,67.24423427807115,89.50265441434937,0.59,1.18,101.69491525423727,24.34608576636453,31.57894736842105,5.511030761385544,1,0.06215303620928869
8,json_l_comf_01,127,1.27,43.38712295413941,21.88576407791092,34.508981922416325,38.92353727216268,0.635,1.27,94.48818897637796,65.88143976432629,4.724409448818902,7.676089472682594,-1,-0.01995384507226816
8,json_l_comf_02,128,1.28,67.78594768559381,89.26076757962423,56.57588341299794,73.99117293053664,0.68,1.36,88.23529411764706,27.34832098559219,,12.706357417310985,1,0.00046224671280525875
8,json_l_comf_03,129,1.29,67.47222704956569,91.71782309576857,56.52153221602772,68.16894332737176,0.72,1.44,83.33333333333334,30.46119531222913,,14.419788321373794,-1,-0.03374346888350255
8,json_l_comf_04,132,1.32,67.93535602213531,88.1952400602999,66.2352184641511,68.25770660648614,,,,25.952484069768865,,14.473346251751664,1,0.04910882743821032
8,json_l_comf_05,129,1.29,105.59866371191002,101.89398667033548,92.11203849463011,70.39589155152262,,,,3.5708995328265747,,14.001570229053662,1,0.01735184044092486
8,json_l_comf_06,130,1.3,90.43421765984677,50.954663527458905,69.04050197028913,89.92848691791298,0.39,0.78,153.84615384615384,55.84534484021712,35.8974358974359,12.174138569684214,1,0.01120486886009131
8,json_l_comf_07,130,1.3,90.38850613608508,52.752901729562325,90.0511953460591,87.61567528604598,0.34,0.68,176.47058823529412,52.58520922449995,,13.84264557815446,-1,-0.005987728566683614
8,json_l_comf_08,129,1.29,97.22835502726252,53.04486582038896,78.5409978985959,100.19189196580491,0.79,1.58,75.94936708860759,58.80420870418054,15.189873417721516,12.175195265827623,-1,-0.07054310630249694
8,json_l_comf_09,133,1.33,96.66704710188613,52.26697182179059,80.53485627293098,95.65459031002592,,,,59.62381946175637,,12.274160930667964,1,0.05345660416681697
8,json_l_comf_10,131,1.31,98.5498722608842,52.92114489409454,68.52219131648056,93.76161782771958,,,,60.24746941535921,,13.673231717053786,1,0.039717035482140506
8,json_l_fast_01,114,1.14,84.8803218812851,88.99948346363679,60.82008462224863,108.0568146506237,0.76,1.52,78.94736842105263,4.737941331577403,,1.982222258149228,-1,-0.0245570160488765
8,json_l_fast_02,114,1.14,84.85775663544497,90.12109769437949,62.84639855772136,111.0206417066484,0.32,0.64,187.5,6.015973849061142,,1.8408393128380285,-1,-0.0025361248724302676
8,json_l_fast_03,113,1.13,84.46204086650022,86.65268403641313,62.96324216641813,107.78730614922158,,,,2.56043794145225,,3.68709513200616,1,0.08692514779882515
8,json_l_fast_04,116,1.16,102.00157551179107,83.0864936704923,64.50914692491524,109.19131052365876,,,,20.43900714385899,,0.0460310069969567,1,0.07003612611879523
8,json_l_fast_05,114,1.14,123.35168221120657,88.81832702343789,84.46342237833692,112.65027928598997,0.5549999999999999,1.11,108.10810810810813,32.552532106059644,9.009009009008995,5.453889653510633,1,0.022622158569540807
8,json_l_fast_06,116,1.16,120.76998397314688,88.88842257143001,57.88754043262068,109.2633732416102,,,,30.41286245294277,,7.307478821455464,1,0.03796194161808453
8,json_l_fast_07,115,1.15,94.21962920797876,85.43322943302684,71.90956582770927,105.31033618738763,,,,9.781530715867431,,3.7918979150973855,1,0.09111999190320358
8,json_l_fast_08,118,1.18,166.28338635457058,71.9093982868033,57.55391354246439,89.95902620561213,,,,79.24168501565485,,10.880771566895875,-1,-0.027408396755494335
8,json_l_fast_09,118,1.18,160.96557316698747,71.61811679741506,58.60838682298467,95.10877452265092,,,,76.83037136718163,,9.088495411191206,-1,-0.016993461094864992
8,json_l_fast_10,115,1.15,75.93899236344463,64.63150087442813,66.21209914875679,100.9299036230836,0.4,0.8,150.0,16.088001441215706,45.16129032258064,5.736244799081267,1,0.06258298689997355
8,json_l_slow_01,146,1.46,44.2468423298144,65.24050825526191,68.62697892709025,89.01437304449644,0.4,0.8,150.0,38.34902536824936,8.69565217391305,25.099985483977303,-1,-0.013818264524002144
8,json_l_slow_02,150,1.5,45.96519322769242,74.78024060575642,84.40399752052537,92.04489621037914,0.39,0.78,153.84615384615384,47.72859140629741,15.384615384615383,16.870857250013024,1,0.010884369002033267
8,json_l_slow_03,147,1.47,92.87068190030354,67.76324002649243,73.81004639415367,93.98696532387946,0.45,0.9,133.33333333333334,31.2604480705552,2.247191011235944,7.571121820250034,1,0.07306169129775297
8,json_l_slow_04,149,1.49,57.17003206842793,53.97546751905419,75.00848126143761,75.39094848756194,0.82,1.64,73.17073170731707,5.748437068941888,,17.292783353642456,-1,-0.07939644629404308
8,json_l_slow_05,151,1.51,58.40265357850876,45.09959481353428,71.11051105247081,81.63089961144905,0.815,1.63,73.61963190184049,25.705835325597004,6.134969325153366,17.382335803935987,-1,-0.0981672873318542
8,json_l_slow_06,148,1.48,57.690013697000936,45.653763050085786,69.78314845098281,84.90233106040635,0.77,1.54,77.92207792207792,23.29361481799039,2.5974025974026,18.894227814184703,-1,-0.08400481829983386
8,json_l_slow_07,140,1.4,57.52269690314594,44.16373793711725,76.76558312829374,74.89456188482961,0.745,1.49,80.53691275167785,26.274810375669023,6.71140939597316,20.53946033467017,-1,-0.055430766845744106
8,json_l_slow_08,141,1.41,95.23276102438317,40.19650886312058,57.55483500718968,70.87199328928989,0.64,1.28,93.75,81.2767464625324,34.06113537117905,17.448688317363526,-1,-0.05596809959369653
8,json_l_slow_09,143,1.43,93.108030317226,46.147858519930026,68.1687650608058,78.29245045801225,0.685,1.37,87.5912408759124,67.44443224546228,18.97810218978102,17.428634983387692,-1,-0.03450225280874486
8,json_l_slow_10,145,1.45,108.056298386777,57.1389357431254,73.48411308353519,92.48866880291337,0.72,1.44,83.33333333333334,61.64507458321996,,17.324487328815223,-1,-0.05429661347343284
8,json_r_comf_01,128,1.28,105.5490885917974,67.70172458225075,97.48125252452574,94.93061152215633,0.55,1.1,109.09090909090908,43.69083563437605,55.60165975103734,14.040658131114874,-1,-0.021004408961982857
8,json_r_comf_02,126,1.26,113.35849484603668,71.20145696270336,90.85046714030015,96.14672931379044,0.625,1.25,96.0,45.68384145117329,4.800000000000004,5.270920325145537,1,0.035175731043055936
8,json_r_comf_03,129,1.29,75.30571737162039,71.68383485638022,81.49348392511563,96.10534091841302,0.3,0.6,200.0,4.92808156816771,,14.43710419120663,-1,-0.038894901059882914
8,json_r_comf_04,131,1.31,65.72998215868773,43.68734698781077,94.18971874086654,79.77401385566077,0.32,0.64,187.5,40.29093991384884,,16.736596040872005,-1,-0.04326729216182468
8,json_r_comf_05,129,1.29,64.62596807091877,45.198610487403016,85.61300741404808,77.89364244722388,0.595,1.19,100.8403361344538,35.37888847567752,1.6806722689075646,14.488865654059454,1,0.027810099948653133
8,json_r_comf_06,133,1.33,83.175948513156,72.39848481909411,82.17244209342205,87.87477873112817,0.33,0.66,181.8181818181818,13.855057625111408,6.060606060606066,14.833131544793558,1,0.0021719539589409864
8,json_r_comf_07,127,1.27,86.7720519453338,67.52723377388712,92.19045346027616,89.49497015756532,0.3399999999999999,0.6799999999999999,176.47058823529414,24.944792299902883,17.647058823529413,14.858287725076387,1,0.01471050640337751
8,json_r_comf_08,134,1.34,82.33101597116064,71.06614835286118,77.59122575070245,90.13458357545596,0.38,0.76,157.89473684210526,14.68719147181184,,14.865812781403566,1,0.050235252445994694
8,json_r_comf_09,133,1.33,85.6120728062659,70.139175051837,77.37025190118847,107.34529589573646,0.36,0.72,166.66666666666669,19.86873038542263,,13.12336293332426,1,0.029091339591712007
8,json_r_comf_10,131,1.31,86.3434611117573,68.98060177577979,76.50071906478868,90.85936123537596,,,,22.35694716349154,,14.488376085526166,1,0.08089592656347816
8,json_r_fast_01,118,1.18,74.352454517031,78.21718396677564,87.26857876268163,105.10936043356826,,,,5.066184187301227,,11.033301703263737,1,0.08575233154082335
8,json_r_fast_02,119,1.19,71.51153362606483,85.60928287555821,80.80360264384039,115.3150334720729,0.74,1.48,81.08108108108108,17.945106909939902,0.0,10.957461454418588,-1,-0.04822802554567007
8,json_r_fast_03,118,1.18,70.4456990906742,80.30764956925901,80.65529872173705,106.85679640041823,0.73,1.46,82.19178082191782,13.083557435040774,0.0,9.134859728155638,-1,-0.02152074633404122
8,json_r_fast_04,120,1.2,74.79400033547988,86.60571503143967,73.34175700958511,120.25576678407926,0.63,1.26,95.23809523809524,14.63659916513176,3.174603174603177,9.702560513393006,1,0.03250848641606102
8,json_r_fast_05,116,1.16,60.385175154462274,69.58880424748759,70.20228497286284,106.64999447888552,,,,14.162264070660962,,14.913385839894332,1,0.07601399005103776
8,json_r_fast_06,118,1.18,75.20613924629754,66.70143539290528,93.46762262528776,97.81347004427664,,,,11.986257780834176,,16.687808050200164,1,0.06549720871670694
8,json_r_fast_07,116,1.16,64.32621227056893,82.68420996847834,75.28881462881083,112.20893300860486,0.59,1.18,101.69491525423727,24.97509689218941,0.0,7.434518043604643,1,0.05275189233780009
8,json_r_fast_08,119,1.19,51.744750783442015,64.79760136896476,73.21225078008027,98.96247085085504,0.6,1.2,100.0,22.400183872130963,6.666666666666673,14.934043258620791,1,0.046619844311241776
8,json_r_fast_09,117,1.17,59.68259906522097,58.68605366816807,78.02042614975979,102.70448475898272,0.665,1.33,90.22556390977444,1.6837995094824565,4.5112781954887256,14.992766343683304,1,0.02659652799937462
8,json_r_fast_10,120,1.2,80.9602459772992,70.83525189437273,86.19557710417408,91.91611492029875,0.56,1.12,107.14285714285714,13.340308803474716,,21.73027462205668,1,0.013517114182159118
8,json_r_slow_01,145,1.45,59.58486414545574,56.86000754458364,57.2145844072938,88.20014671466276,0.38,0.76,157.89473684210526,4.680080043585439,9.655172413793112,11.32712837460942,1,0.056943510909739314
8,json_r_slow_02,148,1.48,64.71591436279105,59.1862183965531,71.97496485719284,81.47082630189456,0.39,0.78,153.84615384615384,8.925909252875112,,11.321204667139414,1,0.07788764019240951
8,json_r_slow_03,148,1.48,64.98409151925574,65.84375625003413,81.79450821379135,84.99141476647797,0.31,0.62,193.5483870967742,1.3141922693620682,17.647058823529413,13.110744115508048,-1,-0.019676576898026266
8,json_r_slow_04,144,1.44,65.86722577871616,63.12667608423499,68.54143304569102,85.26371076795954,,,,4.249115120795178,,14.923451561581428,1,0.08181836697037104
8,json_r_slow_05,148,1.48,85.61573665468295,72.16429737238953,73.771462972638,94.06244772344009,0.65,1.3,92.3076923076923,17.050876386533638,3.0769230769230798,13.110132599970312,1,0.03464353727135794
8,json_r_slow_06,142,1.42,52.07881066837493,54.15293583050577,65.11538201501419,79.90211970561091,0.38,0.76,157.89473684210526,3.904906453086874,1.3245033112582794,10.680268397398876,1,0.049355729850362795
8,json_r_slow_07,156,1.56,53.96125531848551,55.20206267241037,74.86061794306704,83.33906817753821,0.345,0.69,173.91304347826087,2.27330458025897,4.379562043795625,7.348878051950788,1,0.05340888229181007
8,json_r_slow_08,149,1.49,59.75090450651835,60.08775820179872,63.9303322421197,83.19696160630414,0.505,1.01,118.81188118811882,0.5621786619903422,25.742574257425733,10.93775905410336,1,0.09202353347476916
8,json_r_slow_09,145,1.45,85.77859178266681,76.95053251836244,80.40317052656222,86.14075253029407,0.33,0.66,181.8181818181818,10.850005249181493,0.0,12.113343360362572,-1,-0.0012625982463823071
8,json_r_slow_10,145,1.45,93.24954230389125,90.05992938376644,76.66037491044378,75.47104513582354,0.43,0.86,139.53488372093022,3.4800306724571137,18.604651162790688,5.28412114260692,1,0.06534855424529651
7,json_l_comf_01,121,1.21,53.05920719439595,73.59798233700494,30.68359909091248,94.49600090135228,0.6,1.2,100.0,32.43207151303007,6.666666666666673,8.636094375242136,1,0.03853283260407947
7,json_l_comf_02,123,1.23,78.51940873261961,75.44906162883876,83.5530879394731,105.66982527625402,0.69,1.38,86.95652173913044,3.988280323332252,20.289855072463773,3.661915863357864,1,0.042557131658338854
7,json_l_comf_03,123,1.23,112.13008624931015,80.26431411577413,107.8832953882178,115.58635081994112,0.51,1.02,117.6470588235294,33.12546734527418,,1.9447861574017888,1,0.03903481036176831
7,json_l_comf_04,121,1.21,105.06824364514598,79.42045540117526,103.96306359183096,113.75640403757596,0.37,0.74,162.16216216216216,27.80418353704267,30.87248322147651,3.7405112557841247,1,0.020627254075844814
7,json_l_comf_05,121,1.21,76.99462820935605,37.063756089753326,78.0501991040997,73.03195681755622,0.69,1.38,86.95652173913044,70.01830223175365,28.985507246376823,12.42789223190445,-1,-0.030411104023173152
7,json_l_comf_06,124,1.24,83.30407509108092,45.4590065197612,86.57404874661214,84.63928385642765,0.76,1.52,78.94736842105263,58.7824834539112,39.47368421052632,3.1361804137841487,-1,-0.036017218902970494
7,json_l_comf_07,121,1.21,79.89397871448736,53.09856622805822,77.90778166631256,83.5081364154758,0.6950000000000001,1.39,86.33093525179855,40.296112083583466,41.72661870503595,4.508846733368772,1,0.019406620264413088
7,json_l_comf_08,123,1.23,52.10927514728644,45.5259381982693,64.73403924465444,70.35520869352123,0.7250000000000001,1.4500000000000002,82.75862068965516,13.485579072208386,17.93103448275862,13.115290930221262,-1,-0.0004972820390819477
7,json_l_comf_09,118,1.18,75.58230906673555,58.82533909840545,87.80684811374313,104.08480145520568,,,,24.93454828960554,,1.6080256958892898,1,0.10459571640026083
7,json_l_comf_10,120,1.2,72.34460894039246,57.8033317345012,82.68621877988599,109.84710519931996,0.505,1.01,118.81188118811882,22.345766103537528,0.985221674876848,3.0976746595361684,1,0.09250208086280659
7,json_l_comf_11,121,1.21,51.15503853493027,53.37364366485393,57.48842253820132,118.52756770194776,0.6599999999999999,1.3199999999999998,90.90909090909092,4.244969099836676,21.21212121212121,7.14183318292384,1,0.043362181516915566
7,json_l_comf_12,124,1.24,55.21580536435937,58.67511613061088,49.565903853367175,120.5761149301656,0.655,1.31,91.6030534351145,6.074778781036167,19.84732824427481,8.662135448076006,1,0.03492130456492426
7,json_l_fast_01,117,1.17,60.74988278259039,51.76382293442696,56.58068890152187,73.71187578925549,0.615,1.23,97.5609756097561,15.973271506609567,37.39837398373984,4.366702870269839,1,0.0803313968186995
7,json_l_fast_02,119,1.19,62.36340436178776,59.9256938466267,71.32359415217546,83.50633930099701,0.54,1.08,111.1111111111111,3.986799397288096,24.63054187192117,1.6053998185541818,1,0.11688413134248593
7,json_l_fast_03,118,1.18,52.1052584152484,54.72742580731898,35.01275582312071,129.9641252499504,0.8,1.6,75.0,4.908923539930436,12.499999999999996,2.350614597354301,-1,-0.06415479019290349
7,json_l_fast_04,121,1.21,69.20149680416553,82.69309908959904,68.14237096477521,68.76400267339505,0.44,0.88,136.36363636363637,17.76442697786243,19.78021978021977,3.7372423020366448,1,0.09205415653991161
7,json_l_fast_05,119,1.19,83.879063522611,85.23676173572575,94.3128258565342,49.595105579787415,0.48,0.96,125.0,1.6056430095063683,45.83333333333333,3.5626935162082503,1,0.05109377970273982
7,json_l_fast_06,121,1.21,82.93371395750303,84.07560911098419,89.85571690293601,76.64832600193805,0.68,1.36,88.23529411764706,1.3674627649534148,,2.4539929277361714,1,0.04156849157912301
7,json_l_fast_07,120,1.2,81.57982303534745,84.77034750397364,92.0101497621886,74.67848485819769,0.5900000000000001,1.1800000000000002,101.69491525423727,3.835913673285994,20.338983050847453,3.07960249349304,1,0.0731777628459242
7,json_l_fast_08,120,1.2,82.10076613908309,82.05839720555794,98.7094581204763,74.24364849536431,0.61,1.22,98.36065573770492,0.0516193341412237,13.114754098360669,5.317187679570303,1,0.06215926165783697
7,json_l_fast_09,117,1.17,46.81504796549663,75.80207994098296,40.15229197150289,100.88721790494706,0.6100000000000001,1.2200000000000002,98.3606557377049,47.28055936458537,19.67213114754098,7.593332420563314,1,0.04026120340285588
7,json_l_fast_10,119,1.19,24.244301721207307,82.02129122972737,39.90671817681618,86.25795292523038,0.41,0.82,146.34146341463415,108.74072765057088,3.726708074534151,10.08999646130744,-1,-0.062224991753738745
7,json_l_slow_01,125,1.25,63.38741804476676,91.14548449274577,86.62166181283544,88.9042996797359,0.4649999999999999,0.93,129.03225806451613,35.92512143650545,15.053763440860218,1.5711895572274015,1,0.07562818810184424
7,json_l_slow_02,127,1.27,61.75070264788614,80.8725253464079,66.10617222312672,110.3103246454384,0.4,0.8,150.0,26.814457879591348,,3.946989563347842,1,0.07294852057356938
7,json_l_slow_03,129,1.29,58.35948895852136,83.42895517759992,56.03934077020472,95.2454992078665,0.67,1.34,89.55223880597015,35.36179040798432,32.83582089552238,4.517716004132949,1,0.027181034344923694
7,json_l_slow_04,127,1.27,59.76438633172808,82.42556052370217,61.90119611778417,98.18207426134944,0.31,0.62,193.5483870967742,31.874509686700343,26.573426573426577,2.389401309668112,-1,-0.011652623192252132
7,json_l_slow_05,123,1.23,60.042927287189926,80.15393165774053,75.34585024185688,107.8387675260567,0.48,0.96,125.0,28.68966469277352,,2.321167073002185,1,0.0951280110826368
7,json_l_slow_06,129,1.29,60.90853043115168,83.71048528424835,62.2792089277235,104.82046495231944,0.655,1.31,91.6030534351145,31.533826641400054,38.167938931297705,3.869974601338512,1,0.025263873869257658
7,json_l_slow_07,129,1.29,58.24885463098737,68.67071779204132,54.61174917056974,86.32016394978139,0.635,1.27,94.48818897637796,16.42278328249863,17.32283464566929,16.737600302732076,1,0.03258217644710648
7,json_l_slow_08,128,1.28,58.48417503087002,72.00419336524212,55.75136572854997,93.907420027053,0.63,1.26,95.23809523809524,20.72218160216481,25.396825396825385,4.7164395538654444,1,0.07524231883531052
7,json_l_slow_09,125,1.25,59.78056055990528,71.04126151561258,66.36939729450205,95.63900425151382,0.6499999999999999,1.2999999999999998,92.30769230769232,17.215325053654993,12.307692307692305,3.926397507732256,1,0.07867145626487426
7,json_l_slow_10,127,1.27,104.37664105372248,56.01596302091734,74.87559904053107,84.16897924468766,0.65,1.3,92.3076923076923,60.30287781885524,58.46153846153845,2.867509518725276,-1,-0.01644386883500304
7,json_r_comf_01,120,1.2,72.11655215830204,56.87791907396914,55.30511077404984,98.61992480801996,0.36,0.72,166.66666666666669,23.626800340758454,2.8169014084507067,5.333331512985274,1,0.055656685203434086
7,json_r_comf_02,121,1.21,63.02650525995129,51.14003023483005,63.788331069008265,102.14657113472656,0.365,0.73,164.38356164383563,20.823045866473866,5.3333333333333375,4.810071385586981,1,0.06570434475402542
7,json_r_comf_03,122,1.22,61.532760533971896,51.47189358705373,88.81228308767233,109.2289500035992,0.38,0.76,157.89473684210526,17.806110775124694,0.0,3.205733244560383,1,0.06655597949971287
7,json_r_comf_04,122,1.22,56.80424943535782,51.78379724491357,63.25813287661353,106.71910412354336,0.36,0.72,166.66666666666669,9.246786076236468,0.0,4.15649499915589,1,0.05664567953110444
7,json_r_comf_05,122,1.22,64.00119148944516,55.90667336956649,84.20562738667041,113.21996585322069,0.35,0.7,171.42857142857144,13.501229680632296,0.0,4.027943801709287,1,0.0543076665494695
7,json_r_comf_06,121,1.21,61.010710817398376,55.42240032223695,60.588643045618895,110.02861365428612,0.345,0.69,173.91304347826087,9.59917748562005,0.0,4.787274434604296,1,0.040903436638304924
7,json_r_comf_07,120,1.2,79.44795673075967,57.60802737893471,91.78877512235871,89.96101877229374,0.38,0.76,157.89473684210526,31.870085051295703,8.219178082191789,7.151203408325859,1,0.06188270698817844
7,json_r_comf_08,119,1.19,62.75547219466995,58.1229234404416,64.88616276652381,91.1839777113744,0.355,0.71,169.01408450704227,7.664808471171892,0.0,4.33058715229292,1,0.06915208028986691
7,json_r_comf_09,122,1.22,58.874926321377856,57.13165432125194,79.32463975636114,99.94717604292144,0.42,0.84,142.85714285714286,3.005470880132639,34.6368715083799,3.644899055234071,1,0.09466053998372143
7,json_r_comf_10,121,1.21,71.22612840932986,61.66178110592972,68.10012082102595,76.44267763770083,0.375,0.75,160.0,14.39460871690793,6.451612903225811,9.546523758315592,1,0.06475929873450009
7,json_r_fast_01,118,1.18,175.0047127070609,61.45030347848704,103.2673408481673,98.0267875796047,0.68,1.36,88.23529411764706,96.04736753773656,40.963855421686745,2.3688377650299595,-1,-0.11115585694907881
7,json_r_fast_02,121,1.21,60.58361266911895,49.81522647320536,95.23277773527208,104.16014925230816,0.76,1.52,78.94736842105263,19.50815113559513,55.26315789473684,2.361573714514852,-1,-0.04377375130102068
7,json_r_fast_03,122,1.22,66.49108998635188,56.304111563475885,97.43527776670604,93.34719818462712,0.5549999999999999,1.11,108.10810810810813,16.591818400562385,5.405405405405391,1.6202988714873914,1,0.09364299484782446
7,json_r_fast_04,119,1.19,97.20970506468088,81.90299247954205,100.97364192727794,106.48001175570428,0.325,0.65,184.6153846153846,17.091711302443656,0.0,3.3380385635499743,-1,-0.0026544073079187713
7,json_r_fast_05,120,1.2,101.5778939395108,78.80655012987793,94.23329558627502,92.83042872527388,0.3399999999999999,0.6799999999999999,176.47058823529414,25.247569353456424,9.929078014184404,4.7894999488349566,1,0.03215595788758002
7,json_r_fast_06,120,1.2,93.35968015718478,82.13896803315315,86.61562641866662,110.55465266479798,0.62,1.24,96.7741935483871,12.78723481888266,17.5438596491228,5.031462039191696,1,0.06949543918654921
7,json_r_fast_07,119,1.19,78.41721262836715,49.046974560074176,72.61554003640427,104.63717149213214,0.3399999999999999,0.6799999999999999,176.47058823529414,46.08390594429856,0.0,3.380634914434776,1,0.02601198798541421
7,json_r_fast_08,121,1.21,63.25710755477901,77.11196050269113,91.68155771713522,98.3391739791542,0.3399999999999999,0.6799999999999999,176.47058823529414,19.74060687250505,0.0,2.4568218888016737,1,0.0392374301459249
7,json_r_fast_09,120,1.2,62.622109556215975,71.64731997586442,81.84449699677057,77.3198076526447,0.37,0.74,162.16216216216216,13.443433030289434,66.66666666666669,4.161962421905704,1,0.050764798713431813
7,json_r_fast_10,119,1.19,65.1536981423427,71.15580685930797,82.78603029562701,90.1015543058265,0.36,0.72,166.66666666666669,8.806588677572535,1.3986013986014,4.1308167349357365,1,0.07189038615902621
7,json_r_slow_01,127,1.27,61.9911203592347,69.50820831347106,95.681289703562,87.95977576751861,0.5800000000000001,1.16,103.44827586206895,11.432891757106924,6.896551724137917,1.6317072462976676,1,0.09429476010285753
7,json_r_slow_02,125,1.25,55.15512398599438,78.16401880435858,77.39124508149756,110.47908196655764,0.49,0.98,122.44897959183672,34.5170158415227,57.14285714285715,0.8484236167451676,1,0.0416879882149091
7,json_r_slow_03,125,1.25,102.8765972426509,83.48310120351105,103.22158694698216,112.68450461696465,0.41,0.82,146.34146341463415,20.812972118800136,30.58823529411765,1.6400695924505695,1,0.036320774757426844
7,json_r_slow_04,125,1.25,95.37853264735904,74.6892783904905,78.71724962724917,78.55124469252013,0.37,0.74,162.16216216216216,24.330593932633192,55.319148936170215,1.5985258631385533,1,0.04035275756086365
7,json_r_slow_05,125,1.25,95.76640805154231,76.71435930394026,75.56789522588396,85.38361919805226,0.35,0.7,171.42857142857144,22.0917949748401,18.181818181818183,1.7094463169023677,1,0.05571605248528827
7,json_r_slow_06,121,1.21,94.28510085497123,77.4793460871595,76.71455069481435,88.19743710792505,0.425,0.85,141.1764705882353,19.56837409254288,38.67403314917128,2.537145831471836,1,0.07309813438319368
7,json_r_slow_07,130,1.3,97.7473028886358,42.160496202234185,56.90201251405125,71.21786316932226,0.385,0.77,155.84415584415584,79.4620557933272,0.0,2.4269230977651395,-1,-0.0013707502600953658
7,json_r_slow_08,127,1.27,97.20021298227012,38.409087841002304,52.18181612324524,58.71886683996311,0.38,0.76,157.89473684210526,86.7066267348212,11.11111111111112,2.584630408340701,-1,-0.006606479778060281
7,json_r_slow_09,125,1.25,98.88075336751366,51.965372198554206,53.687564378114,50.18483245999978,0.6950000000000001,1.39,86.33093525179855,62.20296476678331,4.316546762589915,2.502502972101128,-1,-0.005128729777122754
7,json_r_slow_10,125,1.25,78.2976920364142,40.34350586423744,61.641743764884126,67.77842901095025,0.36,0.72,166.66666666666669,63.98146148854469,50.0,2.5681260369736005,1,0.003035556437530118
6,json_l_comf_01,119,1.19,56.32858010153784,35.00870065346248,54.23645471727072,39.26535403868954,0.91,1.82,65.93406593406593,46.68384973111471,,10.012476824067717,-1,-0.10101597559102138
6,json_l_comf_02,106,1.06,54.89916380838753,52.51425880919162,65.85779934495994,34.215235964726034,0.56,1.12,107.14285714285714,4.440608894266069,14.285714285714276,5.803805743884881,1,0.08547176848071536
6,json_l_comf_03,116,1.16,28.48211341031944,56.39658868217303,22.90940864872161,109.24536639904552,,,,65.77498143511934,,7.500927972982059,-1,-0.004647900827814411
6,json_l_comf_04,117,1.17,74.43983453963335,60.14296398122812,83.64556361993719,101.69005657815428,0.7150000000000001,1.4300000000000002,83.9160839160839,21.24620785945255,9.790209790209785,0.0817314277618147,1,0.021283335013834725
6,json_l_comf_05,121,1.21,42.24939356521216,65.26510104910324,58.18724291627457,155.70687797386924,0.33,0.66,181.8181818181818,42.81414811361922,6.060606060606066,7.327388124177109,-1,-0.050428376238381034
6,json_l_comf_06,116,1.16,45.47363791958821,27.936046457857515,43.00459473433117,22.08185782399497,0.745,1.49,80.53691275167785,47.780048669215965,1.342281879194632,0.0636754661638431,-1,-0.06349504946714879
6,json_l_comf_07,118,1.18,177.97304631534809,57.55806990015972,90.38778053741366,70.5849775327755,0.35,0.7,171.42857142857144,102.24973952487048,20.51282051282053,1.8981356187367384,-1,-0.08974459610051677
6,json_l_comf_08,119,1.19,176.3541354359282,32.23161830265352,80.99186245531399,52.81849609551641,0.75,1.5,80.0,138.19018274268328,10.666666666666677,0.0267994886502227,-1,-0.13857954571259878
6,json_l_comf_09,117,1.17,175.67853777247365,61.21438130766077,86.34613568887619,76.88931330769157,,,,96.6378876238954,,0.1640280563799243,-1,-0.04875459532572746
6,json_l_comf_10,118,1.18,98.79678767367196,65.05159785110965,99.24130081345568,80.38075117318364,0.315,0.63,190.47619047619048,41.19075047884246,0.0,0.1001706867376437,-1,-0.03719626160956924
6,json_l_comf_11,117,1.17,100.20937198728777,66.63655694730214,93.90890156251623,88.53422917869068,0.425,0.8500000000000001,141.17647058823528,40.24409256416136,0.0,0.1696823073883577,1,0.03828913815892937
6,json_l_comf_12,119,1.19,83.01386670249622,95.0593557139009,99.19002092852516,149.61632871368474,0.57,1.14,105.26315789473684,13.528692127823849,0.0,1.794192157671634,-1,-0.00440556400164549
6,json_l_comf_13,118,1.18,50.18035279089497,42.76724562006001,45.02404241787494,19.051426755645902,0.3,0.6,200.0,15.951153763132064,,1.7765985206607064,-1,-0.04505023407565889
6,json_l_fast_01,111,1.11,97.12020703489613,75.00633370572947,71.29696390652592,87.1016048345005,,,,25.69490240611952,,5.765229820063721,1,0.09562823868528042
6,json_l_fast_02,110,1.1,96.55517167391382,76.40000236415622,81.55096529663903,96.87887510896664,0.41,0.82,146.34146341463415,23.306812787596797,,7.346086352025924,1,0.07572157150950348
6,json_l_fast_03,112,1.12,96.95798121079493,72.63741263543301,77.92392765861494,91.858585214171,0.33,0.66,181.8181818181818,28.680694709684573,,5.750600513906382,1,0.039224617689768704
6,json_l_fast_04,110,1.1,96.99877951419036,75.03685229128251,86.05001980327403,96.82609561252754,0.51,1.02,117.6470588235294,25.53183546039,37.735849056603776,5.7493541259544525,1,0.07308188161631163
6,json_l_fast_05,106,1.06,97.40241053366556,73.68630803721896,76.76852228920386,95.52211361132107,0.475,0.95,126.31578947368422,27.72374788302675,12.903225806451626,5.761244052927793,1,0.08415713040055856
6,json_l_fast_06,110,1.1,113.12649446031485,81.10067899501308,81.41867336390922,94.53276233773116,0.3,0.6,200.0,32.977687823550255,,13.119936498604634,-1,-0.06147757291429512
6,json_l_fast_07,113,1.13,111.59213659834823,79.64970890501165,82.46176969055972,92.788317114232,0.35,0.7,171.42857142857144,33.40527028408686,,12.126204143985303,1,0.0023726847412518515
6,json_l_fast_08,112,1.12,111.85114898499153,76.45652802542385,91.30007410440126,89.06989238366987,0.4499999999999999,0.8999999999999999,133.33333333333334,37.592329236380486,,7.682112571056725,1,0.04930421266373336
6,json_l_fast_09,111,1.11,111.24089943303063,76.16662691522048,81.7610761165772,88.55891534120066,0.4,0.8,150.0,37.43101806128447,,5.788989266712192,1,0.048591288560730195
6,json_l_fast_10,112,1.12,114.50248651288793,74.94107136213435,82.88854934517785,84.57135109033386,0.37,0.74,162.16216216216216,41.76591233242422,,5.966561400101931,1,0.03494689804530704
6,json_l_fast_11,110,1.1,108.40859603064072,74.80328510766103,79.4414647125873,80.87683453148458,0.405,0.81,148.14814814814815,36.68464153546017,,12.090940387231448,1,0.029952882034234518
6,json_l_slow_01,120,1.2,128.44286991419713,77.15426192929526,105.33010777677887,133.9696581297701,0.385,0.77,155.84415584415584,49.892338015633925,2.6315789473684235,0.8926857772742653,-1,-0.0433161865413344
6,json_l_slow_02,125,1.25,113.4708397309251,73.97937499121683,104.97115184748642,129.92368848896524,0.43,0.86,139.53488372093022,42.13541691402872,11.764705882352937,1.7007973101226972,1,0.006018593247280768
6,json_l_slow_03,121,1.21,165.26244244880883,68.6637868702415,110.03142105939388,117.52711515830217,0.38,0.76,157.89473684210526,82.58899043494358,28.96551724137932,1.7655129559592733,-1,-0.09190628629487552
6,json_l_slow_04,121,1.21,169.3214445741158,58.17652613068461,94.54193497669829,90.26629264339454,0.5,1.0,120.0,97.71068998910056,20.000000000000007,3.2464285730931057,-1,-0.05072565042570354
6,json_l_slow_05,121,1.21,167.85850957032173,60.27522729706169,74.50557847514264,71.25948852615005,0.31,0.62,193.5483870967742,94.31597776860102,17.647058823529413,6.052427581782339,-1,-0.11829519948027512
6,json_l_slow_06,121,1.21,116.24949247125804,81.54098417636392,89.93657666559575,94.59681083499856,0.375,0.75,160.0,35.09623808301938,0.0,14.62862650491739,-1,-0.019489107313647835
6,json_l_slow_07,120,1.2,108.08328474122948,87.82567471385754,85.36918569717216,100.8659447051018,0.36,0.72,166.66666666666669,20.68063664236457,0.0,14.47411915765584,-1,-0.009491643155865037
6,json_l_slow_08,121,1.21,113.56197784752182,81.45299547235508,89.26891168774998,100.7035915864708,0.37,0.74,162.16216216216216,32.929761062499935,0.0,16.39843828211696,-1,-0.02355104747602954
6,json_l_slow_09,122,1.22,112.69802176651028,87.07093185671314,103.12552434977796,107.31368809527824,0.47,0.94,127.65957446808513,25.65672938161492,58.51528384279475,14.43780062786316,-1,-0.02812751189502083
6,json_l_slow_10,121,1.21,108.12532868308524,88.7766976538479,84.04629809737908,89.31999350454534,0.575,1.15,104.34782608695652,19.653054251588568,5.217391304347812,14.510902161948264,1,0.017183104667893856
6,json_r_comf_01,122,1.22,96.13935019066017,92.42511282578518,89.32687064526341,88.03733977808535,0.43,0.86,139.53488372093022,3.939488178693626,0.0,3.591953207949508,1,0.05184853220123725
6,json_r_comf_02,121,1.21,93.867007864406,94.8855956339041,56.55332346714182,88.72682696546435,0.32,0.64,187.5,1.0792834118520824,12.50000000000001,3.458649648231226,-1,-0.003947683920480727
6,json_r_comf_03,119,1.19,91.37328353713178,94.34937207494156,75.25928373947464,81.29084574368841,0.6,1.2,100.0,3.20487398589224,6.666666666666673,3.482248606303892,1,0.059296329998820396
6,json_r_comf_04,118,1.18,80.64098343581617,87.81683301573604,81.8426275511248,64.75465524952375,0.39,0.78,153.84615384615384,8.519461703914006,19.883040935672508,1.9163358713040164,1,0.0676213812484599
6,json_r_comf_05,119,1.19,88.339291512251,94.14980142757965,57.43455253282697,90.11072257347509,,,,6.368062684430639,,12.41625654446896,1,0.05432530412936598
6,json_r_comf_06,119,1.19,93.71483526050189,91.68855981116086,62.476002680837865,99.98448372911923,,,,2.185801881953484,,5.079805361982934,1,0.07607718035442051
6,json_r_comf_07,118,1.18,93.2006274570654,92.63929549829405,78.29253155860616,97.27537369866218,0.3349999999999999,0.6699999999999999,179.10447761194033,0.60410265979953,8.955223880597007,2.695058837291686,1,0.021349081664346403
6,json_r_comf_08,116,1.16,89.42100895674666,94.51800736989212,74.15100991486041,100.85420503133082,0.35,0.7,171.42857142857144,5.5420524855849225,0.0,2.661341188667439,1,0.028031534529822044
6,json_r_comf_09,117,1.17,91.66582739156614,91.6356203359376,76.94890408989002,86.939670629487,0.4,0.8,150.0,0.0329588838528357,6.451612903225811,2.6226951374985426,1,0.058651747121988285
6,json_r_comf_10,119,1.19,93.37609268064654,93.97167682775738,69.68090771934443,87.84848671205009,0.46,0.92,130.43478260869566,0.6358059652096633,26.08695652173913,3.4810922992071496,1,0.07004248272220609
6,json_r_fast_01,111,1.11,98.5936357665681,92.26047682583372,78.12426084172063,111.20293936569408,0.69,1.38,86.95652173913044,6.636649171149704,37.681159420289845,9.800351075694778,-1,-0.022453679351904454
6,json_r_fast_02,112,1.12,95.40788127037096,75.95521678373112,76.13128509133382,105.27762181162596,0.33,0.66,181.8181818181818,22.70344631666068,,7.353618484319015,1,0.025404996647531763
6,json_r_fast_03,113,1.13,95.10420182291922,74.80081223617385,77.42290657932347,99.43247091588876,0.55,1.1,109.09090909090908,23.8996944253615,0.0,8.836021438409535,1,0.061375066338984985
6,json_r_fast_04,113,1.13,90.05743767420482,82.47159060953389,84.29460207946475,131.1604030436765,0.55,1.1,109.09090909090908,8.79370519863516,0.0,8.85190208867251,1,0.0291705498777155
6,json_r_fast_05,112,1.12,97.20618170791012,81.97436297769754,76.34946198982078,108.45776418845342,0.52,1.04,115.3846153846154,17.00164351764698,18.947368421052623,5.2975620384834246,1,0.07882772872510241
6,json_r_fast_06,113,1.13,94.11430523603988,78.14877832661271,85.62512298558441,99.96961932706168,0.53,1.06,113.20754716981132,18.536214003879067,0.0,5.635228427834958,1,0.07455984518669317
6,json_r_fast_07,113,1.13,94.21577088070777,75.67999843844343,96.86514015583693,94.83882389813874,0.52,1.04,115.3846153846154,21.82016952693466,0.0,6.153806971944177,1,0.06870815066140523
6,json_r_fast_08,112,1.12,81.77294884740418,79.71924154344501,69.10121410669944,114.92579491310548,0.38,0.76,157.89473684210526,2.543413770026545,42.10526315789475,9.104103885255974,1,0.024993403519860735
6,json_r_fast_09,111,1.11,92.36548268742511,74.68570792612994,75.65130119132519,102.6676624888802,0.52,1.04,115.3846153846154,21.16689464631758,0.0,7.124190707765041,1,0.0752154176288069
6,json_r_fast_10,110,1.1,90.84706928376572,77.7129068506218,66.88473334084435,100.2993530160668,0.43,0.86,139.53488372093022,15.583963327892828,0.0,8.417173022316033,1,0.051277558015233426
6,json_r_slow_01,123,1.23,54.97664964428405,55.9398445076634,57.83394156116924,126.08859090737506,,,,1.7367928381505398,,4.18641810046835,1,0.09479922185904788
6,json_r_slow_02,125,1.25,56.39917377056487,65.7962561169967,76.24122572101398,108.74426856653756,0.43,0.8600000000000001,139.53488372093022,15.38041538063834,0.0,10.17801688291654,1,0.05672377101822035
6,json_r_slow_03,119,1.19,26.91131204874145,25.79169225655789,29.41148689132612,86.26775490053765,0.51,1.02,117.6470588235294,4.248789255723614,0.0,8.10781019593596,-1,-0.012667993433931102
6,json_r_slow_04,121,1.21,53.805754702495264,60.82413003463509,45.34366414998503,103.6206605809524,0.39,0.78,153.84615384615384,12.245280274396835,,10.136898933511862,1,0.040622623770387556
6,json_r_slow_05,120,1.2,54.591931809105446,57.52296246515027,54.11246373369369,104.75130442632188,0.5,1.0,120.0,5.228619578189017,66.66666666666666,6.336018099924731,1,0.04371462204588533
6,json_r_slow_06,120,1.2,51.10133817746197,52.49316056116869,44.19261482335217,130.8203135596191,,,,2.6870584840963376,,6.608041520997487,1,0.0643106149279023
6,json_r_slow_07,121,1.21,49.83379961535134,51.80862344102104,47.88951953658682,102.75520980083,0.3,0.6,200.0,3.8858259500060046,0.0,11.298797604163,-1,-0.0674008591517774
6,json_r_slow_08,121,1.21,87.80376227505285,89.25952060119405,86.25599179839574,115.96357660092978,0.71,1.42,84.50704225352113,1.6443367619685068,0.0,2.072242660425022,-1,-0.018829552548195294
6,json_r_slow_09,120,1.2,58.86294345010154,34.182195419501056,71.10654641057783,76.06595329128393,,,,53.05112836725222,,12.432460261023468,1,0.055840932793780274
6,json_r_slow_10,121,1.21,55.79298456071923,36.73150654084802,69.86156970494375,66.00716594679233,0.37,0.74,162.16216216216216,41.20309724037669,,14.476920352021708,1,0.012905720617085836
6,json_r_slow_11,121,1.21,51.13830687822785,33.958692361258244,76.05409530680865,75.93688992499219,,,,40.37654598988033,,13.999959353478513,1,0.04520409064534464
6,json_r_slow_12,99,0.99,37.87821153932933,48.061837331075424,68.33250229016626,51.36081306839827,,,,23.6993716564037,,14.085928900906495,1,0.05241835695638841
6,json_r_slow_13,120,1.2,55.55787544915215,46.80389791719557,83.02743853274333,93.23592674407044,0.33,0.66,181.8181818181818,17.103997408537516,,3.6112502373965754,1,0.05264403311678295
5,json_l_comf_01,115,1.15,73.69741080555089,72.84548888094743,74.98157937997793,64.49995271788367,0.61,1.22,98.36065573770492,1.162692872088638,39.34426229508197,12.047178418674545,1,0.03598952398218447
5,json_l_comf_02,112,1.12,69.87578989198575,55.23604927483996,79.45231251948428,68.1994835532843,0.6950000000000001,1.39,86.33093525179855,23.40264632769881,12.949640287769778,12.665614193083012,1,0.029090995291248478
5,json_l_comf_03,116,1.16,98.22792693102208,115.69503330615564,67.09601026961006,85.49396052174131,0.66,1.32,90.9090909090909,16.33027736318501,6.060606060606066,8.191445790229977,-1,-0.0007460786573042499
5,json_l_comf_04,115,1.15,99.12953161911888,106.0070545671718,80.64514350376513,100.45831659324372,0.83,1.66,72.28915662650603,6.705310911050483,,9.50577688834395,-1,-0.08691536651839105
5,json_l_comf_05,115,1.15,98.03479642992484,48.93049531311337,90.5057438548696,107.95514426519264,0.35,0.7,171.42857142857144,66.82435088506203,,16.91604850996399,-1,-0.043924827972016134
5,json_l_comf_06,115,1.15,54.25187864748848,46.83775152480037,64.85962124054817,75.6326268695462,0.71,1.42,84.50704225352113,14.668422685990812,22.53521126760564,6.211224060562113,1,0.04465207210308236
5,json_l_comf_07,115,1.15,80.74590399724923,51.865635349412415,101.6149699028333,84.75797913639789,0.405,0.81,148.14814814814815,43.55619245522897,12.345679012345675,11.945720864635712,1,0.03341954632908345
5,json_l_comf_08,115,1.15,81.60673969076214,54.6341694428756,85.68038960393183,88.45716876389001,0.61,1.22,98.36065573770492,39.59540554948784,68.85245901639342,10.664201451356222,-1,-0.005945909207884625
5,json_l_comf_09,115,1.15,77.4952730355617,52.5315352000335,98.9359103463673,88.02668157481891,0.64,1.28,93.75,38.39783222286973,28.12499999999999,5.487930733051062,1,0.05113814473515704
5,json_l_comf_10,117,1.17,81.1630450122321,52.76187097153985,117.40895701550946,87.58646810546583,0.815,1.63,73.61963190184049,42.41357753643647,1.2269938650306624,4.591864044689412,-1,-0.08258731661743846
5,json_l_comf_11,118,1.18,81.56188870287971,65.58666750274776,102.29136896582172,88.51206835061221,0.535,1.07,112.14953271028035,21.71305191443123,84.11214953271028,4.453210713343839,1,0.013956455406988977
5,json_l_fast_01,115,1.15,31.949761147916035,46.94661514703398,42.803448866937245,29.69285564440017,,,,38.0165850534199,,15.01451905460274,1,0.005589704203191104
5,json_l_fast_02,115,1.15,52.6961575962475,51.62622053662062,88.0544480229365,52.80248075156467,0.46,0.92,130.43478260869566,2.051212939690038,,15.4570244166312,1,0.05445422006058637
5,json_l_fast_03,114,1.14,43.21064189144553,49.85897208991315,54.465543095183136,45.51937615740678,0.41,0.8200000000000001,146.34146341463415,14.28679010057835,53.65853658536586,10.835327574301129,1,0.02009686171026881
5,json_l_fast_04,114,1.14,39.851107626435095,46.07445334333377,46.07392926934867,45.067061165612685,0.4,0.8,150.0,14.485435175891917,39.99999999999999,15.983582846666696,1,0.0004293144730064258
5,json_l_fast_05,115,1.15,31.627817248523318,54.49201900039989,32.70528233251069,34.88726624466854,,,,53.09857228661987,,16.497792801506478,-1,-0.012214671167837143
5,json_l_fast_06,114,1.14,33.89801634762733,50.169449962496415,49.96257820011019,40.091627480808256,0.4,0.8,150.0,38.71041754688784,,14.566875099543314,-1,-0.0002030820478196027
5,json_l_fast_07,114,1.14,36.18650484398557,53.12210191690218,48.933531620660204,42.77840447962794,0.415,0.8300000000000001,144.57831325301203,37.92601337575331,45.78313253012048,14.086827297072173,-1,-0.011207271860444123
5,json_l_fast_08,114,1.14,52.45114017657272,51.71434174189635,66.09755379846737,37.90347662756294,0.44,0.88,136.36363636363637,1.4146690844344576,37.837837837837846,5.516905413676765,1,0.06892387771639419
5,json_l_fast_09,115,1.15,54.85801758272538,45.05916568564305,71.38532797097746,36.24274359163458,0.645,1.29,93.02325581395348,19.613947424365453,17.05426356589147,14.587036484948309,1,0.014650757376954093
5,json_l_fast_10,116,1.16,54.32003986097408,55.69851374657142,80.22833142651055,60.14859315480726,0.42,0.84,142.85714285714286,2.5058934886829918,72.56637168141594,3.61521115475547,1,0.050812031436351324
5,json_l_slow_01,126,1.26,159.435429861672,77.63336388426416,120.06194315775026,108.42427054964054,0.43,0.86,139.53488372093022,69.01124748209092,8.888888888888886,3.169268395605515,-1,-0.0578888816058023
5,json_l_slow_02,123,1.23,171.75100932378083,71.70334513408406,87.1168100192112,93.54263949064044,0.55,1.1,109.09090909090908,82.19007987143003,65.45454545454544,3.156816142709461,-1,-0.08174147433425305
5,json_l_slow_03,124,1.24,171.99654022979956,69.76381684622487,89.74960716076905,92.00513480185604,0.615,1.23,97.5609756097561,84.57360389439398,40.65040650406504,4.068789147106401,-1,-0.07290465004520119
5,json_l_slow_04,126,1.26,168.6901345616678,75.36957956510119,86.5237737868685,107.87420828079212,0.37,0.74,162.16216216216216,76.47354282165081,29.88505747126437,3.194802459329211,-1,-0.06495952232368973
5,json_l_slow_05,123,1.23,170.48040568660528,69.11388581942124,81.60045641917259,89.76617860647008,0.615,1.23,97.5609756097561,84.61513772304075,8.130081300813014,4.214666490400675,-1,-0.04965941478844793
5,json_l_slow_06,125,1.25,170.92399992607386,66.79756219664367,86.63304455158055,92.33730404017663,0.4449999999999999,0.8899999999999999,134.8314606741573,87.60369635773944,15.730337078651688,4.195591017315423,-1,-0.04444307457733421
5,json_l_slow_07,125,1.25,167.10161610706385,69.864407635715,85.81963796527356,95.89058737619985,0.535,1.07,112.14953271028035,82.0684813253208,5.607476635514024,6.092529589032576,-1,-0.027943333400743287
5,json_l_slow_08,128,1.28,168.55496150928266,63.08661890626748,95.2762739367314,90.44549924070456,0.5,1.0,120.0,91.061667265274,24.00000000000001,6.095457886467129,-1,-0.041860126308116974
5,json_l_slow_09,127,1.27,174.9523739729139,77.65653012252179,98.77543214586927,118.50325612851564,0.575,1.15,104.34782608695652,77.03279043056513,33.04347826086958,4.063069131715536,-1,-0.07671380614431222
5,json_l_slow_10,129,1.29,108.0603545761122,76.57413247546395,83.1490015351056,76.12959020362612,0.5,1.0,120.0,34.10654488600801,0.0,4.226495337086281,1,0.059387356557290716
5,json_l_slow_11,126,1.26,157.97715390747084,79.63580988901788,122.05296822168658,111.5413646559802,0.4649999999999999,0.93,129.03225806451613,65.94029447446388,14.68926553672315,3.80801588526423,-1,-0.05739845242644637
5,json_r_comf_01,128,1.28,94.94717100099288,93.56029187643402,82.30469712629117,80.45881668506826,0.775,1.55,77.41935483870968,1.4714315320880946,3.870967741935488,4.893830779334131,-1,-0.0514377395233111
5,json_r_comf_02,122,1.22,101.5818799526136,84.7542348314324,86.84649752678922,87.2159776663977,0.53,1.06,113.20754716981132,18.06160350684951,11.320754716981142,4.11940359062862,1,0.07826907238077457
5,json_r_comf_03,121,1.21,77.14876673072656,77.69058228682611,90.3683162380736,81.15858595718835,0.47,0.94,127.65957446808513,0.6998422035966189,11.235955056179774,4.306564971512408,1,0.0951612598842379
5,json_r_comf_04,119,1.19,55.55027513389253,81.6938284965009,76.91116805019978,80.37696145899159,0.54,1.08,111.1111111111111,38.09788933885936,7.407407407407414,5.714566097123019,1,0.07651215257869376
5,json_r_comf_05,117,1.17,52.16177605278763,81.65577864800895,85.6212125812235,75.56553573795458,0.46,0.92,130.43478260869566,44.08091697859391,29.21348314606741,5.244908029988048,1,0.07105074878520246
5,json_r_comf_06,119,1.19,56.76323529063475,73.6178945046699,91.8864241302387,90.41882183888087,0.355,0.71,169.01408450704227,25.854445716947804,17.21854304635763,2.642848636187951,1,0.06970473515793862
5,json_r_comf_07,118,1.18,82.5709634250786,68.8221403189558,83.97160513926595,78.63501737706301,0.485,0.97,123.71134020618555,18.163077136417535,15.217391304347816,4.97953948122894,1,0.1033602432989032
5,json_r_comf_08,120,1.2,83.58839622290124,68.53623976830717,88.96173841855007,77.92579123200382,0.44,0.88,136.36363636363637,19.789242362379703,1.1299435028248472,4.994571799344746,1,0.0782587158307716
5,json_r_comf_09,119,1.19,168.84412332962606,71.66000723062142,97.06308144855404,83.88156158658364,0.5449999999999999,1.09,110.09174311926608,80.81700374344261,3.636363636363639,5.632641330664252,-1,-0.04472754106892707
5,json_r_comf_10,117,1.17,169.87953179451367,65.83461769768134,92.57645155269232,89.74915090972719,0.43,0.86,139.53488372093022,88.28058419146998,50.74626865671642,5.50477398604745,-1,-0.07674196171544656
5,json_r_fast_01,115,1.15,112.11551581638932,78.2556889124401,100.75862995157908,85.54169463649818,0.55,1.1,109.09090909090908,35.57242488661054,3.636363636363639,5.868533908048551,1,0.0368227903391633
5,json_r_fast_02,115,1.15,99.39530833053242,80.33190951255011,90.93051516743743,102.22472724158676,0.44,0.88,136.36363636363637,21.21370268428269,7.058823529411757,5.546594637336058,1,0.06455160681145061
5,json_r_fast_03,115,1.15,97.9629578739346,78.75084675116048,88.96941537604896,82.10522726335292,,,,21.743758121821145,,5.796925555787809,1,0.09254930412133955
5,json_r_fast_04,114,1.14,97.28909192555878,81.53663909977755,94.85363287946625,79.64333386207736,0.4649999999999999,0.93,129.03225806451613,17.617657968415518,10.75268817204301,3.816753264556468,1,0.07623974723367632
5,json_r_fast_05,116,1.16,99.7091112136886,83.73749678617935,94.83220945118435,125.71953705471722,0.45,0.9,133.33333333333334,17.412820658445465,33.84615384615383,3.907757208274108,1,0.04542871798267939
5,json_r_fast_06,115,1.15,96.93596414536044,79.6988155559731,96.87331127622892,85.98027018682575,0.47,0.94,127.65957446808513,19.517275837219746,20.10582010582011,4.902801279961693,1,0.08585110425598758
5,json_r_fast_07,117,1.17,96.43529716531876,77.7406265456126,95.04812699210888,81.52688397095446,0.48,0.96,125.0,21.466423396993168,24.719101123595504,5.690716503371182,1,0.07862891332575972
5,json_r_fast_08,116,1.16,107.80887127249775,82.51073988475412,97.60442216333212,97.18441661004756,,,,26.584891839486808,,5.721909873563501,1,0.06337641616963718
5,json_r_fast_09,116,1.16,100.2006168052155,78.65480560308913,87.94093647435977,95.67699943172536,0.495,0.99,121.21212121212122,24.09299188362316,2.020202020202022,5.279241041481858,1,0.07545030162274519
5,json_r_fast_10,116,1.16,98.79258385840508,81.57959040721552,95.9368807397396,92.8099154253849,0.51,1.02,117.6470588235294,19.08608522492086,59.74025974025974,5.308791251083456,1,0.03801519597935843
5,json_r_slow_01,124,1.24,52.001750756840096,55.22433716516625,61.052026231449474,95.93335547477324,0.48,0.96,125.0,6.010825295930189,36.89320388349515,5.3644572558010175,1,0.09688179718131795
5,json_r_slow_02,125,1.25,52.232480921191694,54.6226722941264,60.65797514362406,95.02834425690226,0.4449999999999999,0.8899999999999999,134.8314606741573,4.473703515483923,65.1685393258427,10.048814456295045,1,0.03209866774826581
5,json_r_slow_03,128,1.28,45.67075869986775,46.674802944230265,47.09861688146752,89.60500726356373,0.33,0.66,181.8181818181818,2.174537089789174,42.42424242424242,8.518899103617557,-1,-0.010069092382263833
5,json_r_slow_04,126,1.26,50.32902563057334,55.1197980436726,50.614335503382,96.8021377720465,0.345,0.69,173.91304347826087,9.086440694490792,47.85276073619632,5.111049921052295,1,0.026617657838414632
5,json_r_slow_05,126,1.26,56.737904779794576,56.4141271701649,86.33725975995577,108.54949046446252,0.345,0.69,173.91304347826087,0.5722877513553811,51.16279069767442,3.474319685496422,1,0.03168576609200752
5,json_r_slow_06,125,1.25,54.66567839772576,54.82720808096393,80.80902276495652,112.64317837272098,0.4,0.8,150.0,0.2950505524751322,0.0,3.527872794220664,1,0.07902282114920578
5,json_r_slow_07,126,1.26,60.61236719361128,56.04979416922504,83.13514290227431,112.39371744365236,0.77,1.54,77.92207792207792,7.821855811835977,5.194805194805199,4.957716937217409,-1,-0.01975388502104658
5,json_r_slow_08,127,1.27,67.67592649160281,49.38127409860167,79.72770724021964,92.72149666155686,0.525,1.05,114.28571428571428,31.25762840860568,9.52380952380953,4.32826049239595,1,0.10396512231182381
5,json_r_slow_09,125,1.25,70.34760255143661,55.61904116976704,92.41902794013598,87.33328413323227,0.38,0.76,157.89473684210526,23.38485958912684,4.026845637583897,4.174730989150516,1,0.0763042882088455
5,json_r_slow_10,127,1.27,69.5863917500058,56.2588710798084,88.69911575055261,98.20079215061338,0.415,0.83,144.57831325301206,21.1808062862418,49.43820224719101,4.203191100452174,1,0.07992983821901867
4,json_l_comf_01,113,1.13,93.75440501994872,83.33528512055838,59.39236749067524,66.51447803845406,0.43,0.86,139.53488372093022,11.7670541872015,3.5502958579881563,11.665084937711123,1,0.03008245489862532
4,json_l_comf_02,113,1.13,95.37511472458829,88.75762820485015,44.436738126663386,66.27181097372966,0.35,0.7,171.42857142857144,7.187734690156668,,11.371854240249686,-1,-0.006567055970025937
4,json_l_comf_03,112,1.12,91.82205346291944,90.45000924004763,62.72617337512135,74.88083744679287,0.79,1.58,75.94936708860759,1.5054904218730367,0.0,13.08026374816722,-1,-0.08978553145314883
4,json_l_comf_04,113,1.13,92.60997594611152,92.87541238876784,49.14979486631161,78.7201582974796,0.44,0.88,136.36363636363637,0.2862073881281521,15.568862275449105,13.03400938526934,1,0.008039124328102831
4,json_l_comf_05,113,1.13,57.89485264537204,56.74499531875489,70.56472848037238,69.20521880460181,0.37,0.74,162.16216216216216,2.006034283955026,17.93103448275862,5.257227815715708,1,0.09692920995035764
4,json_l_comf_06,112,1.12,60.27345048490608,61.775021347012,93.3946470265376,84.4442291884487,0.39,0.78,153.84615384615384,2.4606139504537925,15.384615384615383,2.623160107174284,1,0.09774635772765933
4,json_l_comf_07,113,1.13,49.74787719507317,54.30017609492222,57.600777070499305,80.72280321683436,0.4,0.8,150.0,8.750377841594407,8.484848484848479,4.438078971252962,1,0.101882593484375
4,json_l_comf_08,113,1.13,53.01300497417073,59.53010191466271,60.60295321793522,63.282045126485954,0.38,0.76,157.89473684210526,11.581512401162634,21.383647798742142,4.3687946486115,1,0.09795410161974849
4,json_l_comf_09,112,1.12,60.1605822019754,60.62858038609551,99.457989099336,89.20290185029609,0.38,0.76,157.89473684210526,0.7749009498743306,,3.104300241495165,1,0.08072422007296987
4,json_l_comf_10,113,1.13,57.20816425473515,57.43288686339113,69.85753496124636,78.18806204420179,0.35,0.7,171.42857142857144,0.3920456179775012,0.0,4.384587329788242,1,0.07057794225495712
4,json_l_fast_01,110,1.1,57.986475739356365,65.68452595909997,73.31464862557132,118.67130479495631,0.33,0.66,181.8181818181818,12.449240507509682,21.621621621621625,3.1748412971391766,1,0.03253440722990231
4,json_l_fast_02,111,1.11,55.95387849929045,63.13231241647529,70.48802708043073,100.85248387085012,0.42,0.84,142.85714285714286,12.055862836795942,14.634146341463412,2.1486792151582703,1,0.09482303602314573
4,json_l_fast_03,112,1.12,58.73346979580042,64.78321749028709,70.36005309066157,125.87069768740092,0.49,0.98,122.44897959183672,9.79583864724988,12.244897959183673,2.2851929266521585,1,0.09037757227819315
4,json_l_fast_04,111,1.11,60.82346008872199,62.94756848804431,76.79037014170265,61.43674581632095,0.47,0.94,127.6595744680851,3.432319216778411,34.04255319148937,1.5815025020988205,1,0.10885665943728456
4,json_l_fast_05,111,1.11,60.40396443992312,67.43151845317139,72.93687360219508,61.977933981685496,0.44,0.8800000000000001,136.36363636363637,10.99468450262004,45.45454545454545,1.6247928756907533,1,0.09526210151327436
4,json_l_fast_06,111,1.11,59.98915214609791,65.81804162215316,70.10575205981179,62.34578115007636,0.46,0.92,130.43478260869566,9.266385015776804,0.0,1.5257579476035683,1,0.10155474176895812
4,json_l_fast_07,112,1.12,59.13302239884922,65.85608337260086,62.16182265805422,54.54121560636415,0.42,0.84,142.85714285714286,10.757835144520762,6.134969325153366,2.1943471917698654,1,0.09247919188864273
4,json_l_fast_08,110,1.1,57.986599568630055,66.20465717591601,79.28513490047152,60.95359875956339,0.415,0.8300000000000001,144.57831325301203,13.234518794169231,50.60240963855421,1.5709303414839169,1,0.07409485837919527
4,json_l_fast_09,111,1.11,58.352011636841866,65.31318477846531,64.748578157901,53.18459722573172,0.495,0.99,121.21212121212122,11.258095799638902,2.020202020202022,1.6510339627098432,1,0.1031904379994355
4,json_l_fast_10,112,1.12,57.25050581584905,64.94412787901524,71.48628350337083,81.51286933270865,0.425,0.85,141.1764705882353,12.592405788257691,30.58823529411765,2.184502790008729,1,0.10445206838281851
4,json_l_slow_01,120,1.2,33.983763180771035,48.37892833778598,30.697980255251977,125.09326937215953,0.4599999999999999,0.92,130.43478260869566,34.95554817746962,0.0,2.3872179013456885,1,0.003988506428222183
4,json_l_slow_02,119,1.19,38.306244565192,58.34587714807988,32.14389498746367,112.46969861892862,0.45,0.9,133.33333333333334,41.46754820827925,4.444444444444448,2.1326448605294788,1,0.02520720824859174
4,json_l_slow_03,119,1.19,52.30189637008179,61.35211639863739,51.05369619602351,132.67019672210066,0.35,0.7,171.42857142857144,15.92591375893149,22.85714285714286,3.890089811219797,1,0.03061479110339338
4,json_l_slow_04,120,1.2,44.59348342975935,48.14871233913193,55.618024226358685,113.64783667757824,0.38,0.76,157.89473684210526,7.666906913077695,0.0,5.673144932218915,1,0.03731007092636668
4,json_l_slow_05,119,1.19,62.495687705073934,50.8629190942758,65.13918437612716,74.10553890283212,0.63,1.26,95.23809523809524,20.523838355544907,25.396825396825385,14.929815192313244,1,0.03920310412673994
4,json_l_slow_06,119,1.19,69.46055337804499,53.30745001645907,73.4373437354327,70.26407795732383,0.585,1.17,102.56410256410255,26.31484249145824,56.41025641025642,4.444743274273389,1,0.05406088096128703
4,json_l_slow_07,118,1.18,48.28376069178663,47.863485207937,52.28816643462393,79.1926886181753,0.41,0.82,146.34146341463415,0.8742330160719246,50.46728971962617,13.629128774048308,1,0.013214142739998047
4,json_l_slow_08,119,1.19,53.20853708994919,59.418857182488765,63.2921879801488,114.20984142018322,0.65,1.3,92.3076923076923,11.028080925884224,43.07692307692308,2.31562040315952,1,0.02957165958978275
4,json_l_slow_09,119,1.19,59.66070628297624,78.87399884793409,66.65460210401595,131.2920136224412,0.435,0.87,137.93103448275863,27.73787629143468,0.0,3.110640207639053,1,0.04112014533888236
4,json_l_slow_10,115,1.15,56.72114402171806,77.01506878485004,60.59205620118576,133.94251292422692,0.33,0.66,181.8181818181818,30.34918416971248,19.178082191780824,2.1023358786299564,-1,-0.0014775668543617337
4,json_l_slow_11,120,1.2,83.42784505782613,51.580498726321295,64.30531790569499,76.68053772055075,0.655,1.31,91.6030534351145,47.17833792913224,1.5267175572519098,14.46921693777145,1,0.005649506945189564
4,json_r_comf_01,113,1.13,103.95773275488364,79.72720498438862,92.518728933581,93.56638816113556,0.595,1.19,100.8403361344538,26.38270515668361,1.6806722689075646,1.9624643033891305,1,0.044112592901208836
4,json_r_comf_02,114,1.14,102.01388740606528,102.15824125811776,61.79894216016946,77.01728059001783,0.31,0.62,193.5483870967742,0.1414040721394633,0.0,3.340861791770398,-1,-0.0412059051548318
4,json_r_comf_03,114,1.14,102.93851621998805,108.73515498114256,76.10448238433277,98.58685879823967,0.57,1.14,105.26315789473684,5.476957741850277,0.0,2.4485476209520733,1,0.021292661570595672
4,json_r_comf_04,114,1.14,107.6945270388585,84.56300604203095,68.81667287769886,82.59743013799925,0.3399999999999999,0.6799999999999999,176.47058823529414,24.063058155536936,0.0,4.95224088671561,1,0.01593231418409785
4,json_r_comf_05,114,1.14,90.41045190667468,82.90594812044246,68.90658404588818,79.22558169425268,0.32,0.64,187.5,8.65988883343763,1.550387596899209,5.107806161946192,1,0.00778030644114186
4,json_r_comf_06,114,1.14,94.58051550018244,67.03149215262452,71.93244373509557,79.41491677507717,0.34,0.68,176.47058823529412,34.09279266766095,80.37383177570094,4.980623134010065,-1,-0.014459482777828048
4,json_r_comf_07,115,1.15,93.19116149238172,67.9296952316425,71.59379978197968,82.2530724175035,0.46,0.92,130.43478260869566,31.357164769807927,0.0,5.031225911938464,1,0.07695551233215531
4,json_r_comf_08,115,1.15,93.33374498744448,75.81066854605443,61.71908431649382,74.1784953633757,0.38,0.76,157.89473684210526,20.71966324553736,11.920529801324514,4.712393395507891,1,0.06632780275792838
4,json_r_comf_09,113,1.13,92.9783993215778,71.02728105949711,66.6738492608289,72.78226541871474,0.33,0.66,181.8181818181818,26.76872924288505,,5.547639844359884,1,0.034733301439166864
4,json_r_comf_10,114,1.14,87.06645044871323,66.3367827656722,68.46901652447802,74.45175670601287,,,,27.02637649634245,,9.24291882279186,1,0.09258216458135765
4,json_r_fast_01,111,1.11,85.29842082710917,93.84039753512978,60.2837588247333,85.0839737715617,0.49,0.98,122.44897959183672,9.536712127628048,12.244897959183673,8.004874903824422,1,0.06350614665207066
4,json_r_fast_02,111,1.11,60.7023134663112,58.9726698239769,97.34135354319795,84.81662414708742,0.55,1.1,109.09090909090908,2.890568429224356,10.909090909090898,3.258651586932549,1,0.10724837522716407
4,json_r_fast_03,111,1.11,54.61333533193272,56.124086645943066,94.64233172098552,84.82292315192049,0.62,1.24,96.7741935483871,2.728528959816641,32.258064516129025,1.648346676002035,1,0.08673060632686963
4,json_r_fast_04,112,1.12,60.008908274016505,64.29582193227354,98.58340413341432,83.84403467985655,0.54,1.08,111.1111111111111,6.897426431227006,27.48815165876777,2.3861801843976345,1,0.09787849195960069
4,json_r_fast_05,111,1.11,57.47382901907648,56.71163037558821,99.6736244596536,75.5876436758346,0.56,1.12,107.14285714285714,1.3350187449942077,10.714285714285705,2.350316605471145,1,0.09886027528672031
4,json_r_fast_06,113,1.13,58.107496891762935,64.39704726180092,93.37401935743088,86.57337016555572,0.38,0.76,157.89473684210526,10.268272762443504,23.255813953488367,1.7306067276513704,1,0.08601330343626373
4,json_r_fast_07,112,1.12,54.565503630758215,60.72914427969597,95.03500753628776,87.35179805763497,0.51,1.02,117.6470588235294,10.691980522330695,54.90196078431373,1.7489832128432812,1,0.08402801622631251
4,json_r_fast_08,112,1.12,60.27441972842775,61.84400405292331,96.66022810444396,118.68068242982116,0.55,1.1,109.09090909090908,2.570593815239301,0.0,1.6068467396797406,1,0.0653161511027388
4,json_r_fast_09,113,1.13,54.988951558265214,59.39637773915432,95.6984191855117,84.83560480504656,0.4649999999999999,0.93,129.03225806451613,7.706278782358732,23.655913978494635,1.6987471229650009,1,0.11181583328835182
4,json_r_fast_10,112,1.12,57.95662270780743,62.0556084602112,91.26084601092808,85.37777041492126,0.55,1.1,109.09090909090908,6.830946666869556,21.10552763819095,1.7757274916178076,1,0.11179354454863588
4,json_r_slow_01,118,1.18,80.087668757504,99.65228960251883,51.14984360143326,92.4659468678186,0.53,1.06,113.20754716981132,21.769918078902062,0.0,5.218859799086704,1,0.04154743741495376
4,json_r_slow_02,118,1.18,54.90890551008428,45.4646719148286,77.53670255521003,113.94325452379444,0.48,0.96,125.0,18.81816676768484,0.0,2.160639849275099,1,0.08027910275043731
4,json_r_slow_03,120,1.2,55.74051761593228,49.53565821258694,95.02122791802806,110.45194989806136,,,,11.787775067841032,,4.002369842685406,1,0.10417026035565635
4,json_r_slow_04,120,1.2,53.50652320218478,50.10713289091805,84.31344957153682,109.08880312417467,0.35,0.7,171.42857142857144,6.5616646288635545,19.17808219178084,2.1137456645804686,1,0.06275674525402192
4,json_r_slow_05,118,1.18,74.4008180911953,60.17397647287432,97.72687634954114,79.76986435759645,0.6,1.2,100.0,21.143397118912542,0.0,1.6614030197081764,1,0.06745921840629981
4,json_r_slow_06,120,1.2,75.27207253480319,58.21936871915372,91.67599128472816,76.52709880269487,0.53,1.06,113.20754716981132,25.54875976386837,0.0,1.2796953978639738,1,0.08620833216380502
4,json_r_slow_07,118,1.18,58.84826317292124,67.87179654852694,77.22027696897086,99.44208479536476,0.495,0.99,121.21212121212122,14.241681065240876,14.141414141414144,3.380848756179128,1,0.11978012489525908
4,json_r_slow_08,120,1.2,57.69607778428113,72.26703566711794,82.7749332250699,105.98147855688428,0.535,1.07,112.14953271028035,22.423220706059425,1.8691588785046744,4.103836300062444,1,0.08217460103897567
4,json_r_slow_09,120,1.2,55.36376770316575,68.53409102690772,67.31144743582239,108.21022844132824,0.56,1.12,107.14285714285714,21.25996923390761,0.0,5.001452210029785,1,0.07305600179038124
4,json_r_slow_10,119,1.19,50.84033102619654,53.272854797238864,53.19204896773155,112.26144334590188,0.31,0.62,193.5483870967742,4.672844754107556,65.21739130434783,2.1218047471528187,-1,-0.042086581211530416
3,json_l_comf_01,122,1.22,111.78836806503,76.32259404104457,89.58191860145547,136.19424813013393,0.64,1.28,93.75,37.70729108704096,,4.91266346467436,1,0.009604368044696221
3,json_l_comf_02,119,1.19,162.91431689905073,82.49031971947485,61.95612024186616,131.66854179696335,,,,65.54399157876765,,5.866687714356724,-1,-0.03132595140455452
3,json_l_comf_03,119,1.19,166.94619361037135,76.5551931907617,85.27260922817457,130.83970197747894,0.62,1.24,96.7741935483871,74.24269866145096,,6.303418492417158,-1,-0.058994981346633724
3,json_l_comf_04,119,1.19,160.34803190168964,72.256487663565,79.1396896867713,131.4320091260766,0.62,1.24,96.7741935483871,75.74362218134935,,8.345454377319601,-1,-0.05832738217201772
3,json_l_comf_05,118,1.18,99.89536539647948,65.10584338496439,109.14525344145268,126.91039573039288,0.48,0.96,125.0,42.16880866320968,33.333333333333336,1.6168496585580878,1,0.021480156927302152
3,json_l_comf_06,118,1.18,102.6704398680602,84.38826915210322,94.22351374676826,123.76595484687242,,,,19.546986945137444,,0.1414609918757421,1,0.05272946660769112
3,json_l_comf_07,118,1.18,55.24692478589287,67.89150495356994,89.87169678985539,131.06949980609997,0.56,1.12,107.14285714285714,20.537179488857475,,6.272807045520765,1,0.06680228483039186
3,json_l_comf_08,118,1.18,165.30111632424254,74.54128719368384,103.71545026348852,135.44143702794457,0.39,0.78,153.84615384615384,75.68288826272965,51.776649746192895,4.170805835938214,-1,-0.1027334368804339
3,json_l_comf_11,120,1.2,115.36166056054812,80.43232901943796,92.92087161912552,137.7789688854794,,,,35.67967700749137,,4.109521455604368,1,0.028421363339888095
3,json_l_fast_01,112,1.12,56.18423714226485,74.479896400678,53.35645970248717,61.94174898713696,0.6,1.2,100.0,28.00410298117543,,10.862486299678718,1,0.0539712764583643
3,json_l_fast_02,112,1.12,44.66945100327874,70.49187685624736,24.99981700528778,76.47054360125313,0.505,1.01,118.81188118811882,44.845654931083885,9.90099009900991,10.862923793968108,1,0.033915429068465286
3,json_l_fast_03,112,1.12,38.89272636977228,67.94782614552669,26.040950272939085,78.82613947793854,0.615,1.23,97.5609756097561,54.38964717370567,8.130081300813014,9.438968531552062,1,0.009209758539542368
3,json_l_fast_04,111,1.11,44.6185107784749,62.87885355475652,35.06050446278877,83.41832819388758,0.545,1.09,110.09174311926604,33.97356370464363,1.8348623853211024,9.750264101711268,1,0.0384851039653713
3,json_l_fast_05,111,1.11,41.25147744169033,75.50956942611558,48.171703560197216,78.94847679415969,0.565,1.13,106.19469026548674,58.680686587559386,5.309734513274321,9.484927064630156,1,0.023486918283526947
3,json_l_fast_06,111,1.11,170.6318186821354,56.99430736429578,57.61792141596993,65.89189442147703,0.3,0.6,200.0,99.84575434426172,,4.381860499069708,-1,-0.13705885100036785
3,json_l_fast_07,108,1.08,155.8434037048412,49.31257958779109,41.091823825309135,68.39874355852044,0.57,1.14,105.26315789473684,103.85348982495498,,5.922087174426137,-1,-0.06145432352170621
3,json_l_fast_08,112,1.12,170.72977781291843,58.92803902222396,57.68677429506593,72.30312715140457,0.62,1.24,96.7741935483871,97.36375650644648,,4.360597354030389,-1,-0.06504225868016356
3,json_l_fast_09,113,1.13,165.6188194867534,53.1948922000292,50.264016098985294,65.54926643088353,0.6000000000000001,1.2000000000000002,100.0,102.75766214107426,13.333333333333323,4.305079334933528,-1,-0.06686042017199945
3,json_l_fast_10,112,1.12,159.34417668653722,55.69298929326153,68.26534277506067,94.859578801218,0.63,1.26,95.23809523809524,96.40304448860992,3.174603174603177,4.116523594084815,-1,-0.05344356859554267
3,json_l_slow_01,131,1.31,51.92594299775939,64.5736407232103,44.386373204923984,88.23663471743686,0.365,0.73,164.38356164383563,21.71286337939824,5.633802816901413,4.483512395714255,1,0.05905240586025551
3,json_l_slow_02,130,1.3,113.19715574735062,62.10242629369317,83.36125651333296,83.00500519391797,0.73,1.46,82.19178082191782,58.29418285971085,13.698630136986298,4.638407874327417,-1,-0.021354748408289992
3,json_l_slow_03,131,1.31,59.35272172557703,68.75230399339509,65.91778971636849,97.10832054087872,0.515,1.03,116.50485436893204,14.674806417725112,17.47572815533982,4.341465951401148,1,0.11236644128675344
3,json_l_slow_04,130,1.3,112.0390598096266,62.03879498688946,97.1819614263999,82.27570955160193,0.77,1.54,77.92207792207792,57.44586510579843,0.0,11.433190630618718,-1,-0.08541723773159526
3,json_l_slow_05,129,1.29,121.27166597160983,73.41354471746197,82.77486144450096,77.6509558759951,0.74,1.48,81.08108108108108,49.16461921761607,,14.078900898558398,-1,-0.06673798393263264
3,json_l_slow_06,124,1.24,123.35635301510872,74.05773957317517,89.37408030858948,80.38225198454396,0.405,0.81,148.14814814814815,49.944371038138655,7.4074074074074,12.616441302793444,-1,-0.004376498202588119
3,json_l_slow_07,129,1.29,116.81602875747996,74.40093888917882,83.58408434753115,77.26394285900447,0.72,1.44,83.33333333333334,44.3633118862946,,10.909971751776212,-1,-0.031372048758799065
3,json_l_slow_09,130,1.3,66.46602445092935,71.3882631840916,74.30928046117256,113.38330605120208,0.43,0.86,139.53488372093022,7.141219642285226,1.2909570053780888e-14,1.7901574941018974,1,0.07562860331111115
3,json_l_slow_10,127,1.27,163.31565048569297,70.98209803674641,120.27504472493304,120.90245589920896,0.45,0.9,133.33333333333334,78.81727676107269,19.780219780219788,3.1860861621513594,-1,-0.07838293696862342
3,json_l_slow_11,130,1.3,70.90359639133277,72.9614252224425,65.96361797117189,111.54162292520974,0.44,0.88,136.36363636363637,2.860777147949479,9.523809523809518,2.451558911166443,1,0.0770106482377701
3,json_l_slow_12,129,1.29,114.43105351735868,83.01505173442195,85.61314053076697,107.12491125206088,0.44,0.88,136.36363636363637,31.82235652901381,20.359281437125752,8.814414555563625,1,0.03130784572698775
3,json_r_comf_01,122,1.22,60.39036473479264,70.83880171084476,61.0996562972104,93.87909130316568,0.395,0.79,151.89873417721518,15.92395541181839,43.0379746835443,1.7312315102445766,1,0.06950828976464707
3,json_r_comf_02,122,1.22,57.17337632104929,76.17201792393277,72.06907230014464,91.02094118577124,0.57,1.14,105.26315789473684,28.495384801936524,0.0,5.93358964297397,1,0.07274056816712621
3,json_r_comf_03,121,1.21,58.42137952854248,68.45301631140464,72.31218244032635,91.44117052921602,,,,15.813492890271004,,7.805209087434649,1,0.11468888034707497
3,json_r_comf_04,122,1.22,59.11481768798474,64.7344664299257,73.4580395241854,93.12252217348215,0.36,0.72,166.66666666666669,9.074979773949746,22.222222222222225,3.2202618061149035,1,0.08181211277683248
3,json_r_comf_05,121,1.21,80.92986257483224,68.24386695552887,64.03513395710971,62.92140979344947,0.695,1.39,86.33093525179856,17.008350812495316,1.4388489208633108,10.925331314759246,1,0.009347639874296876
3,json_r_comf_06,121,1.21,95.92166925303566,76.63916901434519,71.61515535881578,70.04344424576283,0.385,0.77,155.84415584415584,22.34863997219633,65.38461538461537,1.7535613792248372,1,0.02923328404465747
3,json_r_comf_07,122,1.22,98.02044107787552,76.101017431633,57.11838402388511,70.03352889239247,0.365,0.73,164.38356164383563,25.17716522004156,5.555555555555561,6.126716598135372,1,0.03821069444404612
3,json_r_comf_08,119,1.19,97.26930875967103,76.97212359031782,55.521125311425806,65.62842806110022,0.7,1.4,85.71428571428572,23.297771254064788,,7.308758233421488,1,0.009338764561922674
3,json_r_comf_09,121,1.21,99.60274793031655,75.26619957191576,58.76487772156474,70.54055628551158,0.7,1.4,85.71428571428572,27.834042242508627,0.0,4.221721118223401,1,0.0076388603705317415
3,json_r_comf_10,121,1.21,96.36553697817034,78.94001054946837,70.56831542487195,75.77227350081395,0.35,0.7,171.42857142857144,19.880176839189485,14.569536423841074,3.407752392401403,1,0.05451675384906812
3,json_r_fast_01,112,1.12,50.7326979021757,62.31246607719503,47.750392917401,87.10472108150786,0.42,0.84,142.85714285714286,20.48697665144257,0.0,4.487154775103125,1,0.07817320370925568
3,json_r_fast_02,111,1.11,169.88354119906413,75.4719073676344,103.68196033062505,101.30915385163216,0.53,1.06,113.20754716981132,76.95906847225726,3.773584905660381,1.6503696642240977,-1,-0.04573075346154465
3,json_r_fast_03,112,1.12,61.71120202213668,45.99495024227582,64.47208531223686,65.77284770377956,0.36,0.72,166.66666666666669,29.183572988993884,,14.331579429500628,1,0.020369215063280877
3,json_r_fast_04,113,1.13,58.61522557935472,51.058351940792704,73.1298126983729,60.9122902149763,0.52,1.04,115.3846153846154,13.780664056798525,9.045226130653274,2.6088235049662347,1,0.11794352442048739
3,json_r_fast_05,112,1.12,96.52201359180457,71.43066960419492,68.91559975165171,62.31172387959503,0.395,0.79,151.89873417721518,29.879062971954102,24.20382165605095,3.648566752773095,1,0.05417940769406443
3,json_r_fast_06,110,1.1,97.59256304792676,69.51795794446537,54.967303183520826,67.08569227507566,0.31,0.62,193.5483870967742,33.60004497232048,0.0,2.5203293470251844,-1,-0.02581394036061957
3,json_r_fast_07,111,1.11,54.94085827363651,51.133174134160924,62.960540558307486,80.90789455500766,0.41,0.82,146.34146341463415,7.179295541131295,,2.551270406246056,1,0.10574361692055234
3,json_r_fast_08,112,1.12,53.772573481459546,53.55228847189642,78.21460146722873,69.64051915910889,0.535,1.07,112.14953271028035,0.4105013611084166,1.8691588785046744,1.7269469178348356,1,0.10385453272442552
3,json_r_fast_09,110,1.1,59.4424756017485,57.05002065193945,51.46405574854673,70.65463021982632,0.51,1.02,117.6470588235294,4.1074833602998,,3.498444932504039,1,0.1203781491290542
3,json_r_fast_10,109,1.09,54.695713851610506,55.70846279925962,69.23227418656971,81.98667293607778,0.6200000000000001,1.2400000000000002,96.77419354838707,1.834620715213917,19.354838709677416,4.341266917000579,1,0.10491255427563523
3,json_r_slow_01,127,1.27,48.62786933265952,52.70292523741122,92.06108162541268,55.73589026170884,0.38,0.76,157.89473684210526,8.04307500408237,22.22222222222221,2.629053343373733,1,0.079032825432445
3,json_r_slow_02,128,1.28,62.7089079603164,93.1233357726164,77.84984198553876,112.71079140832232,0.47,0.94,127.65957446808513,39.034832694092,68.08510638297874,2.1315149736659,1,0.010522373717173072
3,json_r_slow_03,128,1.28,158.15749469966235,70.92866396945804,86.71182054786296,79.40614442510122,0.5,1.0,120.0,76.15373293346185,8.163265306122456,7.730393600758472,-1,-0.013815864362552555
3,json_r_slow_04,132,1.32,155.41480454198896,78.4429709302183,84.38491911264195,94.79081389327251,0.445,0.89,134.8314606741573,65.82790198559667,13.186813186813174,3.4085770481888016,-1,-0.02163172133629976
3,json_r_slow_05,131,1.31,163.30225129070624,72.44074949675348,82.57549833422976,88.4753552581314,0.38,0.76,157.89473684210526,77.08521694425305,0.0,3.506723493660075,-1,-0.05225398425652883
3,json_r_slow_06,129,1.29,161.1643043157044,67.69314592864498,71.95539406875037,79.2805543706475,0.38,0.76,157.89473684210526,81.68504742778615,7.792207792207799,2.550510139746101,-1,-0.03690803136226939
3,json_r_slow_07,130,1.3,150.56082101128732,71.76719462655166,86.91869966146845,82.38938588105916,0.35,0.7,171.42857142857144,70.88051963103604,66.66666666666666,2.503503399489547,-1,-0.07095616235992885
3,json_r_slow_08,131,1.31,160.37981891556436,67.87685746025758,69.94955700580607,68.32142237929254,0.395,0.79,151.89873417721518,81.05170277955132,7.594936708860751,2.5234551063599766,-1,-0.03395745088454227
3,json_r_slow_09,128,1.28,54.648506931662325,78.08205760726061,67.14643389815987,94.31141882021612,0.375,0.75,160.0,35.30995405165545,29.33333333333333,0.8658875354332645,1,0.05408412905209936
3,json_r_slow_10,130,1.3,50.31790700632132,80.32912138288278,59.2387773139213,103.8811727080155,0.3,0.6,200.0,45.94243703294427,,1.6778418105338897,-1,-0.02823594744862945
2,json_l_comf_01,107,1.07,120.20465164993172,108.14251494587812,115.48835748919026,119.28730692114944,0.38,0.76,157.89473684210526,10.564735165209555,9.271523178807955,0.8439476413597106,-1,-0.04232775819479939
2,json_l_comf_02,108,1.08,178.22928672154833,69.7592825710962,69.58423623824747,100.4310306542822,0.54,1.08,111.1111111111111,87.47984188130032,,10.105075807350214,-1,-0.04666955404295936
2,json_l_comf_04,107,1.07,84.23039405619392,55.42277377731919,73.26749721443724,82.5405943157073,,,,41.25594961543242,,3.634063794513824,1,0.10497137730665312
2,json_l_comf_05,108,1.08,67.67937630537918,63.13040426691279,75.89464961667807,76.34610916208888,,,,6.95509467039034,,0.8992284194786544,1,0.12177581516442232
2,json_l_comf_06,109,1.09,79.55604792388151,83.56299683457,86.89895704941974,71.65206783846777,,,,4.912913653487889,,1.7887069050969242,1,0.09878480479623902
2,json_l_comf_07,110,1.1,53.5181164955641,103.05311828453692,62.000523216028185,62.39498205107938,0.74,1.48,81.08108108108108,63.27471563795617,,0.0576261233344624,-1,-0.05364905578843249
2,json_l_comf_08,108,1.08,63.73390605937914,70.34321780452004,73.18852484955079,83.91566599913914,,,,9.858970053459634,,3.905275198955172,1,0.1265841878054063
2,json_l_comf_09,109,1.09,91.47149586894687,68.34702512219845,90.83837894738367,79.57695684806387,0.56,1.12,107.14285714285714,28.93841164758324,,1.9660274855807027,1,0.07951570340292086
2,json_l_comf_10,109,1.09,76.93426541277105,64.85574191787119,78.38553502270456,91.322214704666,,,,17.037199901871475,,2.1438032228115587,1,0.11948238021488011
2,json_l_comf_11,110,1.1,74.49857582462687,64.61195616284724,89.63040301639153,87.52494862033471,0.595,1.19,100.8403361344538,14.2140491025796,8.403361344537823,0.8667176562636766,1,0.08515631551778086
2,json_l_fast_01,103,1.03,63.13667040787749,29.64471583332292,56.296587869825146,70.44748470211687,0.57,1.14,105.26315789473684,72.1954174892079,,9.444586663541294,1,0.03227086156556552
2,json_l_fast_02,106,1.06,73.09741611124855,37.231752428667136,64.91020377089885,70.52192289626508,,,,65.01574181555746,,7.901011907473577,1,0.06080767067215004
2,json_l_fast_03,105,1.05,59.12921941743548,11.547933861432767,52.22596110543888,43.0125726733426,,,,134.64403516158322,,8.35627734133555,-1,-0.0502311095606397
2,json_l_fast_04,102,1.02,54.09817311579876,47.61042382227404,63.17426167768883,50.27615608813025,0.71,1.42,84.50704225352113,12.75752392391157,,12.435364157961788,1,0.019033267547126698
2,json_l_fast_05,104,1.04,54.74730167303325,29.858368775181876,57.5224848148393,57.05788077188805,0.72,1.44,83.33333333333334,58.83514134690353,,10.527871041133524,-1,-0.01727038639626499
2,json_l_fast_06,104,1.04,55.25617399297322,22.14489044959285,58.6459159324437,45.25508969537859,0.56,1.12,107.14285714285714,85.55769557394122,,10.506166247725844,-1,-0.0015237568347165054
2,json_l_fast_07,103,1.03,54.05080094796234,12.83042765797464,52.07887054113833,47.34264664752705,,,,123.26440213249496,,10.483103519750058,-1,-0.057544482675498165
2,json_l_fast_08,107,1.07,58.21939708042858,32.11569844704948,58.01612642518744,53.25433409087278,,,,57.7930393076053,,10.521748093880817,1,0.05086179772375704
2,json_l_fast_09,96,0.96,61.18784356879111,58.91421192499374,81.28129047408315,51.9845141266802,,,,3.7861660809211215,,10.514861279735758,1,0.09326139579761844
2,json_l_fast_10,106,1.06,81.76291638555925,95.34609782496702,71.42141022951357,109.84177593533578,0.625,1.25,96.0,15.338780468013544,11.20000000000001,9.458615550885122,1,0.04285470153053467
2,json_l_fast_11,104,1.04,87.91972609597182,85.9124536761408,79.92273240085011,108.2755880281852,0.49,0.98,122.44897959183672,2.3094370932499184,0.0,11.30348132853515,1,0.053006196260512284
2,json_l_slow_01,121,1.21,88.41037549417203,82.1144285309918,71.87795821376044,101.79900119388196,0.6,1.2,100.0,7.384200790227742,,15.907523647248146,1,0.03475497770432523
2,json_l_slow_02,117,1.17,99.20128588924048,90.4267480844773,104.16195315011848,115.84185766580936,0.475,0.95,126.31578947368422,9.254473213574856,10.52631578947368,2.527172215401834,1,0.046782840190769726
2,json_l_slow_03,124,1.24,100.67727647668993,84.40803103767772,81.65024842978217,105.03016763734108,0.625,1.25,96.0,17.58026680507772,4.800000000000004,4.174622670106501,1,0.05599020472454708
2,json_l_slow_04,121,1.21,43.180193003447016,73.73719641389181,75.60970397790308,95.8606484508444,0.735,1.47,81.63265306122449,52.271101095784815,12.244897959183684,4.251789688962476,-1,-0.0038801384779646453
2,json_l_slow_05,123,1.23,75.56495990082796,91.1720450492984,105.02264455968404,112.02246427951752,0.72,1.44,83.33333333333334,18.72060152830352,0.0,4.209185962837246,-1,-0.02976213840110642
2,json_l_slow_06,123,1.23,78.11977428930987,87.16123240741118,86.59178374464909,105.48945802268553,0.665,1.33,90.22556390977444,10.940710368120808,7.518796992481193,4.180002608178512,1,0.04701234997228371
2,json_l_slow_07,129,1.29,79.34167566569657,85.10045664534594,92.38699429034996,108.51433081978702,0.39,0.78,153.84615384615384,7.004021291522335,0.0,4.370591331040414,1,0.05409362907960702
2,json_l_slow_08,125,1.25,79.675540754666,86.48744604574122,78.79641046186133,99.4334514182308,0.685,1.37,87.5912408759124,8.19906457177204,1.4598540145985253,4.377869029251593,1,0.02341893572067194
2,json_l_slow_09,125,1.25,78.66454316092303,85.1552456267555,86.95072381136502,103.50434219635572,0.655,1.31,91.6030534351145,7.924198308233516,1.5267175572519098,4.389072625328829,1,0.04556715430210467
2,json_l_slow_10,125,1.25,95.74169353162075,39.23070765821231,90.68554388499328,79.53285997152099,,,,83.73709791815602,,4.059161455967414,1,0.03119887997576143
2,json_r_comf_01,115,1.15,94.53777642372522,84.15598848178152,88.29756969002564,91.61986204067432,0.51,1.02,117.6470588235294,11.61964207025756,,10.862865482701254,1,0.07351346675963333
2,json_r_comf_02,104,1.04,98.4735225971151,24.573090846102232,67.87853970299527,37.59553384521278,0.525,1.05,114.28571428571428,120.11778249405609,1.9047619047619064,1.8982949099006952,-1,-0.046933944654233395
2,json_r_comf_03,114,1.14,91.09949931221352,54.85403070878597,85.50247257838596,66.9052660937302,0.66,1.32,90.9090909090909,49.66713528369285,0.0,5.50457473152832,1,0.03430819912488475
2,json_r_comf_06,110,1.1,81.91088843600843,98.99938950783503,68.49332767611747,76.28301295161106,0.51,1.02,117.6470588235294,18.89168627238644,0.0,6.113668460160625,1,0.05271300436420995
2,json_r_comf_07,110,1.1,80.67168050157832,86.03489729643661,79.8598075733563,91.3476273585859,0.62,1.24,96.7741935483871,6.434319348042128,0.0,5.580924803421691,1,0.05741888017477159
2,json_r_comf_08,112,1.12,159.65582145049146,63.07609511145286,83.06303039567706,84.78841188373268,0.6,1.2,100.0,86.7228440627894,0.0,3.11086174369909,-1,-0.043003715225110706
2,json_r_comf_09,112,1.12,159.17536587823682,60.78707133053226,69.41723698144571,85.27986675322298,0.565,1.13,106.19469026548674,89.45917839082954,8.849557522123883,0.1165216024981014,-1,-0.03437120512210767
2,json_r_comf_10,112,1.12,46.69343049629602,67.15009152434261,51.657144496087,80.92907050478303,0.4,0.8,150.0,35.93820827914656,3.6809815950920144,1.9289684362655823,1,0.0692114872999951
2,json_r_comf_11,111,1.11,148.0308285806779,87.9793699845201,81.18463500059369,105.7096236001438,0.72,1.44,83.33333333333334,50.88886748219784,0.0,2.103491259396033,-1,-0.06933950685774437
2,json_r_comf_12,112,1.12,54.21596288652374,105.44244739641262,100.01754668493896,93.63939379136464,0.375,0.75,160.0,64.17010468676044,13.664596273291938,2.097720646876548,-1,-0.0036902437257145815
2,json_r_fast_02,103,1.03,103.08959712642886,74.83951887354418,70.781433017023,75.38395388187384,0.31,0.62,193.5483870967742,31.75430630801196,,7.824921428360984,-1,-0.014482366663696733
2,json_r_fast_03,105,1.05,110.04688198076892,86.55112811663581,67.24665245923701,86.39496125490439,,,,23.90233131300984,,2.201440264991142,1,0.06894409254471445
2,json_r_fast_04,105,1.05,103.92541987052778,90.66240853619188,62.79620341763906,88.86665133951307,,,,13.631902306462957,,6.226912260439235,1,0.07177619349963799
2,json_r_fast_05,105,1.05,103.53435130094488,85.40804794960424,63.51600961205585,95.6371964600998,,,,19.18712096727857,,6.004882431332841,1,0.0798090470629444
2,json_r_fast_06,107,1.07,102.7072301514051,84.30902403178882,66.79217748353952,89.84937600699332,,,,19.67551558549997,,6.156349709203789,1,0.08711947648648055
2,json_r_fast_07,105,1.05,89.92374494815519,64.22044214455877,62.15904004455759,81.75590473885143,,,,33.349688091885696,,9.853068865665191,1,0.08466273189484363
2,json_r_fast_08,106,1.06,95.467925390694,68.4222976733607,67.2005698486328,85.16327779560385,,,,33.0045651432945,,8.164228936290504,1,0.09427053309464534
2,json_r_fast_09,105,1.05,102.53083203059384,67.25725678459995,70.42650522450552,85.29011960829641,0.63,1.26,95.23809523809524,41.55011755198857,0.0,8.159919100692486,1,0.04111780958318478
2,json_r_fast_10,106,1.06,49.512842468174895,82.01597626167097,78.36357587676243,88.70456386273719,0.53,1.06,113.20754716981132,49.42359265045332,0.0,6.454402620528823,1,0.05759294263106496
2,json_r_fast_11,106,1.06,50.447373145865285,79.85011957698194,85.98699026917117,88.09812645236153,0.64,1.28,93.75,45.13171484221659,0.0,8.399394673529414,1,0.0334044550494515
2,json_r_fast_12,105,1.05,53.270926171664186,80.41976154846732,73.679797764078,90.5983760523386,0.525,1.05,114.28571428571428,40.6144000599901,5.714285714285719,8.3868034504878,1,0.069322201769072
2,json_r_slow_01,120,1.2,86.30731251178783,85.42026089510819,69.14488737542392,85.66138376690216,0.75,1.5,80.0,1.0330916568393331,0.0,7.879982384855007,-1,-0.02817492320757642
2,json_r_slow_02,126,1.26,71.5068779593575,35.10597158705514,75.77071637570018,57.077053510892725,0.715,1.43,83.91608391608392,68.28615223619111,6.993006993006999,9.543545280443738,-1,-0.018403212139614156
2,json_r_slow_03,120,1.2,88.50653884903475,73.09963758393667,103.37166771018389,101.01390387047,0.32,0.64,187.5,19.06721835163067,70.70707070707071,6.43769844451527,-1,-0.03353274427944053
2,json_r_slow_04,121,1.21,92.43124400542752,100.7383769145127,73.29371541484076,98.6831862643328,0.565,1.13,106.19469026548674,8.60086888354778,1.7699115044247606,5.877564566957329,1,0.0404034086515625
2,json_r_slow_05,127,1.27,83.86026089783077,101.03014526941654,80.13714867407786,97.3328300233652,0.705,1.41,85.1063829787234,18.573039810464056,4.255319148936175,5.879380763144793,-1,-0.008503338664177185
2,json_r_slow_06,132,1.32,63.17847284119664,95.54508354968289,79.20536789800315,70.98891661842042,0.62,1.24,96.7741935483871,40.78362587690364,0.0,5.897299526558899,1,0.03195096016521237
2,json_r_slow_07,123,1.23,59.85007429445987,90.63413799641668,81.48624461180873,93.89273467265278,0.4399999999999999,0.8799999999999999,136.36363636363637,40.91334663393544,13.636363636363638,6.139288896898012,1,0.061069780170452836
2,json_r_slow_08,129,1.29,70.69423217710101,101.7754720985482,94.1780509604954,96.62821696719784,0.375,0.75,160.0,36.04255025772142,41.75824175824177,6.159744597717572,1,0.010615331042944043
2,json_r_slow_09,122,1.22,92.81027770918465,73.26930151637342,100.06303370386232,105.443558711218,0.43,0.8600000000000001,139.53488372093022,23.532063705763587,0.0,7.370639350491105,1,0.050737545515490146
2,json_r_slow_10,122,1.22,89.58107464318454,65.82757222214948,97.53060395775384,106.3599110697569,0.5900000000000001,1.1800000000000002,101.69491525423727,30.56908724212512,10.169491525423718,7.062503204016082,1,0.05808727576007444
1,json_l_comf_01,104,1.04,68.99971238188034,59.34086658226654,41.28023686559956,87.32286988251253,0.505,1.01,118.81188118811882,15.051896878713766,17.821782178217827,2.058219605024669,1,0.0994073943330907
1,json_l_comf_02,105,1.05,25.44025895481775,74.1843865809035,37.275704209662806,88.12386935933658,,,,97.85556046692912,,12.055617297701929,-1,-0.030094177923718712
1,json_l_comf_03,105,1.05,59.21499205158936,66.43486561590483,57.70665015403914,91.10504330115518,0.32,0.64,187.5,11.49205211743468,57.77777777777777,0.0525452608966244,-1,-0.006862993613700241
1,json_l_comf_04,107,1.07,49.97570048971549,72.32612157648248,47.55748813666163,84.06703948104719,0.46,0.92,130.43478260869566,36.54961260457662,,12.496566620226988,1,0.05361868613182169
1,json_l_comf_05,107,1.07,9.689756177963758,73.10482545457,17.45700663256082,80.62568069620873,0.44,0.88,136.36363636363637,153.18652024370536,5.847953216374261,12.456375043882485,-1,-0.09114825053606201
1,json_l_comf_06,105,1.05,70.91523934760687,59.59192379169831,66.92443736820282,89.80141397440752,0.485,0.97,123.71134020618555,17.35278782180239,47.42268041237113,1.8470118766525183,1,0.0992249422086498
1,json_l_comf_07,106,1.06,68.64581453028899,59.48602672957152,58.10549918835801,88.26911796418325,0.345,0.69,173.91304347826087,14.297441932705492,14.492753623188404,1.8586237689749896,1,0.0680656600649186
1,json_l_comf_08,106,1.06,44.64458260730784,69.11457125867685,61.67515424484142,87.28553319737097,0.32,0.64,187.5,43.02069384270591,72.16494845360826,1.868431195798625,-1,-0.0393630620397144
1,json_l_comf_09,105,1.05,64.71184397253508,46.450088445105465,57.61654950146004,64.94121313858588,0.555,1.11,108.1081081081081,32.85613182545145,34.23423423423424,1.892265406583876,1,0.07764370894613393
1,json_l_comf_10,106,1.06,58.08684988418602,68.10142854384075,64.4202655389606,87.37540469840683,0.33,0.66,181.8181818181818,15.872438842038225,2.985074626865658,1.9021100738182255,1,0.04627380759608307
1,json_l_fast_01,102,1.02,58.53943989029895,72.27607352960788,48.58253064480891,95.02377236736976,,,,21.001536102549995,,4.155122874134796,1,0.10319794348940703
1,json_l_fast_02,102,1.02,60.6934877632734,75.02649843118883,30.737307379564555,103.32435696713227,0.485,0.97,123.71134020618555,21.12144433521945,14.432989690721651,4.375518601650088,1,0.05694126315375292
1,json_l_fast_03,102,1.02,69.55106828245408,78.0806134421001,41.05919425257433,106.42607276923462,0.445,0.89,134.8314606741573,11.555168998968844,2.247191011235957,3.832361912384206,1,0.05574737289687964
1,json_l_fast_04,103,1.03,65.67195997934897,76.55278665953591,53.01288794699637,97.48338464931832,,,,15.300890931187746,,5.9355331023088365,1,0.10523452406040301
1,json_l_fast_05,103,1.03,150.5853374490579,64.16793662889366,62.44106686533401,110.58592821377908,0.48,0.96,125.0,80.48063638722107,66.66666666666667,5.61837696118582,-1,-0.061278466336695536
1,json_l_fast_06,102,1.02,102.87732013934615,80.11445146926293,68.88778435629462,100.0586607361483,,,,24.878570735704407,,4.824878330981452,1,0.08681868285160038
1,json_l_fast_07,102,1.02,98.10829110854374,30.51270457471044,88.57432203836484,74.57871530818903,0.51,1.02,117.6470588235294,105.10816865435586,23.52941176470587,2.3946164231128666,-1,-0.01335163277665985
1,json_l_fast_08,105,1.05,110.3059822988143,52.03115084087652,99.02328939001428,106.87415570468964,0.49,0.98,122.44897959183672,71.79482639722656,13.043478260869565,4.72799423895671,1,0.017905885363078133
1,json_l_fast_09,104,1.04,103.64672263619094,66.19742984009923,98.3993859449606,129.67547211752998,0.525,1.05,114.28571428571428,44.09841875635906,5.714285714285719,4.562320065497591,1,0.027226902428350686
1,json_l_fast_10,103,1.03,44.01858486913541,30.253940416658907,49.040266715100245,43.21703194975877,,,,37.06523886056473,,2.5323133286561275,1,0.06889474039485055
1,json_l_fast_11,102,1.02,69.59660595143974,71.04145543257214,76.14806239930617,87.41710126790598,0.655,1.31,91.6030534351145,2.0547061967631026,19.84732824427481,6.771955804409775,1,0.07662930407258811
1,json_l_fast_12,100,1.0,93.5585956426373,77.83071019684769,67.47338328413176,91.92925294778904,0.46,0.92,130.43478260869566,18.35340352042688,,4.754754969151409,1,0.09046679760661114
1,json_l_fast_13,103,1.03,94.27701186406009,95.14861325077842,73.05330203736172,100.92855915626232,0.57,1.14,105.26315789473684,0.9202571048029524,0.0,5.950298296053467,1,0.045490560067165564
1,json_l_fast_14,102,1.02,89.57138281162533,90.11061060508828,69.02573444135419,100.0081462380707,0.33,0.66,181.8181818181818,0.6002023722125338,,6.537178997214275,1,0.02081413806878757
1,json_l_fast_15,102,1.02,48.87813300664499,67.27421220991937,57.639509413487374,89.1363971830499,0.62,1.24,96.7741935483871,31.675777478233712,,11.315870229120945,1,0.06018925480502052
1,json_l_slow_01,114,1.14,80.37389949514136,45.68442076325668,57.682205365980025,103.58008416058505,0.635,1.27,94.48818897637796,55.03719018431654,7.8740157480315025,3.692297629881911,1,0.04693174743781048
1,json_l_slow_02,112,1.12,7.302303366261839,21.32048870692832,17.596889749603918,46.3232929510641,0.31,0.62,193.5483870967742,97.95120828758532,,3.687950003152412,-1,-0.12591470309595565
1,json_l_slow_03,113,1.13,24.233434302992364,66.77912587367685,33.14187526474805,82.20413953811118,0.66,1.32,90.9090909090909,93.49411001755544,34.482758620689665,3.669989213160487,-1,-0.05266444540546822
1,json_l_slow_04,114,1.14,15.07779571116592,23.71082231552711,32.719755681080386,24.798179503356444,0.58,1.16,103.44827586206895,44.51319507397882,0.0,1.9830426592405777,-1,-0.03427599437307671
1,json_l_slow_05,113,1.13,30.84475167060451,72.80662795479135,49.805177613441614,84.9345332089414,0.675,1.35,88.88888888888889,80.96732804877334,4.444444444444431,1.866597520061221,-1,-0.017035831149253555
1,json_l_slow_06,111,1.11,25.995751782360585,70.14314904040867,45.89971174992405,88.13139927483348,0.615,1.23,97.5609756097561,91.84086125434948,11.382113821138224,3.591823581107423,-1,-0.006331325248262298
1,json_l_slow_07,111,1.11,39.354524082905584,73.76696960460394,44.59967406050437,88.91733035219733,0.63,1.26,95.23809523809524,60.84156847638595,0.0,3.599404795387964,1,0.013665481391636147
1,json_l_slow_08,110,1.1,29.661151428646903,30.536849479192867,18.698832298174068,30.086770683300024,0.63,1.26,95.23809523809524,2.9093924626720247,,1.9055948330166657,-1,-0.007322073470546808
1,json_l_slow_09,111,1.11,43.49153467406042,70.89435547984641,43.90924476422005,92.72965875982943,0.63,1.26,95.23809523809524,47.912938857957656,3.174603174603177,1.926345094050064,1,0.034393699931232646
1,json_l_slow_10,112,1.12,71.76500681926484,70.93291856676373,66.97685035865732,104.03615689287284,0.565,1.13,106.19469026548674,1.1662233354130846,5.309734513274321,5.651298518165564,1,0.08541310857733758
1,json_r_comf_01,108,1.08,67.66626727518637,71.81517827442165,58.36439704689589,100.71044895647417,0.395,0.79,151.89873417721518,5.949050761392749,16.27906976744185,3.5351479351763144,1,0.07740054679495412
1,json_r_comf_02,106,1.06,106.11888701918838,72.0895335653961,60.73784401551006,97.80971387343568,0.53,1.06,113.20754716981132,38.190511247632834,15.0943396226415,22.224549152178056,-1,-0.025262783306176373
1,json_r_comf_03,105,1.05,101.23963838695629,76.65686559679868,81.8192595818388,104.29712612011144,0.61,1.22,98.36065573770492,27.637162327149987,13.114754098360669,5.257528258052336,1,0.06928945417374888
1,json_r_comf_04,105,1.05,118.74911795638832,77.20593003386638,69.613789823746,103.08308353820034,0.49,0.98,122.44897959183672,42.40073256452979,34.554973821989535,5.752041335935964,1,0.029699389539001586
1,json_r_comf_05,105,1.05,109.63355410019548,73.25985836897436,62.10346699766147,102.7375211589774,0.345,0.69,173.91304347826087,39.77584019036507,11.267605633802829,3.5955964028365752,1,0.011025833756849346
1,json_r_comf_06,105,1.05,93.67314212857006,73.81685059319175,71.5069924001767,108.38327906626144,0.66,1.32,90.9090909090909,23.710421396177438,6.060606060606066,5.288937349214228,1,0.04283824313140566
1,json_r_comf_07,106,1.06,98.9019828192578,73.40137302633333,69.39270562625244,110.23207520911632,0.35,0.7,171.42857142857144,29.59966701493234,0.0,4.499213484737156,1,0.024884407848489
1,json_r_comf_08,107,1.07,100.4010350301055,74.42344903978751,72.92251009992516,100.3237397036622,0.42,0.84,142.85714285714286,29.71847579419416,46.80851063829787,6.677587151844221,1,0.03403997877067172
1,json_r_comf_09,106,1.06,98.4627692356378,77.50700849227134,76.00001289826167,105.51881167863756,0.665,1.33,90.22556390977444,23.81745435374593,31.578947368421044,3.593485705608352,1,0.0278621337430357
1,json_r_comf_10,106,1.06,104.19152131787328,74.43926574113851,65.86450080772823,108.53229063211224,0.5900000000000001,1.1800000000000002,101.69491525423727,33.31145326802587,13.559322033898296,5.289650780322509,1,0.046778753822372954
1,json_r_fast_01,101,1.01,60.21791849484859,67.46790319317675,59.40389012449991,98.07357267483728,0.4649999999999999,0.93,129.03225806451613,11.355974535750796,45.16129032258064,3.862161128440672,1,0.09303804766121532
1,json_r_fast_02,100,1.0,44.800214478514775,69.0761936356121,60.18177061422986,92.38160673488008,0.665,1.33,90.22556390977444,42.63566011454796,4.5112781954887256,1.942850339957709,1,0.044538673876864665
1,json_r_fast_03,101,1.01,64.6961562328522,67.97283588823754,49.22415798683022,107.69569765076275,0.595,1.19,100.8403361344538,4.939631488863115,38.655462184873954,2.0347234869484305,1,0.05389334739689933
1,json_r_fast_04,100,1.0,57.19695016894012,72.31113132150482,57.73714231488599,98.63941972914864,0.6950000000000001,1.39,86.33093525179855,23.340908117274235,4.316546762589915,2.0454338144482582,1,0.032821551451014286
1,json_r_fast_05,101,1.01,54.21840916065136,68.63622912322393,56.36865360970097,107.95626536736664,0.42,0.84,142.85714285714286,23.4713481948608,66.66666666666666,2.050445780178761,1,0.027178130181667315
1,json_r_fast_06,101,1.01,60.36880075438478,70.49366817613765,72.34985327503394,104.16268192915312,0.61,1.22,98.36065573770492,15.474058382817717,3.2786885245901667,2.0450777030014526,1,0.08360974544650057
1,json_r_fast_07,102,1.02,65.77610532153892,70.86258450384891,58.59082911622227,108.75491368992374,0.64,1.28,93.75,7.4451521583089795,0.0,2.039159145920824,1,0.05855829777082844
1,json_r_fast_08,102,1.02,69.92493699294974,72.64710125795241,62.73143754252872,102.67523108627807,0.63,1.26,95.23809523809524,3.818650975883695,12.698412698412708,3.612743875636302,1,0.07437814759075478
1,json_r_fast_09,101,1.01,69.05647763021449,70.35796295652008,72.52614967104375,112.15621321759689,0.525,1.05,114.28571428571428,1.8670739140482315,32.38095238095238,3.757248920136848,1,0.0869181013945125
1,json_r_fast_10,103,1.03,68.57874237484589,71.89398395865001,67.5045269300202,108.67838456543552,0.39,0.78,153.84615384615384,4.72012136495937,14.012738853503183,3.6356695885080272,1,0.07503131432884597
1,json_r_slow_01,111,1.11,65.06831383329974,65.0232871943804,59.64842149377981,98.40102515191104,0.495,0.99,121.21212121212122,0.0692229760624719,2.0000000000000018,1.8788812506797772,1,0.0986506742987851
1,json_r_slow_02,111,1.11,91.7580351550101,74.12434235306087,56.64988251932627,92.78119656428542,0.41,0.8200000000000001,146.34146341463415,21.260477534560625,4.761904761904753,6.21722218275646,1,0.06073311894013156
1,json_r_slow_03,113,1.13,58.191376503398615,65.96920896200913,67.0461302856528,96.6317791037633,0.33,0.66,181.8181818181818,12.52866588773857,34.999999999999986,3.848311427568713,1,0.0380319340752992
1,json_r_slow_04,113,1.13,65.2711430628478,66.68923956072604,49.80613344630558,96.25791977114952,0.48,0.96,125.0,2.1492761231580504,15.730337078651674,3.821673048343215,1,0.10271944478235928
1,json_r_slow_05,112,1.12,58.29061936298022,62.262983050129066,45.92435449700129,96.841017681378,0.59,1.18,101.69491525423727,6.590203208588444,0.0,3.858479590713266,1,0.07065512793989193
1,json_r_slow_06,109,1.09,62.39049921263576,53.205369005628185,56.26011741061683,93.75333760870512,0.42,0.84,142.85714285714286,15.891796737344526,66.66666666666667,3.858503463288064,1,0.05205128808337495
1,json_r_slow_07,114,1.14,67.75998881938627,67.79348858865251,69.16692207764015,105.98057790583472,0.625,1.25,96.0,0.0494266468213171,4.800000000000004,5.504656709743603,1,0.07485330918081273
1,json_r_slow_08,111,1.11,121.96083293827212,63.28801583025191,65.74314771473932,97.92694426178817,0.485,0.97,123.71134020618555,63.34486556657018,7.486631016042788,4.9672082640744994,1,0.021037559376620107
1,json_r_slow_09,103,1.03,66.31816213875379,66.02525979327133,62.20199466570736,96.6697628369774,0.5549999999999999,1.11,108.10810810810813,0.4426398247929573,16.21621621621621,19.878240471490404,1,0.016631729814529483
1,json_r_slow_10,113,1.13,66.96474106300722,60.284103528330334,56.54394448510965,88.2618847055935,0.34,0.68,176.47058823529412,10.500115040151291,25.16556291390728,15.719562471802412,1,0.004650632682302813
